dandiset_id	dandi_path	pipeline	version	params	config	attempt	codebase	content_id	asset_size_bytes	has_code	has_been_submitted	has_output	has_logs	dataset_description_path	output_paths	log_paths	created_at	job_completion_time
000114	sub-V110/sub-V110_ses-03032018_ecephys.nwb	aind+ephys	v1.2.4	1cbdbee	7940dfd	1	v0.3.49	508346b7-5ed0-4590-b62e-228b86e72970	35016374893	True	True	False	True	"{""derivatives/dandiset-000114/sub-V110/sub-V110_ses-03032018_ecephys/pipeline-aind+ephys/version-v1.2.4_codebase-v0.3.49_params-1cbdbee_config-7940dfd_attempt-1/dataset_description.json"": ""1829a8b8-92b6-4388-8c39-ac9cd134a569""}"		"{""derivatives/dandiset-000114/sub-V110/sub-V110_ses-03032018_ecephys/pipeline-aind+ephys/version-v1.2.4_codebase-v0.3.49_params-1cbdbee_config-7940dfd_attempt-1/logs/dag.html"": ""374d93d6-f54a-49e3-9bd4-23cc49c2e489"", ""derivatives/dandiset-000114/sub-V110/sub-V110_ses-03032018_ecephys/pipeline-aind+ephys/version-v1.2.4_codebase-v0.3.49_params-1cbdbee_config-7940dfd_attempt-1/logs/job-18026904_slurm.log"": ""07758916-eef6-45c1-b7c1-0923abc1d4cc"", ""derivatives/dandiset-000114/sub-V110/sub-V110_ses-03032018_ecephys/pipeline-aind+ephys/version-v1.2.4_codebase-v0.3.49_params-1cbdbee_config-7940dfd_attempt-1/logs/nextflow.log"": ""d7ed1ed6-32cb-4a9b-b57b-5caf16f3e5c7"", ""derivatives/dandiset-000114/sub-V110/sub-V110_ses-03032018_ecephys/pipeline-aind+ephys/version-v1.2.4_codebase-v0.3.49_params-1cbdbee_config-7940dfd_attempt-1/logs/report.html"": ""e00282ff-139b-400b-abb6-307c5abaac6b"", ""derivatives/dandiset-000114/sub-V110/sub-V110_ses-03032018_ecephys/pipeline-aind+ephys/version-v1.2.4_codebase-v0.3.49_params-1cbdbee_config-7940dfd_attempt-1/logs/timeline.html"": ""86e9b83b-52a7-48c0-8ec6-3cd6ebf88918"", ""derivatives/dandiset-000114/sub-V110/sub-V110_ses-03032018_ecephys/pipeline-aind+ephys/version-v1.2.4_codebase-v0.3.49_params-1cbdbee_config-7940dfd_attempt-1/logs/trace.txt"": ""86827419-84b5-4e5e-9b65-9716908371e2""}"	2026-09-08T17:09:31.197812-04:00	2026-09-08T17:09:32.844059-04:00
000114	sub-V110/sub-V110_ses-03032018_ecephys.nwb	aind+ephys	v1.2.4	1cbdbee	7940dfd	2	v0.3.49	508346b7-5ed0-4590-b62e-228b86e72970	35016374893	True	True	False	True	"{""derivatives/dandiset-000114/sub-V110/sub-V110_ses-03032018_ecephys/pipeline-aind+ephys/version-v1.2.4_codebase-v0.3.49_params-1cbdbee_config-7940dfd_attempt-2/dataset_description.json"": ""1829a8b8-92b6-4388-8c39-ac9cd134a569""}"		"{""derivatives/dandiset-000114/sub-V110/sub-V110_ses-03032018_ecephys/pipeline-aind+ephys/version-v1.2.4_codebase-v0.3.49_params-1cbdbee_config-7940dfd_attempt-2/logs/dag.html"": ""374d93d6-f54a-49e3-9bd4-23cc49c2e489"", ""derivatives/dandiset-000114/sub-V110/sub-V110_ses-03032018_ecephys/pipeline-aind+ephys/version-v1.2.4_codebase-v0.3.49_params-1cbdbee_config-7940dfd_attempt-2/logs/job-18494320_slurm.log"": ""138ff595-f122-4808-9027-9f7ca87ce977"", ""derivatives/dandiset-000114/sub-V110/sub-V110_ses-03032018_ecephys/pipeline-aind+ephys/version-v1.2.4_codebase-v0.3.49_params-1cbdbee_config-7940dfd_attempt-2/logs/nextflow.log"": ""d8a34f6c-65a3-4c27-9d2a-c06d1c07ea11"", ""derivatives/dandiset-000114/sub-V110/sub-V110_ses-03032018_ecephys/pipeline-aind+ephys/version-v1.2.4_codebase-v0.3.49_params-1cbdbee_config-7940dfd_attempt-2/logs/report.html"": ""02037a08-804a-4754-b82e-cd2dcd2a3d29"", ""derivatives/dandiset-000114/sub-V110/sub-V110_ses-03032018_ecephys/pipeline-aind+ephys/version-v1.2.4_codebase-v0.3.49_params-1cbdbee_config-7940dfd_attempt-2/logs/timeline.html"": ""eab8b541-a6e1-4983-b8c4-a0dd32fd735f"", ""derivatives/dandiset-000114/sub-V110/sub-V110_ses-03032018_ecephys/pipeline-aind+ephys/version-v1.2.4_codebase-v0.3.49_params-1cbdbee_config-7940dfd_attempt-2/logs/trace.txt"": ""a640b174-c3a8-4998-ad5c-bf299636731b""}"	2026-09-08T17:09:47.499210-04:00	2026-09-08T17:09:48.808204-04:00
000114	sub-V111/sub-V111_ses-03032018_ecephys.nwb	aind+ephys	v1.2.2	1cbdbee	7940dfd	1	v0.3.28	cf652220-5119-47b0-99d9-c87deac4e888	12633793404	True	True	False	True	"{""derivatives/dandiset-000114/sub-V111/sub-V111_ses-03032018_ecephys/pipeline-aind+ephys/version-v1.2.2_codebase-v0.3.28_params-1cbdbee_config-7940dfd_attempt-1/dataset_description.json"": ""e903b13d-3821-4e87-96b8-20f08f7a619d""}"		"{""derivatives/dandiset-000114/sub-V111/sub-V111_ses-03032018_ecephys/pipeline-aind+ephys/version-v1.2.2_codebase-v0.3.28_params-1cbdbee_config-7940dfd_attempt-1/logs/job-15641056_slurm.log"": ""d94be9df-a200-4577-a630-c6f97279fc84"", ""derivatives/dandiset-000114/sub-V111/sub-V111_ses-03032018_ecephys/pipeline-aind+ephys/version-v1.2.2_codebase-v0.3.28_params-1cbdbee_config-7940dfd_attempt-1/logs/nextflow.log"": ""1af3c5b7-2a3d-4258-9dd7-bd761f34ceb9""}"	2026-06-21T15:33:32.685540-04:00	2026-06-21T15:33:33.156113-04:00
000114	sub-V111/sub-V111_ses-03052018_ecephys.nwb	aind+ephys	v1.2.4	1cbdbee	7940dfd	1	v0.3.49	1f7a5854-dbef-42bb-a77c-931d6b7e96c0	30285180895	True	True	False	True	"{""derivatives/dandiset-000114/sub-V111/sub-V111_ses-03052018_ecephys/pipeline-aind+ephys/version-v1.2.4_codebase-v0.3.49_params-1cbdbee_config-7940dfd_attempt-1/dataset_description.json"": ""1829a8b8-92b6-4388-8c39-ac9cd134a569""}"		"{""derivatives/dandiset-000114/sub-V111/sub-V111_ses-03052018_ecephys/pipeline-aind+ephys/version-v1.2.4_codebase-v0.3.49_params-1cbdbee_config-7940dfd_attempt-1/logs/dag.html"": ""374d93d6-f54a-49e3-9bd4-23cc49c2e489"", ""derivatives/dandiset-000114/sub-V111/sub-V111_ses-03052018_ecephys/pipeline-aind+ephys/version-v1.2.4_codebase-v0.3.49_params-1cbdbee_config-7940dfd_attempt-1/logs/job-18458767_slurm.log"": ""488a7fa4-2a10-4dd4-be06-2b1b692acf9c"", ""derivatives/dandiset-000114/sub-V111/sub-V111_ses-03052018_ecephys/pipeline-aind+ephys/version-v1.2.4_codebase-v0.3.49_params-1cbdbee_config-7940dfd_attempt-1/logs/nextflow.log"": ""6f435b7b-96b9-425d-bae9-4f96bcad24bc"", ""derivatives/dandiset-000114/sub-V111/sub-V111_ses-03052018_ecephys/pipeline-aind+ephys/version-v1.2.4_codebase-v0.3.49_params-1cbdbee_config-7940dfd_attempt-1/logs/report.html"": ""7b3e51f1-f6a1-4373-aa37-504523ceb2cd"", ""derivatives/dandiset-000114/sub-V111/sub-V111_ses-03052018_ecephys/pipeline-aind+ephys/version-v1.2.4_codebase-v0.3.49_params-1cbdbee_config-7940dfd_attempt-1/logs/timeline.html"": ""08abb1fe-e647-4985-af86-54d2c7ab5668"", ""derivatives/dandiset-000114/sub-V111/sub-V111_ses-03052018_ecephys/pipeline-aind+ephys/version-v1.2.4_codebase-v0.3.49_params-1cbdbee_config-7940dfd_attempt-1/logs/trace.txt"": ""3f99b6f5-8242-4296-9a48-b1533cfc84de""}"	2026-09-08T17:10:02.470519-04:00	2026-09-08T17:10:03.813663-04:00
000114	sub-V111/sub-V111_ses-03062018_ecephys.nwb	aind+ephys	v1.2.4	1cbdbee	7940dfd	1	v0.3.49	8c843021-85de-4857-868f-6731fa1f40bd	33727188963	True	True	False	True	"{""derivatives/dandiset-000114/sub-V111/sub-V111_ses-03062018_ecephys/pipeline-aind+ephys/version-v1.2.4_codebase-v0.3.49_params-1cbdbee_config-7940dfd_attempt-1/dataset_description.json"": ""1829a8b8-92b6-4388-8c39-ac9cd134a569""}"		"{""derivatives/dandiset-000114/sub-V111/sub-V111_ses-03062018_ecephys/pipeline-aind+ephys/version-v1.2.4_codebase-v0.3.49_params-1cbdbee_config-7940dfd_attempt-1/logs/dag.html"": ""374d93d6-f54a-49e3-9bd4-23cc49c2e489"", ""derivatives/dandiset-000114/sub-V111/sub-V111_ses-03062018_ecephys/pipeline-aind+ephys/version-v1.2.4_codebase-v0.3.49_params-1cbdbee_config-7940dfd_attempt-1/logs/job-17443889_slurm.log"": ""ece3f19f-cff8-4d7b-8480-f04c8ccbdc8b"", ""derivatives/dandiset-000114/sub-V111/sub-V111_ses-03062018_ecephys/pipeline-aind+ephys/version-v1.2.4_codebase-v0.3.49_params-1cbdbee_config-7940dfd_attempt-1/logs/nextflow.log"": ""d991401c-37c8-4c98-bbe3-9196ee71356a"", ""derivatives/dandiset-000114/sub-V111/sub-V111_ses-03062018_ecephys/pipeline-aind+ephys/version-v1.2.4_codebase-v0.3.49_params-1cbdbee_config-7940dfd_attempt-1/logs/report.html"": ""3273b965-58e8-4866-87df-3bf94836caad"", ""derivatives/dandiset-000114/sub-V111/sub-V111_ses-03062018_ecephys/pipeline-aind+ephys/version-v1.2.4_codebase-v0.3.49_params-1cbdbee_config-7940dfd_attempt-1/logs/timeline.html"": ""ad1b9a1d-0528-4d3f-bce5-0c7bbdbb9e41"", ""derivatives/dandiset-000114/sub-V111/sub-V111_ses-03062018_ecephys/pipeline-aind+ephys/version-v1.2.4_codebase-v0.3.49_params-1cbdbee_config-7940dfd_attempt-1/logs/trace.txt"": ""e63bd313-46d1-4b94-955c-abdb79220514""}"	2026-09-08T17:10:16.576645-04:00	2026-09-08T17:10:17.858779-04:00
000114	sub-V116/sub-V116_ses-03082018_ecephys.nwb	aind+ephys	v1.2.4	1cbdbee	7940dfd	1	v0.3.49	02fa7c00-efc5-4a80-9948-e8b676306bc2	31090210457	True	True	False	True	"{""derivatives/dandiset-000114/sub-V116/sub-V116_ses-03082018_ecephys/pipeline-aind+ephys/version-v1.2.4_codebase-v0.3.49_params-1cbdbee_config-7940dfd_attempt-1/dataset_description.json"": ""1829a8b8-92b6-4388-8c39-ac9cd134a569""}"		"{""derivatives/dandiset-000114/sub-V116/sub-V116_ses-03082018_ecephys/pipeline-aind+ephys/version-v1.2.4_codebase-v0.3.49_params-1cbdbee_config-7940dfd_attempt-1/logs/dag.html"": ""374d93d6-f54a-49e3-9bd4-23cc49c2e489"", ""derivatives/dandiset-000114/sub-V116/sub-V116_ses-03082018_ecephys/pipeline-aind+ephys/version-v1.2.4_codebase-v0.3.49_params-1cbdbee_config-7940dfd_attempt-1/logs/job-17729177_slurm.log"": ""6671f1d6-cddd-431d-96fb-e845d835a583"", ""derivatives/dandiset-000114/sub-V116/sub-V116_ses-03082018_ecephys/pipeline-aind+ephys/version-v1.2.4_codebase-v0.3.49_params-1cbdbee_config-7940dfd_attempt-1/logs/nextflow.log"": ""d22bab37-3a6d-462b-a65a-36c11e12d6f7"", ""derivatives/dandiset-000114/sub-V116/sub-V116_ses-03082018_ecephys/pipeline-aind+ephys/version-v1.2.4_codebase-v0.3.49_params-1cbdbee_config-7940dfd_attempt-1/logs/report.html"": ""5062d7c5-c1f3-4c10-abd8-858cfe7a346b"", ""derivatives/dandiset-000114/sub-V116/sub-V116_ses-03082018_ecephys/pipeline-aind+ephys/version-v1.2.4_codebase-v0.3.49_params-1cbdbee_config-7940dfd_attempt-1/logs/timeline.html"": ""c5bbb66d-98d2-4146-97d8-66232a0424c0"", ""derivatives/dandiset-000114/sub-V116/sub-V116_ses-03082018_ecephys/pipeline-aind+ephys/version-v1.2.4_codebase-v0.3.49_params-1cbdbee_config-7940dfd_attempt-1/logs/trace.txt"": ""927c8cf5-05af-4eba-8a12-d387f8cf6c4f""}"	2026-09-08T17:10:29.282419-04:00	2026-09-08T17:10:30.414355-04:00
000114	sub-V116/sub-V116_ses-03102018_ecephys.nwb	aind+ephys	v1.2.4	1cbdbee	7940dfd	1	v0.3.49	a2315375-dc06-44fe-ad19-df1ff45ede61	11460135790	True	True	False	True	"{""derivatives/dandiset-000114/sub-V116/sub-V116_ses-03102018_ecephys/pipeline-aind+ephys/version-v1.2.4_codebase-v0.3.49_params-1cbdbee_config-7940dfd_attempt-1/dataset_description.json"": ""1829a8b8-92b6-4388-8c39-ac9cd134a569""}"		"{""derivatives/dandiset-000114/sub-V116/sub-V116_ses-03102018_ecephys/pipeline-aind+ephys/version-v1.2.4_codebase-v0.3.49_params-1cbdbee_config-7940dfd_attempt-1/logs/dag.html"": ""374d93d6-f54a-49e3-9bd4-23cc49c2e489"", ""derivatives/dandiset-000114/sub-V116/sub-V116_ses-03102018_ecephys/pipeline-aind+ephys/version-v1.2.4_codebase-v0.3.49_params-1cbdbee_config-7940dfd_attempt-1/logs/job-17440992_slurm.log"": ""1bafaaf2-60f7-4089-8c03-fd99ebbef36b"", ""derivatives/dandiset-000114/sub-V116/sub-V116_ses-03102018_ecephys/pipeline-aind+ephys/version-v1.2.4_codebase-v0.3.49_params-1cbdbee_config-7940dfd_attempt-1/logs/nextflow.log"": ""b2112bbb-cbbb-4207-ba83-afc0ca9c148c"", ""derivatives/dandiset-000114/sub-V116/sub-V116_ses-03102018_ecephys/pipeline-aind+ephys/version-v1.2.4_codebase-v0.3.49_params-1cbdbee_config-7940dfd_attempt-1/logs/report.html"": ""b9030d92-4496-4409-99dc-bb3354baed87"", ""derivatives/dandiset-000114/sub-V116/sub-V116_ses-03102018_ecephys/pipeline-aind+ephys/version-v1.2.4_codebase-v0.3.49_params-1cbdbee_config-7940dfd_attempt-1/logs/timeline.html"": ""fd8eab33-d36e-4bca-b451-7160cffba13b"", ""derivatives/dandiset-000114/sub-V116/sub-V116_ses-03102018_ecephys/pipeline-aind+ephys/version-v1.2.4_codebase-v0.3.49_params-1cbdbee_config-7940dfd_attempt-1/logs/trace.txt"": ""7cf00981-52c7-4b6a-a519-fdb72306c8f6""}"	2026-09-08T17:10:40.948244-04:00	2026-09-08T17:10:41.952191-04:00
000114	sub-V118/sub-V118_ses-03182018_ecephys.nwb	aind+ephys	v1.2.2	1cbdbee	0d4bf36	1	v0.3.27	d30f098a-8061-451e-8a9a-00e362d9cdaf	37446575259	True	True	False	True	"{""derivatives/dandiset-000114/sub-V118/sub-V118_ses-03182018_ecephys/pipeline-aind+ephys/version-v1.2.2_codebase-v0.3.27_params-1cbdbee_config-0d4bf36_attempt-1/dataset_description.json"": ""69071ecb-26ff-45b0-a70e-57e17181d946""}"		"{""derivatives/dandiset-000114/sub-V118/sub-V118_ses-03182018_ecephys/pipeline-aind+ephys/version-v1.2.2_codebase-v0.3.27_params-1cbdbee_config-0d4bf36_attempt-1/logs/dag.html"": ""374d93d6-f54a-49e3-9bd4-23cc49c2e489"", ""derivatives/dandiset-000114/sub-V118/sub-V118_ses-03182018_ecephys/pipeline-aind+ephys/version-v1.2.2_codebase-v0.3.27_params-1cbdbee_config-0d4bf36_attempt-1/logs/job-15529157_slurm.log"": ""6965b4ec-0f6b-4df0-9e00-1ee9737d5bd4"", ""derivatives/dandiset-000114/sub-V118/sub-V118_ses-03182018_ecephys/pipeline-aind+ephys/version-v1.2.2_codebase-v0.3.27_params-1cbdbee_config-0d4bf36_attempt-1/logs/nextflow.log"": ""5d9e026d-e978-48fc-afa1-6631792a2afe"", ""derivatives/dandiset-000114/sub-V118/sub-V118_ses-03182018_ecephys/pipeline-aind+ephys/version-v1.2.2_codebase-v0.3.27_params-1cbdbee_config-0d4bf36_attempt-1/logs/report.html"": ""3a9b44dc-b20f-43a6-8e3b-76ccee00966f"", ""derivatives/dandiset-000114/sub-V118/sub-V118_ses-03182018_ecephys/pipeline-aind+ephys/version-v1.2.2_codebase-v0.3.27_params-1cbdbee_config-0d4bf36_attempt-1/logs/timeline.html"": ""c7d344c6-4bea-4c46-bf94-66eba7164d2f"", ""derivatives/dandiset-000114/sub-V118/sub-V118_ses-03182018_ecephys/pipeline-aind+ephys/version-v1.2.2_codebase-v0.3.27_params-1cbdbee_config-0d4bf36_attempt-1/logs/trace.txt"": ""3c6addd6-e05f-4b64-a107-483c3b3702d0""}"	2026-09-08T17:10:52.497063-04:00	2026-09-08T17:10:53.573127-04:00
000114	sub-V118/sub-V118_ses-03192018_ecephys.nwb	aind+ephys	v1.2.4	1cbdbee	7940dfd	1	v0.3.49	e71096a3-999c-45de-852e-365a92709f27	30621801968	True	True	False	True	"{""derivatives/dandiset-000114/sub-V118/sub-V118_ses-03192018_ecephys/pipeline-aind+ephys/version-v1.2.4_codebase-v0.3.49_params-1cbdbee_config-7940dfd_attempt-1/dataset_description.json"": ""1829a8b8-92b6-4388-8c39-ac9cd134a569""}"		"{""derivatives/dandiset-000114/sub-V118/sub-V118_ses-03192018_ecephys/pipeline-aind+ephys/version-v1.2.4_codebase-v0.3.49_params-1cbdbee_config-7940dfd_attempt-1/logs/dag.html"": ""374d93d6-f54a-49e3-9bd4-23cc49c2e489"", ""derivatives/dandiset-000114/sub-V118/sub-V118_ses-03192018_ecephys/pipeline-aind+ephys/version-v1.2.4_codebase-v0.3.49_params-1cbdbee_config-7940dfd_attempt-1/logs/job-17800037_slurm.log"": ""8af40a95-ff8f-438e-9269-4481747075bc"", ""derivatives/dandiset-000114/sub-V118/sub-V118_ses-03192018_ecephys/pipeline-aind+ephys/version-v1.2.4_codebase-v0.3.49_params-1cbdbee_config-7940dfd_attempt-1/logs/nextflow.log"": ""4c0f68cd-6d74-4d34-bcbf-ec1d5658f1e4"", ""derivatives/dandiset-000114/sub-V118/sub-V118_ses-03192018_ecephys/pipeline-aind+ephys/version-v1.2.4_codebase-v0.3.49_params-1cbdbee_config-7940dfd_attempt-1/logs/report.html"": ""a303b9c6-7089-401a-9db5-0712026fe1f1"", ""derivatives/dandiset-000114/sub-V118/sub-V118_ses-03192018_ecephys/pipeline-aind+ephys/version-v1.2.4_codebase-v0.3.49_params-1cbdbee_config-7940dfd_attempt-1/logs/timeline.html"": ""c3bea486-3d13-4f9c-9269-f6613c14f6b3"", ""derivatives/dandiset-000114/sub-V118/sub-V118_ses-03192018_ecephys/pipeline-aind+ephys/version-v1.2.4_codebase-v0.3.49_params-1cbdbee_config-7940dfd_attempt-1/logs/trace.txt"": ""f7f7cfde-beb2-424e-abd6-e8f4ed1b2555""}"	2026-09-08T17:11:03.888251-04:00	2026-09-08T17:11:05.045455-04:00
000114	sub-V118/sub-V118_ses-03192018_ecephys.nwb	aind+ephys	v1.2.4	1cbdbee	7940dfd	2	v0.3.49	e71096a3-999c-45de-852e-365a92709f27	30621801968	True	True	False	True	"{""derivatives/dandiset-000114/sub-V118/sub-V118_ses-03192018_ecephys/pipeline-aind+ephys/version-v1.2.4_codebase-v0.3.49_params-1cbdbee_config-7940dfd_attempt-2/dataset_description.json"": ""1829a8b8-92b6-4388-8c39-ac9cd134a569""}"		"{""derivatives/dandiset-000114/sub-V118/sub-V118_ses-03192018_ecephys/pipeline-aind+ephys/version-v1.2.4_codebase-v0.3.49_params-1cbdbee_config-7940dfd_attempt-2/logs/dag.html"": ""374d93d6-f54a-49e3-9bd4-23cc49c2e489"", ""derivatives/dandiset-000114/sub-V118/sub-V118_ses-03192018_ecephys/pipeline-aind+ephys/version-v1.2.4_codebase-v0.3.49_params-1cbdbee_config-7940dfd_attempt-2/logs/job-17865322_slurm.log"": ""66ece944-26fa-4b90-b034-de340e90d885"", ""derivatives/dandiset-000114/sub-V118/sub-V118_ses-03192018_ecephys/pipeline-aind+ephys/version-v1.2.4_codebase-v0.3.49_params-1cbdbee_config-7940dfd_attempt-2/logs/nextflow.log"": ""c624ff53-8358-4f39-af18-e4651d992538"", ""derivatives/dandiset-000114/sub-V118/sub-V118_ses-03192018_ecephys/pipeline-aind+ephys/version-v1.2.4_codebase-v0.3.49_params-1cbdbee_config-7940dfd_attempt-2/logs/report.html"": ""0b789f13-e37f-4acc-b67d-af5ae6d3f531"", ""derivatives/dandiset-000114/sub-V118/sub-V118_ses-03192018_ecephys/pipeline-aind+ephys/version-v1.2.4_codebase-v0.3.49_params-1cbdbee_config-7940dfd_attempt-2/logs/timeline.html"": ""78d40137-ae80-4b8e-ab04-6237050bf290"", ""derivatives/dandiset-000114/sub-V118/sub-V118_ses-03192018_ecephys/pipeline-aind+ephys/version-v1.2.4_codebase-v0.3.49_params-1cbdbee_config-7940dfd_attempt-2/logs/trace.txt"": ""8069e5de-3a2c-4c1d-9e82-5cdc76d05060""}"	2026-09-08T17:11:15.282798-04:00	2026-09-08T17:11:16.422303-04:00
000114	sub-V118/sub-V118_ses-03192018_ecephys.nwb	aind+ephys	v1.2.4	1cbdbee	7940dfd	3	v0.3.49	e71096a3-999c-45de-852e-365a92709f27	30621801968	True	True	False	True	"{""derivatives/dandiset-000114/sub-V118/sub-V118_ses-03192018_ecephys/pipeline-aind+ephys/version-v1.2.4_codebase-v0.3.49_params-1cbdbee_config-7940dfd_attempt-3/dataset_description.json"": ""1829a8b8-92b6-4388-8c39-ac9cd134a569""}"		"{""derivatives/dandiset-000114/sub-V118/sub-V118_ses-03192018_ecephys/pipeline-aind+ephys/version-v1.2.4_codebase-v0.3.49_params-1cbdbee_config-7940dfd_attempt-3/logs/dag.html"": ""374d93d6-f54a-49e3-9bd4-23cc49c2e489"", ""derivatives/dandiset-000114/sub-V118/sub-V118_ses-03192018_ecephys/pipeline-aind+ephys/version-v1.2.4_codebase-v0.3.49_params-1cbdbee_config-7940dfd_attempt-3/logs/job-18213455_slurm.log"": ""17da47d7-8361-4abc-bef4-76ba94ccb6fe"", ""derivatives/dandiset-000114/sub-V118/sub-V118_ses-03192018_ecephys/pipeline-aind+ephys/version-v1.2.4_codebase-v0.3.49_params-1cbdbee_config-7940dfd_attempt-3/logs/nextflow.log"": ""996849cf-8ea5-443d-b644-50d534e3ac37"", ""derivatives/dandiset-000114/sub-V118/sub-V118_ses-03192018_ecephys/pipeline-aind+ephys/version-v1.2.4_codebase-v0.3.49_params-1cbdbee_config-7940dfd_attempt-3/logs/report.html"": ""c477f446-dfe0-4620-b0a1-4128211a1f53"", ""derivatives/dandiset-000114/sub-V118/sub-V118_ses-03192018_ecephys/pipeline-aind+ephys/version-v1.2.4_codebase-v0.3.49_params-1cbdbee_config-7940dfd_attempt-3/logs/timeline.html"": ""8a1570eb-0fa8-40ae-bc44-ff349b025ef6"", ""derivatives/dandiset-000114/sub-V118/sub-V118_ses-03192018_ecephys/pipeline-aind+ephys/version-v1.2.4_codebase-v0.3.49_params-1cbdbee_config-7940dfd_attempt-3/logs/trace.txt"": ""fb3c0baf-c51a-41a1-a387-713c6eb534a9""}"	2026-09-08T17:11:26.715541-04:00	2026-09-08T17:11:27.779381-04:00
000114	sub-V85/sub-V85_ses-12102017-2_ecephys.nwb	aind+ephys	v1.2.4	1cbdbee	7940dfd	1	v0.3.49	a31a1184-08cc-47b6-a5cd-940d7b6d1abd	4803580809	True	True	False	True	"{""derivatives/dandiset-000114/sub-V85/sub-V85_ses-12102017-2_ecephys/pipeline-aind+ephys/version-v1.2.4_codebase-v0.3.49_params-1cbdbee_config-7940dfd_attempt-1/dataset_description.json"": ""1829a8b8-92b6-4388-8c39-ac9cd134a569""}"		"{""derivatives/dandiset-000114/sub-V85/sub-V85_ses-12102017-2_ecephys/pipeline-aind+ephys/version-v1.2.4_codebase-v0.3.49_params-1cbdbee_config-7940dfd_attempt-1/logs/dag.html"": ""374d93d6-f54a-49e3-9bd4-23cc49c2e489"", ""derivatives/dandiset-000114/sub-V85/sub-V85_ses-12102017-2_ecephys/pipeline-aind+ephys/version-v1.2.4_codebase-v0.3.49_params-1cbdbee_config-7940dfd_attempt-1/logs/job-18878255_slurm.log"": ""7344ed71-20a0-4075-b660-1c158eed4072"", ""derivatives/dandiset-000114/sub-V85/sub-V85_ses-12102017-2_ecephys/pipeline-aind+ephys/version-v1.2.4_codebase-v0.3.49_params-1cbdbee_config-7940dfd_attempt-1/logs/nextflow.log"": ""8870c0d6-a3f6-4bdc-a06c-0cc47995b18f"", ""derivatives/dandiset-000114/sub-V85/sub-V85_ses-12102017-2_ecephys/pipeline-aind+ephys/version-v1.2.4_codebase-v0.3.49_params-1cbdbee_config-7940dfd_attempt-1/logs/report.html"": ""3d035f27-9c85-47de-b2ff-d53e0501159c"", ""derivatives/dandiset-000114/sub-V85/sub-V85_ses-12102017-2_ecephys/pipeline-aind+ephys/version-v1.2.4_codebase-v0.3.49_params-1cbdbee_config-7940dfd_attempt-1/logs/timeline.html"": ""9329a364-f3fe-4a42-8b68-e35200e6ee75"", ""derivatives/dandiset-000114/sub-V85/sub-V85_ses-12102017-2_ecephys/pipeline-aind+ephys/version-v1.2.4_codebase-v0.3.49_params-1cbdbee_config-7940dfd_attempt-1/logs/trace.txt"": ""857994ac-7ede-46a4-88f5-9d5f890ab098""}"	2026-09-08T17:11:38.229514-04:00	2026-09-08T17:11:39.498417-04:00
000114	sub-V85/sub-V85_ses-12102017_ecephys.nwb	aind+ephys	v1.2.4	1cbdbee	7940dfd	1	v0.3.49	f6f57621-c09d-41c6-8d1a-b5d405f1d40a	31577120965	True	True	False	True	"{""derivatives/dandiset-000114/sub-V85/sub-V85_ses-12102017_ecephys/pipeline-aind+ephys/version-v1.2.4_codebase-v0.3.49_params-1cbdbee_config-7940dfd_attempt-1/dataset_description.json"": ""1829a8b8-92b6-4388-8c39-ac9cd134a569""}"		"{""derivatives/dandiset-000114/sub-V85/sub-V85_ses-12102017_ecephys/pipeline-aind+ephys/version-v1.2.4_codebase-v0.3.49_params-1cbdbee_config-7940dfd_attempt-1/logs/dag.html"": ""374d93d6-f54a-49e3-9bd4-23cc49c2e489"", ""derivatives/dandiset-000114/sub-V85/sub-V85_ses-12102017_ecephys/pipeline-aind+ephys/version-v1.2.4_codebase-v0.3.49_params-1cbdbee_config-7940dfd_attempt-1/logs/job-17445675_slurm.log"": ""e71a4509-acd9-42d5-8e21-a4ea86aac4e2"", ""derivatives/dandiset-000114/sub-V85/sub-V85_ses-12102017_ecephys/pipeline-aind+ephys/version-v1.2.4_codebase-v0.3.49_params-1cbdbee_config-7940dfd_attempt-1/logs/nextflow.log"": ""57d55fe2-d769-48a4-9504-6037da1711a2"", ""derivatives/dandiset-000114/sub-V85/sub-V85_ses-12102017_ecephys/pipeline-aind+ephys/version-v1.2.4_codebase-v0.3.49_params-1cbdbee_config-7940dfd_attempt-1/logs/report.html"": ""2d03b263-3244-4435-b3c6-5f6a0489448c"", ""derivatives/dandiset-000114/sub-V85/sub-V85_ses-12102017_ecephys/pipeline-aind+ephys/version-v1.2.4_codebase-v0.3.49_params-1cbdbee_config-7940dfd_attempt-1/logs/timeline.html"": ""6bc133ce-6fb1-418b-8951-4a8000e2d6ed"", ""derivatives/dandiset-000114/sub-V85/sub-V85_ses-12102017_ecephys/pipeline-aind+ephys/version-v1.2.4_codebase-v0.3.49_params-1cbdbee_config-7940dfd_attempt-1/logs/trace.txt"": ""44b956bf-3159-4f34-b2de-cfcd7189d626""}"	2026-09-08T17:11:50.023717-04:00	2026-09-08T17:11:51.109480-04:00
000363	sub-440959/sub-440959_ses-20190225T142613_behavior+ecephys+image+ogen.nwb	aind+ephys	v1.2.4	1cbdbee	7940dfd	1	v0.3.46	3d5e9b88-649c-41df-bbec-36fd5cd48b9f	274399228635	True	True	False	True	"{""derivatives/dandiset-000363/sub-440959/sub-440959_ses-20190225T142613_behavior+ecephys+image+ogen/pipeline-aind+ephys/version-v1.2.4_codebase-v0.3.46_params-1cbdbee_config-7940dfd_attempt-1/dataset_description.json"": ""7a418444-5142-4b57-b236-0bfa056bb48a""}"		"{""derivatives/dandiset-000363/sub-440959/sub-440959_ses-20190225T142613_behavior+ecephys+image+ogen/pipeline-aind+ephys/version-v1.2.4_codebase-v0.3.46_params-1cbdbee_config-7940dfd_attempt-1/logs/dag.html"": ""374d93d6-f54a-49e3-9bd4-23cc49c2e489"", ""derivatives/dandiset-000363/sub-440959/sub-440959_ses-20190225T142613_behavior+ecephys+image+ogen/pipeline-aind+ephys/version-v1.2.4_codebase-v0.3.46_params-1cbdbee_config-7940dfd_attempt-1/logs/job-16575802_slurm.log"": ""b28748d3-60a3-4227-8abe-4750b09412a9"", ""derivatives/dandiset-000363/sub-440959/sub-440959_ses-20190225T142613_behavior+ecephys+image+ogen/pipeline-aind+ephys/version-v1.2.4_codebase-v0.3.46_params-1cbdbee_config-7940dfd_attempt-1/logs/nextflow.log"": ""c8e8a473-b6cd-4f0a-b797-80e5923a832a"", ""derivatives/dandiset-000363/sub-440959/sub-440959_ses-20190225T142613_behavior+ecephys+image+ogen/pipeline-aind+ephys/version-v1.2.4_codebase-v0.3.46_params-1cbdbee_config-7940dfd_attempt-1/logs/report.html"": ""0ce7b85f-5a9c-4571-a718-43a4bddc6fa0"", ""derivatives/dandiset-000363/sub-440959/sub-440959_ses-20190225T142613_behavior+ecephys+image+ogen/pipeline-aind+ephys/version-v1.2.4_codebase-v0.3.46_params-1cbdbee_config-7940dfd_attempt-1/logs/timeline.html"": ""420adea8-d903-4e18-bac6-2680d3d3b976"", ""derivatives/dandiset-000363/sub-440959/sub-440959_ses-20190225T142613_behavior+ecephys+image+ogen/pipeline-aind+ephys/version-v1.2.4_codebase-v0.3.46_params-1cbdbee_config-7940dfd_attempt-1/logs/trace.txt"": ""9f10a7a5-c667-4560-a99c-05247cc096c0""}"	2026-09-08T17:12:01.507784-04:00	2026-09-08T17:12:02.988453-04:00
000363	sub-460436/sub-460436_ses-20200107T111633_behavior+ecephys+image+ogen.nwb	aind+ephys	v1.2.4	1cbdbee	7940dfd	1	v0.3.43	011a04c3-e2c1-4abc-ad03-7c2858c2598c	381279870629	True	True	False	True	"{""derivatives/dandiset-000363/sub-460436/sub-460436_ses-20200107T111633_behavior+ecephys+image+ogen/pipeline-aind+ephys/version-v1.2.4_codebase-v0.3.43_params-1cbdbee_config-7940dfd_attempt-1/dataset_description.json"": ""7eb679e7-3262-468b-af8f-1d1fa70cc23a""}"		"{""derivatives/dandiset-000363/sub-460436/sub-460436_ses-20200107T111633_behavior+ecephys+image+ogen/pipeline-aind+ephys/version-v1.2.4_codebase-v0.3.43_params-1cbdbee_config-7940dfd_attempt-1/logs/dag.html"": ""374d93d6-f54a-49e3-9bd4-23cc49c2e489"", ""derivatives/dandiset-000363/sub-460436/sub-460436_ses-20200107T111633_behavior+ecephys+image+ogen/pipeline-aind+ephys/version-v1.2.4_codebase-v0.3.43_params-1cbdbee_config-7940dfd_attempt-1/logs/job-16397126_slurm.log"": ""a1a8bd1c-7505-4471-86da-5d780aaeac1b"", ""derivatives/dandiset-000363/sub-460436/sub-460436_ses-20200107T111633_behavior+ecephys+image+ogen/pipeline-aind+ephys/version-v1.2.4_codebase-v0.3.43_params-1cbdbee_config-7940dfd_attempt-1/logs/nextflow.log"": ""48000ef1-c4e4-429b-b401-313810eeb2dd"", ""derivatives/dandiset-000363/sub-460436/sub-460436_ses-20200107T111633_behavior+ecephys+image+ogen/pipeline-aind+ephys/version-v1.2.4_codebase-v0.3.43_params-1cbdbee_config-7940dfd_attempt-1/logs/report.html"": ""c01467f8-bf08-4e3e-9f3c-d1d8fc2ba405"", ""derivatives/dandiset-000363/sub-460436/sub-460436_ses-20200107T111633_behavior+ecephys+image+ogen/pipeline-aind+ephys/version-v1.2.4_codebase-v0.3.43_params-1cbdbee_config-7940dfd_attempt-1/logs/timeline.html"": ""6b63b827-c556-4073-b1f0-c1b7e669a111"", ""derivatives/dandiset-000363/sub-460436/sub-460436_ses-20200107T111633_behavior+ecephys+image+ogen/pipeline-aind+ephys/version-v1.2.4_codebase-v0.3.43_params-1cbdbee_config-7940dfd_attempt-1/logs/trace.txt"": ""4dc4e6f9-ee07-4183-9528-e113fb348c07""}"	2026-09-08T17:12:13.231015-04:00	2026-09-08T17:12:14.245377-04:00
000363	sub-479121/sub-479121_ses-20200923T151145_behavior+ecephys+ogen.nwb	aind+ephys	v1.2.4	1cbdbee	7940dfd	1	v0.3.46	c04e50bb-0ac5-45c8-aa8c-427bc96ff0cb	417355596022	True	True	False	True	"{""derivatives/dandiset-000363/sub-479121/sub-479121_ses-20200923T151145_behavior+ecephys+ogen/pipeline-aind+ephys/version-v1.2.4_codebase-v0.3.46_params-1cbdbee_config-7940dfd_attempt-1/dataset_description.json"": ""7a418444-5142-4b57-b236-0bfa056bb48a""}"		"{""derivatives/dandiset-000363/sub-479121/sub-479121_ses-20200923T151145_behavior+ecephys+ogen/pipeline-aind+ephys/version-v1.2.4_codebase-v0.3.46_params-1cbdbee_config-7940dfd_attempt-1/logs/dag.html"": ""374d93d6-f54a-49e3-9bd4-23cc49c2e489"", ""derivatives/dandiset-000363/sub-479121/sub-479121_ses-20200923T151145_behavior+ecephys+ogen/pipeline-aind+ephys/version-v1.2.4_codebase-v0.3.46_params-1cbdbee_config-7940dfd_attempt-1/logs/job-16530703_slurm.log"": ""fa74fd01-e731-45de-8c6a-6a69bf570efb"", ""derivatives/dandiset-000363/sub-479121/sub-479121_ses-20200923T151145_behavior+ecephys+ogen/pipeline-aind+ephys/version-v1.2.4_codebase-v0.3.46_params-1cbdbee_config-7940dfd_attempt-1/logs/nextflow.log"": ""5c1b33d3-d7fb-4ce0-ae5e-ad0b4faa824b"", ""derivatives/dandiset-000363/sub-479121/sub-479121_ses-20200923T151145_behavior+ecephys+ogen/pipeline-aind+ephys/version-v1.2.4_codebase-v0.3.46_params-1cbdbee_config-7940dfd_attempt-1/logs/report.html"": ""eb8d0394-7279-43e8-9307-4f057a3018fb"", ""derivatives/dandiset-000363/sub-479121/sub-479121_ses-20200923T151145_behavior+ecephys+ogen/pipeline-aind+ephys/version-v1.2.4_codebase-v0.3.46_params-1cbdbee_config-7940dfd_attempt-1/logs/timeline.html"": ""e3fd2d59-7f5c-4de2-88e9-6a291a7d685d"", ""derivatives/dandiset-000363/sub-479121/sub-479121_ses-20200923T151145_behavior+ecephys+ogen/pipeline-aind+ephys/version-v1.2.4_codebase-v0.3.46_params-1cbdbee_config-7940dfd_attempt-1/logs/trace.txt"": ""d61effc5-fa55-4e1b-85a0-9e73f53783ad""}"	2026-09-08T17:12:27.280934-04:00	2026-09-08T17:12:28.430025-04:00
000363	sub-479149/sub-479149_ses-20201211T110651_behavior+ecephys.nwb	aind+ephys	v1.2.4	1cbdbee	7940dfd	1	v0.3.42	dcadd365-57d8-4632-b750-3c20032a2e2d	337813768352	True	True	False	True	"{""derivatives/dandiset-000363/sub-479149/sub-479149_ses-20201211T110651_behavior+ecephys/pipeline-aind+ephys/version-v1.2.4_codebase-v0.3.42_params-1cbdbee_config-7940dfd_attempt-1/dataset_description.json"": ""cc5ce7e7-c0d9-44ad-8d1b-e2b368ba1b24""}"		"{""derivatives/dandiset-000363/sub-479149/sub-479149_ses-20201211T110651_behavior+ecephys/pipeline-aind+ephys/version-v1.2.4_codebase-v0.3.42_params-1cbdbee_config-7940dfd_attempt-1/logs/job-16290457_slurm.log"": ""49db8611-0ee2-4a2c-b63b-3b1b84ab8c6b"", ""derivatives/dandiset-000363/sub-479149/sub-479149_ses-20201211T110651_behavior+ecephys/pipeline-aind+ephys/version-v1.2.4_codebase-v0.3.42_params-1cbdbee_config-7940dfd_attempt-1/logs/nextflow.log"": ""105f8e87-b4d8-45f6-8611-9f33eea6222a""}"	2026-06-22T20:11:44.739259-04:00	2026-06-22T20:11:45.178966-04:00
000363	sub-479149/sub-479149_ses-20201218T113815_behavior+ecephys+ogen.nwb	aind+ephys	v1.2.4	1cbdbee	7940dfd	1	v0.3.39	04311581-bb01-486b-8bfa-771be095b10d	260148472752	True	True	False	True	"{""derivatives/dandiset-000363/sub-479149/sub-479149_ses-20201218T113815_behavior+ecephys+ogen/pipeline-aind+ephys/version-v1.2.4_codebase-v0.3.39_params-1cbdbee_config-7940dfd_attempt-1/dataset_description.json"": ""c6f937db-6902-4e45-8311-011c813f2f1a""}"		"{""derivatives/dandiset-000363/sub-479149/sub-479149_ses-20201218T113815_behavior+ecephys+ogen/pipeline-aind+ephys/version-v1.2.4_codebase-v0.3.39_params-1cbdbee_config-7940dfd_attempt-1/logs/dag.html"": ""374d93d6-f54a-49e3-9bd4-23cc49c2e489"", ""derivatives/dandiset-000363/sub-479149/sub-479149_ses-20201218T113815_behavior+ecephys+ogen/pipeline-aind+ephys/version-v1.2.4_codebase-v0.3.39_params-1cbdbee_config-7940dfd_attempt-1/logs/job-16195052_slurm.log"": ""37fa6d65-0964-4308-96ab-0460601f54ae"", ""derivatives/dandiset-000363/sub-479149/sub-479149_ses-20201218T113815_behavior+ecephys+ogen/pipeline-aind+ephys/version-v1.2.4_codebase-v0.3.39_params-1cbdbee_config-7940dfd_attempt-1/logs/nextflow.log"": ""8ad7a73f-feb8-4513-85aa-3a6476df74bc"", ""derivatives/dandiset-000363/sub-479149/sub-479149_ses-20201218T113815_behavior+ecephys+ogen/pipeline-aind+ephys/version-v1.2.4_codebase-v0.3.39_params-1cbdbee_config-7940dfd_attempt-1/logs/report.html"": ""d3c3a1f8-8d0e-46ac-8528-cdddb45c7d49"", ""derivatives/dandiset-000363/sub-479149/sub-479149_ses-20201218T113815_behavior+ecephys+ogen/pipeline-aind+ephys/version-v1.2.4_codebase-v0.3.39_params-1cbdbee_config-7940dfd_attempt-1/logs/timeline.html"": ""d8e86f31-8c84-4c0b-86f6-594f91defcc4"", ""derivatives/dandiset-000363/sub-479149/sub-479149_ses-20201218T113815_behavior+ecephys+ogen/pipeline-aind+ephys/version-v1.2.4_codebase-v0.3.39_params-1cbdbee_config-7940dfd_attempt-1/logs/trace.txt"": ""3d48cc73-43e5-45c1-be59-58c725bf6929""}"	2026-09-08T17:12:38.883355-04:00	2026-09-08T17:12:40.010248-04:00
000363	sub-480133/sub-480133_ses-20201224T122322_behavior+ecephys.nwb	aind+ephys	v1.2.4	1cbdbee	7940dfd	1	v0.3.42	1fc0a9f7-4c3e-49d7-b913-c90c3b7c0eca	243949139838	True	True	False	True	"{""derivatives/dandiset-000363/sub-480133/sub-480133_ses-20201224T122322_behavior+ecephys/pipeline-aind+ephys/version-v1.2.4_codebase-v0.3.42_params-1cbdbee_config-7940dfd_attempt-1/dataset_description.json"": ""cc5ce7e7-c0d9-44ad-8d1b-e2b368ba1b24""}"		"{""derivatives/dandiset-000363/sub-480133/sub-480133_ses-20201224T122322_behavior+ecephys/pipeline-aind+ephys/version-v1.2.4_codebase-v0.3.42_params-1cbdbee_config-7940dfd_attempt-1/logs/job-16217490_slurm.log"": ""f4ee2bab-f0b8-4e0d-9eaa-760861e437b5"", ""derivatives/dandiset-000363/sub-480133/sub-480133_ses-20201224T122322_behavior+ecephys/pipeline-aind+ephys/version-v1.2.4_codebase-v0.3.42_params-1cbdbee_config-7940dfd_attempt-1/logs/nextflow.log"": ""51a21548-2b10-4b64-ba7a-52c1ceea1e5f""}"	2026-06-22T16:34:48.002837-04:00	2026-06-22T16:34:48.422682-04:00
000363	sub-480133/sub-480133_ses-20201226T121710_behavior+ecephys+ogen.nwb	aind+ephys	v1.2.2	1cbdbee	7940dfd	1	v0.3.34	8082acb8-c2b8-4c7d-9375-4c48e336b9bb	356883333064	True	True	False	True	"{""derivatives/dandiset-000363/sub-480133/sub-480133_ses-20201226T121710_behavior+ecephys+ogen/pipeline-aind+ephys/version-v1.2.2_codebase-v0.3.34_params-1cbdbee_config-7940dfd_attempt-1/dataset_description.json"": ""b62f08b0-409f-4348-900f-27aa1eb3c1e8""}"		"{""derivatives/dandiset-000363/sub-480133/sub-480133_ses-20201226T121710_behavior+ecephys+ogen/pipeline-aind+ephys/version-v1.2.2_codebase-v0.3.34_params-1cbdbee_config-7940dfd_attempt-1/logs/dag.html"": ""374d93d6-f54a-49e3-9bd4-23cc49c2e489"", ""derivatives/dandiset-000363/sub-480133/sub-480133_ses-20201226T121710_behavior+ecephys+ogen/pipeline-aind+ephys/version-v1.2.2_codebase-v0.3.34_params-1cbdbee_config-7940dfd_attempt-1/logs/job-15945195_slurm.log"": ""83889606-7192-4bfd-80cb-69edca21c13b"", ""derivatives/dandiset-000363/sub-480133/sub-480133_ses-20201226T121710_behavior+ecephys+ogen/pipeline-aind+ephys/version-v1.2.2_codebase-v0.3.34_params-1cbdbee_config-7940dfd_attempt-1/logs/nextflow.log"": ""c45105b8-4a41-4e80-be57-fae40c945372"", ""derivatives/dandiset-000363/sub-480133/sub-480133_ses-20201226T121710_behavior+ecephys+ogen/pipeline-aind+ephys/version-v1.2.2_codebase-v0.3.34_params-1cbdbee_config-7940dfd_attempt-1/logs/report.html"": ""919926f6-c7df-4c99-badb-5656656a9da7"", ""derivatives/dandiset-000363/sub-480133/sub-480133_ses-20201226T121710_behavior+ecephys+ogen/pipeline-aind+ephys/version-v1.2.2_codebase-v0.3.34_params-1cbdbee_config-7940dfd_attempt-1/logs/timeline.html"": ""542290e4-3c67-411a-bbc1-a50066fa897f"", ""derivatives/dandiset-000363/sub-480133/sub-480133_ses-20201226T121710_behavior+ecephys+ogen/pipeline-aind+ephys/version-v1.2.2_codebase-v0.3.34_params-1cbdbee_config-7940dfd_attempt-1/logs/trace.txt"": ""c549926a-11cc-46be-9920-3d60f4c007a0""}"	2026-09-08T17:12:50.530497-04:00	2026-09-08T17:12:51.606923-04:00
000363	sub-480133/sub-480133_ses-20201230T112558_behavior+ecephys+ogen.nwb	aind+ephys	v1.2.4	1cbdbee	7940dfd	1	v0.3.49	bb5b491e-0075-4cdf-9ccc-70e7e182e433	453332262522	True	True	False	False	"{""derivatives/dandiset-000363/sub-480133/sub-480133_ses-20201230T112558_behavior+ecephys+ogen/pipeline-aind+ephys/version-v1.2.4_codebase-v0.3.49_params-1cbdbee_config-7940dfd_attempt-1/dataset_description.json"": ""9152b982-e2ac-42a8-9c32-63163eba7ea8""}"			2026-09-09T09:01:52.655359-04:00	
000363	sub-480133/sub-480133_ses-20210103T133044_behavior+ecephys+ogen.nwb	aind+ephys	v1.2.2	1cbdbee	7940dfd	1	v0.3.28	774d38e2-d13b-4846-b147-e789c59b07b3	361989092402	True	True	False	True	"{""derivatives/dandiset-000363/sub-480133/sub-480133_ses-20210103T133044_behavior+ecephys+ogen/pipeline-aind+ephys/version-v1.2.2_codebase-v0.3.28_params-1cbdbee_config-7940dfd_attempt-1/dataset_description.json"": ""86bc4669-65dd-4d3c-af7c-87f24e51b37b""}"		"{""derivatives/dandiset-000363/sub-480133/sub-480133_ses-20210103T133044_behavior+ecephys+ogen/pipeline-aind+ephys/version-v1.2.2_codebase-v0.3.28_params-1cbdbee_config-7940dfd_attempt-1/logs/dag.html"": ""374d93d6-f54a-49e3-9bd4-23cc49c2e489"", ""derivatives/dandiset-000363/sub-480133/sub-480133_ses-20210103T133044_behavior+ecephys+ogen/pipeline-aind+ephys/version-v1.2.2_codebase-v0.3.28_params-1cbdbee_config-7940dfd_attempt-1/logs/job-15569429_slurm.log"": ""1898d120-6fdb-471d-90c4-5010d7521e74"", ""derivatives/dandiset-000363/sub-480133/sub-480133_ses-20210103T133044_behavior+ecephys+ogen/pipeline-aind+ephys/version-v1.2.2_codebase-v0.3.28_params-1cbdbee_config-7940dfd_attempt-1/logs/nextflow.log"": ""fe19ec0e-9ae3-4fdb-9131-8c2aa80fb070"", ""derivatives/dandiset-000363/sub-480133/sub-480133_ses-20210103T133044_behavior+ecephys+ogen/pipeline-aind+ephys/version-v1.2.2_codebase-v0.3.28_params-1cbdbee_config-7940dfd_attempt-1/logs/report.html"": ""dee0ee89-2fbe-46aa-aca7-7421b411cb81"", ""derivatives/dandiset-000363/sub-480133/sub-480133_ses-20210103T133044_behavior+ecephys+ogen/pipeline-aind+ephys/version-v1.2.2_codebase-v0.3.28_params-1cbdbee_config-7940dfd_attempt-1/logs/timeline.html"": ""a521b140-6fe4-4720-b772-ade99c1ce2ae"", ""derivatives/dandiset-000363/sub-480133/sub-480133_ses-20210103T133044_behavior+ecephys+ogen/pipeline-aind+ephys/version-v1.2.2_codebase-v0.3.28_params-1cbdbee_config-7940dfd_attempt-1/logs/trace.txt"": ""2ede5eed-f62b-44bb-884f-9e278ee81cd9""}"	2026-09-08T17:13:02.242748-04:00	2026-09-08T17:13:03.757696-04:00
000363	sub-480134/sub-480134_ses-20210110T134005_behavior+ecephys+ogen.nwb	aind+ephys	v1.2.4	1cbdbee	7940dfd	1	v0.3.46	3f2cd8be-1c55-4ce4-bccc-d307d7238d5e	480280717492	True	True	False	True	"{""derivatives/dandiset-000363/sub-480134/sub-480134_ses-20210110T134005_behavior+ecephys+ogen/pipeline-aind+ephys/version-v1.2.4_codebase-v0.3.46_params-1cbdbee_config-7940dfd_attempt-1/dataset_description.json"": ""7a418444-5142-4b57-b236-0bfa056bb48a""}"		"{""derivatives/dandiset-000363/sub-480134/sub-480134_ses-20210110T134005_behavior+ecephys+ogen/pipeline-aind+ephys/version-v1.2.4_codebase-v0.3.46_params-1cbdbee_config-7940dfd_attempt-1/logs/dag.html"": ""374d93d6-f54a-49e3-9bd4-23cc49c2e489"", ""derivatives/dandiset-000363/sub-480134/sub-480134_ses-20210110T134005_behavior+ecephys+ogen/pipeline-aind+ephys/version-v1.2.4_codebase-v0.3.46_params-1cbdbee_config-7940dfd_attempt-1/logs/job-16448403_slurm.log"": ""5ec8eb08-e147-4b22-977a-2f65941cc1ff"", ""derivatives/dandiset-000363/sub-480134/sub-480134_ses-20210110T134005_behavior+ecephys+ogen/pipeline-aind+ephys/version-v1.2.4_codebase-v0.3.46_params-1cbdbee_config-7940dfd_attempt-1/logs/nextflow.log"": ""8c2821ab-1633-490f-ba22-25e3f98dd6d6"", ""derivatives/dandiset-000363/sub-480134/sub-480134_ses-20210110T134005_behavior+ecephys+ogen/pipeline-aind+ephys/version-v1.2.4_codebase-v0.3.46_params-1cbdbee_config-7940dfd_attempt-1/logs/report.html"": ""809428da-8c46-466f-ba71-0e123fd6df7c"", ""derivatives/dandiset-000363/sub-480134/sub-480134_ses-20210110T134005_behavior+ecephys+ogen/pipeline-aind+ephys/version-v1.2.4_codebase-v0.3.46_params-1cbdbee_config-7940dfd_attempt-1/logs/timeline.html"": ""9bac767a-234d-4674-b920-66f8b6252495"", ""derivatives/dandiset-000363/sub-480134/sub-480134_ses-20210110T134005_behavior+ecephys+ogen/pipeline-aind+ephys/version-v1.2.4_codebase-v0.3.46_params-1cbdbee_config-7940dfd_attempt-1/logs/trace.txt"": ""3338c3c2-91b8-4c8b-b0a0-c279ceb17b99""}"	2026-09-08T17:13:15.995345-04:00	2026-09-08T17:13:17.147032-04:00
000363	sub-480135/sub-480135_ses-20210226T161028_behavior+ecephys+ogen.nwb	aind+ephys	v1.2.4	1cbdbee	7940dfd	1	v0.3.46	6718b709-5de5-45b6-9368-ce559c8601bf	332496195464	True	True	False	True	"{""derivatives/dandiset-000363/sub-480135/sub-480135_ses-20210226T161028_behavior+ecephys+ogen/pipeline-aind+ephys/version-v1.2.4_codebase-v0.3.46_params-1cbdbee_config-7940dfd_attempt-1/dataset_description.json"": ""7a418444-5142-4b57-b236-0bfa056bb48a""}"		"{""derivatives/dandiset-000363/sub-480135/sub-480135_ses-20210226T161028_behavior+ecephys+ogen/pipeline-aind+ephys/version-v1.2.4_codebase-v0.3.46_params-1cbdbee_config-7940dfd_attempt-1/logs/dag.html"": ""374d93d6-f54a-49e3-9bd4-23cc49c2e489"", ""derivatives/dandiset-000363/sub-480135/sub-480135_ses-20210226T161028_behavior+ecephys+ogen/pipeline-aind+ephys/version-v1.2.4_codebase-v0.3.46_params-1cbdbee_config-7940dfd_attempt-1/logs/job-16499132_slurm.log"": ""8cf9e98f-076a-4b59-9138-201589a1532c"", ""derivatives/dandiset-000363/sub-480135/sub-480135_ses-20210226T161028_behavior+ecephys+ogen/pipeline-aind+ephys/version-v1.2.4_codebase-v0.3.46_params-1cbdbee_config-7940dfd_attempt-1/logs/nextflow.log"": ""dcf7f909-2a74-4b54-9584-c1013c76e248"", ""derivatives/dandiset-000363/sub-480135/sub-480135_ses-20210226T161028_behavior+ecephys+ogen/pipeline-aind+ephys/version-v1.2.4_codebase-v0.3.46_params-1cbdbee_config-7940dfd_attempt-1/logs/report.html"": ""36488087-5952-4c55-81ab-3a0de8e1714c"", ""derivatives/dandiset-000363/sub-480135/sub-480135_ses-20210226T161028_behavior+ecephys+ogen/pipeline-aind+ephys/version-v1.2.4_codebase-v0.3.46_params-1cbdbee_config-7940dfd_attempt-1/logs/timeline.html"": ""0c086796-b06a-49f1-be85-b18338ab87d2"", ""derivatives/dandiset-000363/sub-480135/sub-480135_ses-20210226T161028_behavior+ecephys+ogen/pipeline-aind+ephys/version-v1.2.4_codebase-v0.3.46_params-1cbdbee_config-7940dfd_attempt-1/logs/trace.txt"": ""c53203ac-bb1a-427b-ae9f-9f593fb0bb35""}"	2026-09-08T17:13:30.840924-04:00	2026-09-08T17:13:32.003402-04:00
000363	sub-480135/sub-480135_ses-20210302T140243_behavior+ecephys+ogen.nwb	aind+ephys	v1.2.2	1cbdbee	7940dfd	1	v0.3.28	37cebdc6-9878-45c7-91ef-310491c93793	376025500247	True	True	False	True	"{""derivatives/dandiset-000363/sub-480135/sub-480135_ses-20210302T140243_behavior+ecephys+ogen/pipeline-aind+ephys/version-v1.2.2_codebase-v0.3.28_params-1cbdbee_config-7940dfd_attempt-1/dataset_description.json"": ""86bc4669-65dd-4d3c-af7c-87f24e51b37b""}"		"{""derivatives/dandiset-000363/sub-480135/sub-480135_ses-20210302T140243_behavior+ecephys+ogen/pipeline-aind+ephys/version-v1.2.2_codebase-v0.3.28_params-1cbdbee_config-7940dfd_attempt-1/logs/dag.html"": ""374d93d6-f54a-49e3-9bd4-23cc49c2e489"", ""derivatives/dandiset-000363/sub-480135/sub-480135_ses-20210302T140243_behavior+ecephys+ogen/pipeline-aind+ephys/version-v1.2.2_codebase-v0.3.28_params-1cbdbee_config-7940dfd_attempt-1/logs/job-15704515_slurm.log"": ""bf202660-1917-4f94-a1ae-a4589da8422d"", ""derivatives/dandiset-000363/sub-480135/sub-480135_ses-20210302T140243_behavior+ecephys+ogen/pipeline-aind+ephys/version-v1.2.2_codebase-v0.3.28_params-1cbdbee_config-7940dfd_attempt-1/logs/nextflow.log"": ""8f9a3ec5-183a-42fd-bba7-8d044a265708"", ""derivatives/dandiset-000363/sub-480135/sub-480135_ses-20210302T140243_behavior+ecephys+ogen/pipeline-aind+ephys/version-v1.2.2_codebase-v0.3.28_params-1cbdbee_config-7940dfd_attempt-1/logs/report.html"": ""73a70f42-67d2-4a8e-8058-a630f7007500"", ""derivatives/dandiset-000363/sub-480135/sub-480135_ses-20210302T140243_behavior+ecephys+ogen/pipeline-aind+ephys/version-v1.2.2_codebase-v0.3.28_params-1cbdbee_config-7940dfd_attempt-1/logs/timeline.html"": ""c6080838-f89f-4a4b-9872-8a856e1da11b"", ""derivatives/dandiset-000363/sub-480135/sub-480135_ses-20210302T140243_behavior+ecephys+ogen/pipeline-aind+ephys/version-v1.2.2_codebase-v0.3.28_params-1cbdbee_config-7940dfd_attempt-1/logs/trace.txt"": ""bc41c567-abdf-4c6a-9334-4916ac3bde9d""}"	2026-09-08T17:13:44.905332-04:00	2026-09-08T17:13:46.167109-04:00
000363	sub-480927/sub-480927_ses-20210222T130313_behavior+ecephys+ogen.nwb	aind+ephys	v1.2.2	1cbdbee	7940dfd	1	v0.3.34	bc49b8f7-6c83-4136-ba99-063533520783	304661599363	True	True	False	True	"{""derivatives/dandiset-000363/sub-480927/sub-480927_ses-20210222T130313_behavior+ecephys+ogen/pipeline-aind+ephys/version-v1.2.2_codebase-v0.3.34_params-1cbdbee_config-7940dfd_attempt-1/dataset_description.json"": ""b62f08b0-409f-4348-900f-27aa1eb3c1e8""}"		"{""derivatives/dandiset-000363/sub-480927/sub-480927_ses-20210222T130313_behavior+ecephys+ogen/pipeline-aind+ephys/version-v1.2.2_codebase-v0.3.34_params-1cbdbee_config-7940dfd_attempt-1/logs/dag.html"": ""374d93d6-f54a-49e3-9bd4-23cc49c2e489"", ""derivatives/dandiset-000363/sub-480927/sub-480927_ses-20210222T130313_behavior+ecephys+ogen/pipeline-aind+ephys/version-v1.2.2_codebase-v0.3.34_params-1cbdbee_config-7940dfd_attempt-1/logs/job-15914898_slurm.log"": ""8e38a512-b7b7-4eef-a48b-f10a4ec20bdb"", ""derivatives/dandiset-000363/sub-480927/sub-480927_ses-20210222T130313_behavior+ecephys+ogen/pipeline-aind+ephys/version-v1.2.2_codebase-v0.3.34_params-1cbdbee_config-7940dfd_attempt-1/logs/nextflow.log"": ""6909a199-62ab-4e83-b9f2-9f8757b5228c"", ""derivatives/dandiset-000363/sub-480927/sub-480927_ses-20210222T130313_behavior+ecephys+ogen/pipeline-aind+ephys/version-v1.2.2_codebase-v0.3.34_params-1cbdbee_config-7940dfd_attempt-1/logs/report.html"": ""85f1b757-3e46-4f22-9bc4-0669067e4b57"", ""derivatives/dandiset-000363/sub-480927/sub-480927_ses-20210222T130313_behavior+ecephys+ogen/pipeline-aind+ephys/version-v1.2.2_codebase-v0.3.34_params-1cbdbee_config-7940dfd_attempt-1/logs/timeline.html"": ""49c50410-ed33-412f-b327-b2200ded5ab9"", ""derivatives/dandiset-000363/sub-480927/sub-480927_ses-20210222T130313_behavior+ecephys+ogen/pipeline-aind+ephys/version-v1.2.2_codebase-v0.3.34_params-1cbdbee_config-7940dfd_attempt-1/logs/trace.txt"": ""e67a179c-fec6-45d8-bb6c-5102b660e778""}"	2026-09-08T17:13:56.813630-04:00	2026-09-08T17:13:57.928145-04:00
000363	sub-480927/sub-480927_ses-20210223T135753_behavior+ecephys+ogen.nwb	aind+ephys	v1.2.2	1cbdbee	0d4bf36	1	v0.3.27	a414cb64-ce4b-432f-b1aa-ffd47c9ddb9a	303924607045	True	True	False	True	"{""derivatives/dandiset-000363/sub-480927/sub-480927_ses-20210223T135753_behavior+ecephys+ogen/pipeline-aind+ephys/version-v1.2.2_codebase-v0.3.27_params-1cbdbee_config-0d4bf36_attempt-1/dataset_description.json"": ""90be80a9-0de4-4719-a985-0358edc8bf27""}"		"{""derivatives/dandiset-000363/sub-480927/sub-480927_ses-20210223T135753_behavior+ecephys+ogen/pipeline-aind+ephys/version-v1.2.2_codebase-v0.3.27_params-1cbdbee_config-0d4bf36_attempt-1/logs/dag.html"": ""374d93d6-f54a-49e3-9bd4-23cc49c2e489"", ""derivatives/dandiset-000363/sub-480927/sub-480927_ses-20210223T135753_behavior+ecephys+ogen/pipeline-aind+ephys/version-v1.2.2_codebase-v0.3.27_params-1cbdbee_config-0d4bf36_attempt-1/logs/job-15529158_slurm.log"": ""c6b63b93-dc8c-4384-a065-d3f7c258a67c"", ""derivatives/dandiset-000363/sub-480927/sub-480927_ses-20210223T135753_behavior+ecephys+ogen/pipeline-aind+ephys/version-v1.2.2_codebase-v0.3.27_params-1cbdbee_config-0d4bf36_attempt-1/logs/nextflow.log"": ""7d03f32a-7139-4d0d-8123-d4aee6bcc3d4"", ""derivatives/dandiset-000363/sub-480927/sub-480927_ses-20210223T135753_behavior+ecephys+ogen/pipeline-aind+ephys/version-v1.2.2_codebase-v0.3.27_params-1cbdbee_config-0d4bf36_attempt-1/logs/report.html"": ""86981805-6141-49bf-bb13-276ba94d14f6"", ""derivatives/dandiset-000363/sub-480927/sub-480927_ses-20210223T135753_behavior+ecephys+ogen/pipeline-aind+ephys/version-v1.2.2_codebase-v0.3.27_params-1cbdbee_config-0d4bf36_attempt-1/logs/timeline.html"": ""0f45e86a-1b36-4893-a9d9-611d55f0779d"", ""derivatives/dandiset-000363/sub-480927/sub-480927_ses-20210223T135753_behavior+ecephys+ogen/pipeline-aind+ephys/version-v1.2.2_codebase-v0.3.27_params-1cbdbee_config-0d4bf36_attempt-1/logs/trace.txt"": ""7b117f11-5f95-4ea3-9db4-4837729151a3""}"	2026-09-08T17:14:09.736958-04:00	2026-09-08T17:14:10.811018-04:00
000363	sub-480928/sub-480928_ses-20210125T124258_behavior+ecephys+ogen.nwb	aind+ephys	v1.2.4	1cbdbee	7940dfd	1	v0.3.42	1ef4ac37-a175-41ec-9902-711933151a42	513737545307	True	True	False	True	"{""derivatives/dandiset-000363/sub-480928/sub-480928_ses-20210125T124258_behavior+ecephys+ogen/pipeline-aind+ephys/version-v1.2.4_codebase-v0.3.42_params-1cbdbee_config-7940dfd_attempt-1/dataset_description.json"": ""cc5ce7e7-c0d9-44ad-8d1b-e2b368ba1b24""}"		"{""derivatives/dandiset-000363/sub-480928/sub-480928_ses-20210125T124258_behavior+ecephys+ogen/pipeline-aind+ephys/version-v1.2.4_codebase-v0.3.42_params-1cbdbee_config-7940dfd_attempt-1/logs/job-16256889_slurm.log"": ""3d80b897-57f6-401e-ae98-e36231f545a7"", ""derivatives/dandiset-000363/sub-480928/sub-480928_ses-20210125T124258_behavior+ecephys+ogen/pipeline-aind+ephys/version-v1.2.4_codebase-v0.3.42_params-1cbdbee_config-7940dfd_attempt-1/logs/nextflow.log"": ""40a11f75-551b-4694-92d4-da59af46f968""}"	2026-06-22T16:35:15.180088-04:00	2026-06-22T16:35:15.792680-04:00
000363	sub-480928/sub-480928_ses-20210125T124258_behavior+ecephys+ogen.nwb	aind+ephys	v1.2.4	1cbdbee	7940dfd	1	v0.3.43	1ef4ac37-a175-41ec-9902-711933151a42	513737545307	True	True	False	True	"{""derivatives/dandiset-000363/sub-480928/sub-480928_ses-20210125T124258_behavior+ecephys+ogen/pipeline-aind+ephys/version-v1.2.4_codebase-v0.3.43_params-1cbdbee_config-7940dfd_attempt-1/dataset_description.json"": ""7eb679e7-3262-468b-af8f-1d1fa70cc23a""}"		"{""derivatives/dandiset-000363/sub-480928/sub-480928_ses-20210125T124258_behavior+ecephys+ogen/pipeline-aind+ephys/version-v1.2.4_codebase-v0.3.43_params-1cbdbee_config-7940dfd_attempt-1/logs/dag.html"": ""374d93d6-f54a-49e3-9bd4-23cc49c2e489"", ""derivatives/dandiset-000363/sub-480928/sub-480928_ses-20210125T124258_behavior+ecephys+ogen/pipeline-aind+ephys/version-v1.2.4_codebase-v0.3.43_params-1cbdbee_config-7940dfd_attempt-1/logs/job-16336518_slurm.log"": ""2b1f5d13-2cee-4997-b600-653220843b9c"", ""derivatives/dandiset-000363/sub-480928/sub-480928_ses-20210125T124258_behavior+ecephys+ogen/pipeline-aind+ephys/version-v1.2.4_codebase-v0.3.43_params-1cbdbee_config-7940dfd_attempt-1/logs/nextflow.log"": ""364b3400-9015-4356-9065-12ea42a26208"", ""derivatives/dandiset-000363/sub-480928/sub-480928_ses-20210125T124258_behavior+ecephys+ogen/pipeline-aind+ephys/version-v1.2.4_codebase-v0.3.43_params-1cbdbee_config-7940dfd_attempt-1/logs/report.html"": ""0de78716-10d7-4c18-949c-eb623c1f0bb9"", ""derivatives/dandiset-000363/sub-480928/sub-480928_ses-20210125T124258_behavior+ecephys+ogen/pipeline-aind+ephys/version-v1.2.4_codebase-v0.3.43_params-1cbdbee_config-7940dfd_attempt-1/logs/timeline.html"": ""0b5fe457-08ac-41b2-9755-638c2b05e8be"", ""derivatives/dandiset-000363/sub-480928/sub-480928_ses-20210125T124258_behavior+ecephys+ogen/pipeline-aind+ephys/version-v1.2.4_codebase-v0.3.43_params-1cbdbee_config-7940dfd_attempt-1/logs/trace.txt"": ""5cd3129f-25ff-4408-8a2c-8e5e0edb9abc""}"	2026-09-08T17:14:21.203860-04:00	2026-09-08T17:14:22.301574-04:00
000363	sub-480928/sub-480928_ses-20210128T133949_behavior+ecephys+ogen.nwb	aind+ephys	v1.2.4	1cbdbee	7940dfd	1	v0.3.49	ba5b1ff3-753e-425c-baf0-e7cdd0c08093	525704851758	True	True	False	True	"{""derivatives/dandiset-000363/sub-480928/sub-480928_ses-20210128T133949_behavior+ecephys+ogen/pipeline-aind+ephys/version-v1.2.4_codebase-v0.3.49_params-1cbdbee_config-7940dfd_attempt-1/dataset_description.json"": ""9152b982-e2ac-42a8-9c32-63163eba7ea8""}"		"{""derivatives/dandiset-000363/sub-480928/sub-480928_ses-20210128T133949_behavior+ecephys+ogen/pipeline-aind+ephys/version-v1.2.4_codebase-v0.3.49_params-1cbdbee_config-7940dfd_attempt-1/logs/dag.html"": ""374d93d6-f54a-49e3-9bd4-23cc49c2e489"", ""derivatives/dandiset-000363/sub-480928/sub-480928_ses-20210128T133949_behavior+ecephys+ogen/pipeline-aind+ephys/version-v1.2.4_codebase-v0.3.49_params-1cbdbee_config-7940dfd_attempt-1/logs/job-18956591_slurm.log"": ""1016b7ae-e429-4966-951c-52a84ebac695"", ""derivatives/dandiset-000363/sub-480928/sub-480928_ses-20210128T133949_behavior+ecephys+ogen/pipeline-aind+ephys/version-v1.2.4_codebase-v0.3.49_params-1cbdbee_config-7940dfd_attempt-1/logs/nextflow.log"": ""b584c692-0c53-4d6a-be57-e20455b96b18"", ""derivatives/dandiset-000363/sub-480928/sub-480928_ses-20210128T133949_behavior+ecephys+ogen/pipeline-aind+ephys/version-v1.2.4_codebase-v0.3.49_params-1cbdbee_config-7940dfd_attempt-1/logs/report.html"": ""d0d45d35-1674-4c60-a3c3-d2cf9220bc41"", ""derivatives/dandiset-000363/sub-480928/sub-480928_ses-20210128T133949_behavior+ecephys+ogen/pipeline-aind+ephys/version-v1.2.4_codebase-v0.3.49_params-1cbdbee_config-7940dfd_attempt-1/logs/timeline.html"": ""b7dc11cf-ae10-478d-a625-ae4049ea094e"", ""derivatives/dandiset-000363/sub-480928/sub-480928_ses-20210128T133949_behavior+ecephys+ogen/pipeline-aind+ephys/version-v1.2.4_codebase-v0.3.49_params-1cbdbee_config-7940dfd_attempt-1/logs/trace.txt"": ""92777a0c-085a-469a-bec7-a10648d7ce5d""}"	2026-09-08T17:14:33.371968-04:00	2026-09-08T17:14:34.349244-04:00
000363	sub-484672/sub-484672_ses-20210319T144211_behavior+ecephys+ogen.nwb	aind+ephys	v1.2.2	1cbdbee	7940dfd	1	v0.3.28	4ec09778-4617-45f1-b012-8059518f069a	413760500719	True	True	False	True	"{""derivatives/dandiset-000363/sub-484672/sub-484672_ses-20210319T144211_behavior+ecephys+ogen/pipeline-aind+ephys/version-v1.2.2_codebase-v0.3.28_params-1cbdbee_config-7940dfd_attempt-1/dataset_description.json"": ""86bc4669-65dd-4d3c-af7c-87f24e51b37b""}"		"{""derivatives/dandiset-000363/sub-484672/sub-484672_ses-20210319T144211_behavior+ecephys+ogen/pipeline-aind+ephys/version-v1.2.2_codebase-v0.3.28_params-1cbdbee_config-7940dfd_attempt-1/logs/dag.html"": ""374d93d6-f54a-49e3-9bd4-23cc49c2e489"", ""derivatives/dandiset-000363/sub-484672/sub-484672_ses-20210319T144211_behavior+ecephys+ogen/pipeline-aind+ephys/version-v1.2.2_codebase-v0.3.28_params-1cbdbee_config-7940dfd_attempt-1/logs/job-15623535_slurm.log"": ""c619a7ec-2b32-4cb9-a5da-76230e0e5030"", ""derivatives/dandiset-000363/sub-484672/sub-484672_ses-20210319T144211_behavior+ecephys+ogen/pipeline-aind+ephys/version-v1.2.2_codebase-v0.3.28_params-1cbdbee_config-7940dfd_attempt-1/logs/nextflow.log"": ""48065e36-c663-4e34-881e-0c85134b5620"", ""derivatives/dandiset-000363/sub-484672/sub-484672_ses-20210319T144211_behavior+ecephys+ogen/pipeline-aind+ephys/version-v1.2.2_codebase-v0.3.28_params-1cbdbee_config-7940dfd_attempt-1/logs/report.html"": ""880ca67c-74fd-46f8-b451-f68be56532d9"", ""derivatives/dandiset-000363/sub-484672/sub-484672_ses-20210319T144211_behavior+ecephys+ogen/pipeline-aind+ephys/version-v1.2.2_codebase-v0.3.28_params-1cbdbee_config-7940dfd_attempt-1/logs/timeline.html"": ""50d91031-372a-4953-a566-e93914387b8d"", ""derivatives/dandiset-000363/sub-484672/sub-484672_ses-20210319T144211_behavior+ecephys+ogen/pipeline-aind+ephys/version-v1.2.2_codebase-v0.3.28_params-1cbdbee_config-7940dfd_attempt-1/logs/trace.txt"": ""22f62e8d-aced-41d0-abc4-f4431882727f""}"	2026-09-08T17:14:47.095690-04:00	2026-09-08T17:14:48.188432-04:00
000363	sub-484672/sub-484672_ses-20210319T144211_behavior+ecephys+ogen.nwb	aind+ephys	v1.2.4	1cbdbee	7940dfd	1	v0.3.43	4ec09778-4617-45f1-b012-8059518f069a	413760500719	True	True	False	True	"{""derivatives/dandiset-000363/sub-484672/sub-484672_ses-20210319T144211_behavior+ecephys+ogen/pipeline-aind+ephys/version-v1.2.4_codebase-v0.3.43_params-1cbdbee_config-7940dfd_attempt-1/dataset_description.json"": ""7eb679e7-3262-468b-af8f-1d1fa70cc23a""}"		"{""derivatives/dandiset-000363/sub-484672/sub-484672_ses-20210319T144211_behavior+ecephys+ogen/pipeline-aind+ephys/version-v1.2.4_codebase-v0.3.43_params-1cbdbee_config-7940dfd_attempt-1/logs/dag.html"": ""374d93d6-f54a-49e3-9bd4-23cc49c2e489"", ""derivatives/dandiset-000363/sub-484672/sub-484672_ses-20210319T144211_behavior+ecephys+ogen/pipeline-aind+ephys/version-v1.2.4_codebase-v0.3.43_params-1cbdbee_config-7940dfd_attempt-1/logs/job-16440396_slurm.log"": ""ea0a1126-fa10-4d68-a2b0-0e54fa95e184"", ""derivatives/dandiset-000363/sub-484672/sub-484672_ses-20210319T144211_behavior+ecephys+ogen/pipeline-aind+ephys/version-v1.2.4_codebase-v0.3.43_params-1cbdbee_config-7940dfd_attempt-1/logs/nextflow.log"": ""5ba2fd7a-01fc-4d2c-baad-45fb21a10b39"", ""derivatives/dandiset-000363/sub-484672/sub-484672_ses-20210319T144211_behavior+ecephys+ogen/pipeline-aind+ephys/version-v1.2.4_codebase-v0.3.43_params-1cbdbee_config-7940dfd_attempt-1/logs/report.html"": ""17847f4f-0b34-4bb7-8633-78115eb76f7a"", ""derivatives/dandiset-000363/sub-484672/sub-484672_ses-20210319T144211_behavior+ecephys+ogen/pipeline-aind+ephys/version-v1.2.4_codebase-v0.3.43_params-1cbdbee_config-7940dfd_attempt-1/logs/timeline.html"": ""37b02e9e-fbda-4f09-98f3-d414e8f3b694"", ""derivatives/dandiset-000363/sub-484672/sub-484672_ses-20210319T144211_behavior+ecephys+ogen/pipeline-aind+ephys/version-v1.2.4_codebase-v0.3.43_params-1cbdbee_config-7940dfd_attempt-1/logs/trace.txt"": ""719495b7-f0ee-412d-83aa-82a6fd85ea13""}"	2026-09-08T17:15:01.632985-04:00	2026-09-08T17:15:03.265144-04:00
000363	sub-484672/sub-484672_ses-20210319T144211_behavior+ecephys+ogen.nwb	aind+ephys	v1.2.4	1cbdbee	7940dfd	1	v0.3.49	4ec09778-4617-45f1-b012-8059518f069a	413760500719	True	True	False	True	"{""derivatives/dandiset-000363/sub-484672/sub-484672_ses-20210319T144211_behavior+ecephys+ogen/pipeline-aind+ephys/version-v1.2.4_codebase-v0.3.49_params-1cbdbee_config-7940dfd_attempt-1/dataset_description.json"": ""9152b982-e2ac-42a8-9c32-63163eba7ea8""}"		"{""derivatives/dandiset-000363/sub-484672/sub-484672_ses-20210319T144211_behavior+ecephys+ogen/pipeline-aind+ephys/version-v1.2.4_codebase-v0.3.49_params-1cbdbee_config-7940dfd_attempt-1/logs/dag.html"": ""374d93d6-f54a-49e3-9bd4-23cc49c2e489"", ""derivatives/dandiset-000363/sub-484672/sub-484672_ses-20210319T144211_behavior+ecephys+ogen/pipeline-aind+ephys/version-v1.2.4_codebase-v0.3.49_params-1cbdbee_config-7940dfd_attempt-1/logs/job-18807205_slurm.log"": ""3d82ccec-d418-4695-9f3b-d3db8eb236fc"", ""derivatives/dandiset-000363/sub-484672/sub-484672_ses-20210319T144211_behavior+ecephys+ogen/pipeline-aind+ephys/version-v1.2.4_codebase-v0.3.49_params-1cbdbee_config-7940dfd_attempt-1/logs/nextflow.log"": ""a9686b76-8f7a-429e-bbf3-bd77ca3df3f6"", ""derivatives/dandiset-000363/sub-484672/sub-484672_ses-20210319T144211_behavior+ecephys+ogen/pipeline-aind+ephys/version-v1.2.4_codebase-v0.3.49_params-1cbdbee_config-7940dfd_attempt-1/logs/report.html"": ""0166c151-e037-43cf-8921-07a86e219de3"", ""derivatives/dandiset-000363/sub-484672/sub-484672_ses-20210319T144211_behavior+ecephys+ogen/pipeline-aind+ephys/version-v1.2.4_codebase-v0.3.49_params-1cbdbee_config-7940dfd_attempt-1/logs/timeline.html"": ""0e2dfa93-ad7a-4d7a-b5ed-b37b27a0d78b"", ""derivatives/dandiset-000363/sub-484672/sub-484672_ses-20210319T144211_behavior+ecephys+ogen/pipeline-aind+ephys/version-v1.2.4_codebase-v0.3.49_params-1cbdbee_config-7940dfd_attempt-1/logs/trace.txt"": ""9adf38f8-719c-419b-a09b-7fbc36d23579""}"	2026-09-08T17:15:13.604211-04:00	2026-09-08T17:15:14.723102-04:00
000363	sub-484673/sub-484673_ses-20210430T132651_behavior+ecephys+ogen.nwb	aind+ephys	v1.2.4	1cbdbee	7940dfd	1	v0.3.49	f614382c-aeca-4b61-a163-30858860ebed	416151738153	True	True	False	True	"{""derivatives/dandiset-000363/sub-484673/sub-484673_ses-20210430T132651_behavior+ecephys+ogen/pipeline-aind+ephys/version-v1.2.4_codebase-v0.3.49_params-1cbdbee_config-7940dfd_attempt-1/dataset_description.json"": ""9152b982-e2ac-42a8-9c32-63163eba7ea8""}"		"{""derivatives/dandiset-000363/sub-484673/sub-484673_ses-20210430T132651_behavior+ecephys+ogen/pipeline-aind+ephys/version-v1.2.4_codebase-v0.3.49_params-1cbdbee_config-7940dfd_attempt-1/logs/dag.html"": ""374d93d6-f54a-49e3-9bd4-23cc49c2e489"", ""derivatives/dandiset-000363/sub-484673/sub-484673_ses-20210430T132651_behavior+ecephys+ogen/pipeline-aind+ephys/version-v1.2.4_codebase-v0.3.49_params-1cbdbee_config-7940dfd_attempt-1/logs/job-17642676_slurm.log"": ""84c03d20-2d79-4df5-8566-a4f6110697d9"", ""derivatives/dandiset-000363/sub-484673/sub-484673_ses-20210430T132651_behavior+ecephys+ogen/pipeline-aind+ephys/version-v1.2.4_codebase-v0.3.49_params-1cbdbee_config-7940dfd_attempt-1/logs/nextflow.log"": ""d22484bd-7181-4ede-bb22-605f1a1f3608"", ""derivatives/dandiset-000363/sub-484673/sub-484673_ses-20210430T132651_behavior+ecephys+ogen/pipeline-aind+ephys/version-v1.2.4_codebase-v0.3.49_params-1cbdbee_config-7940dfd_attempt-1/logs/report.html"": ""bdb9c3dc-3246-4c91-a33b-cf60b465d23d"", ""derivatives/dandiset-000363/sub-484673/sub-484673_ses-20210430T132651_behavior+ecephys+ogen/pipeline-aind+ephys/version-v1.2.4_codebase-v0.3.49_params-1cbdbee_config-7940dfd_attempt-1/logs/timeline.html"": ""c151007b-10c6-40c9-b0fe-1d1b450a783b"", ""derivatives/dandiset-000363/sub-484673/sub-484673_ses-20210430T132651_behavior+ecephys+ogen/pipeline-aind+ephys/version-v1.2.4_codebase-v0.3.49_params-1cbdbee_config-7940dfd_attempt-1/logs/trace.txt"": ""0b67d501-09cb-4fb3-90c5-3a707b5f8191""}"	2026-09-08T17:15:25.051885-04:00	2026-09-08T17:15:26.165498-04:00
000363	sub-484673/sub-484673_ses-20210505T131153_behavior+ecephys+ogen.nwb	aind+ephys	v1.2.2	1cbdbee	7940dfd	1	v0.3.34	fc6e22f5-3424-4558-a781-9fc8838ac427	459652455256	True	True	False	True	"{""derivatives/dandiset-000363/sub-484673/sub-484673_ses-20210505T131153_behavior+ecephys+ogen/pipeline-aind+ephys/version-v1.2.2_codebase-v0.3.34_params-1cbdbee_config-7940dfd_attempt-1/dataset_description.json"": ""b62f08b0-409f-4348-900f-27aa1eb3c1e8""}"		"{""derivatives/dandiset-000363/sub-484673/sub-484673_ses-20210505T131153_behavior+ecephys+ogen/pipeline-aind+ephys/version-v1.2.2_codebase-v0.3.34_params-1cbdbee_config-7940dfd_attempt-1/logs/job-15971457_slurm.log"": ""6fc5c834-7cc4-40d9-9011-0d8ed1525b08"", ""derivatives/dandiset-000363/sub-484673/sub-484673_ses-20210505T131153_behavior+ecephys+ogen/pipeline-aind+ephys/version-v1.2.2_codebase-v0.3.34_params-1cbdbee_config-7940dfd_attempt-1/logs/nextflow.log"": ""955b8214-2f53-49f8-b826-a4be67ea9ac0""}"	2026-06-21T15:34:01.785357-04:00	2026-06-21T15:34:02.312868-04:00
000363	sub-484673/sub-484673_ses-20210505T131153_behavior+ecephys+ogen.nwb	aind+ephys	v1.2.2	1cbdbee	7940dfd	1	v0.3.28	fc6e22f5-3424-4558-a781-9fc8838ac427	459652455256	True	True	False	True	"{""derivatives/dandiset-000363/sub-484673/sub-484673_ses-20210505T131153_behavior+ecephys+ogen/pipeline-aind+ephys/version-v1.2.2_codebase-v0.3.28_params-1cbdbee_config-7940dfd_attempt-1/dataset_description.json"": ""86bc4669-65dd-4d3c-af7c-87f24e51b37b""}"		"{""derivatives/dandiset-000363/sub-484673/sub-484673_ses-20210505T131153_behavior+ecephys+ogen/pipeline-aind+ephys/version-v1.2.2_codebase-v0.3.28_params-1cbdbee_config-7940dfd_attempt-1/logs/dag.html"": ""374d93d6-f54a-49e3-9bd4-23cc49c2e489"", ""derivatives/dandiset-000363/sub-484673/sub-484673_ses-20210505T131153_behavior+ecephys+ogen/pipeline-aind+ephys/version-v1.2.2_codebase-v0.3.28_params-1cbdbee_config-7940dfd_attempt-1/logs/job-15743503_slurm.log"": ""a042234b-e146-4c7e-9d86-236ceee2a3ea"", ""derivatives/dandiset-000363/sub-484673/sub-484673_ses-20210505T131153_behavior+ecephys+ogen/pipeline-aind+ephys/version-v1.2.2_codebase-v0.3.28_params-1cbdbee_config-7940dfd_attempt-1/logs/nextflow.log"": ""6733fa50-ebfb-475a-b6cd-d6487c54b7a4"", ""derivatives/dandiset-000363/sub-484673/sub-484673_ses-20210505T131153_behavior+ecephys+ogen/pipeline-aind+ephys/version-v1.2.2_codebase-v0.3.28_params-1cbdbee_config-7940dfd_attempt-1/logs/report.html"": ""afcb1919-923e-4fa3-a13e-534d04256299"", ""derivatives/dandiset-000363/sub-484673/sub-484673_ses-20210505T131153_behavior+ecephys+ogen/pipeline-aind+ephys/version-v1.2.2_codebase-v0.3.28_params-1cbdbee_config-7940dfd_attempt-1/logs/timeline.html"": ""c557bf64-6077-4c57-be56-99ba4500c847"", ""derivatives/dandiset-000363/sub-484673/sub-484673_ses-20210505T131153_behavior+ecephys+ogen/pipeline-aind+ephys/version-v1.2.2_codebase-v0.3.28_params-1cbdbee_config-7940dfd_attempt-1/logs/trace.txt"": ""99724314-7a91-4111-941a-5cba6935c421""}"	2026-09-08T17:15:37.923919-04:00	2026-09-08T17:15:39.083922-04:00
000363	sub-484673/sub-484673_ses-20210505T131153_behavior+ecephys+ogen.nwb	aind+ephys	v1.2.4	1cbdbee	7940dfd	1	v0.3.39	fc6e22f5-3424-4558-a781-9fc8838ac427	459652455256	True	True	False	True	"{""derivatives/dandiset-000363/sub-484673/sub-484673_ses-20210505T131153_behavior+ecephys+ogen/pipeline-aind+ephys/version-v1.2.4_codebase-v0.3.39_params-1cbdbee_config-7940dfd_attempt-1/dataset_description.json"": ""c6f937db-6902-4e45-8311-011c813f2f1a""}"		"{""derivatives/dandiset-000363/sub-484673/sub-484673_ses-20210505T131153_behavior+ecephys+ogen/pipeline-aind+ephys/version-v1.2.4_codebase-v0.3.39_params-1cbdbee_config-7940dfd_attempt-1/logs/dag.html"": ""374d93d6-f54a-49e3-9bd4-23cc49c2e489"", ""derivatives/dandiset-000363/sub-484673/sub-484673_ses-20210505T131153_behavior+ecephys+ogen/pipeline-aind+ephys/version-v1.2.4_codebase-v0.3.39_params-1cbdbee_config-7940dfd_attempt-1/logs/job-16168613_slurm.log"": ""3078c544-63a3-4cda-b6e2-70574da5584c"", ""derivatives/dandiset-000363/sub-484673/sub-484673_ses-20210505T131153_behavior+ecephys+ogen/pipeline-aind+ephys/version-v1.2.4_codebase-v0.3.39_params-1cbdbee_config-7940dfd_attempt-1/logs/nextflow.log"": ""62526de1-807b-46c2-b9a0-c617a42c4006"", ""derivatives/dandiset-000363/sub-484673/sub-484673_ses-20210505T131153_behavior+ecephys+ogen/pipeline-aind+ephys/version-v1.2.4_codebase-v0.3.39_params-1cbdbee_config-7940dfd_attempt-1/logs/report.html"": ""6d37dd69-5d53-4b2f-8d7d-98d3cc6f179d"", ""derivatives/dandiset-000363/sub-484673/sub-484673_ses-20210505T131153_behavior+ecephys+ogen/pipeline-aind+ephys/version-v1.2.4_codebase-v0.3.39_params-1cbdbee_config-7940dfd_attempt-1/logs/timeline.html"": ""71bbcce9-d8dc-4a8f-9854-13c51f7b1177"", ""derivatives/dandiset-000363/sub-484673/sub-484673_ses-20210505T131153_behavior+ecephys+ogen/pipeline-aind+ephys/version-v1.2.4_codebase-v0.3.39_params-1cbdbee_config-7940dfd_attempt-1/logs/trace.txt"": ""9e30895e-2f2d-4c2b-a201-1070791bc9ad""}"	2026-09-08T17:15:50.121853-04:00	2026-09-08T17:15:51.434333-04:00
000363	sub-484673/sub-484673_ses-20210507T135524_behavior+ecephys+ogen.nwb	aind+ephys	v1.2.2	1cbdbee	7940dfd	1	v0.3.28	20d23c63-a94b-480a-8df6-2c3110fdd2bc	615883550758	True	True	False	True	"{""derivatives/dandiset-000363/sub-484673/sub-484673_ses-20210507T135524_behavior+ecephys+ogen/pipeline-aind+ephys/version-v1.2.2_codebase-v0.3.28_params-1cbdbee_config-7940dfd_attempt-1/dataset_description.json"": ""86bc4669-65dd-4d3c-af7c-87f24e51b37b""}"		"{""derivatives/dandiset-000363/sub-484673/sub-484673_ses-20210507T135524_behavior+ecephys+ogen/pipeline-aind+ephys/version-v1.2.2_codebase-v0.3.28_params-1cbdbee_config-7940dfd_attempt-1/logs/dag.html"": ""374d93d6-f54a-49e3-9bd4-23cc49c2e489"", ""derivatives/dandiset-000363/sub-484673/sub-484673_ses-20210507T135524_behavior+ecephys+ogen/pipeline-aind+ephys/version-v1.2.2_codebase-v0.3.28_params-1cbdbee_config-7940dfd_attempt-1/logs/job-15558524_slurm.log"": ""439f804f-f342-413b-a4f1-ccb548cc08dd"", ""derivatives/dandiset-000363/sub-484673/sub-484673_ses-20210507T135524_behavior+ecephys+ogen/pipeline-aind+ephys/version-v1.2.2_codebase-v0.3.28_params-1cbdbee_config-7940dfd_attempt-1/logs/nextflow.log"": ""96ef5d4f-218b-4bc7-a775-3151ca09d629"", ""derivatives/dandiset-000363/sub-484673/sub-484673_ses-20210507T135524_behavior+ecephys+ogen/pipeline-aind+ephys/version-v1.2.2_codebase-v0.3.28_params-1cbdbee_config-7940dfd_attempt-1/logs/report.html"": ""bbb20551-87e0-4e06-81a9-95c7bc0b7181"", ""derivatives/dandiset-000363/sub-484673/sub-484673_ses-20210507T135524_behavior+ecephys+ogen/pipeline-aind+ephys/version-v1.2.2_codebase-v0.3.28_params-1cbdbee_config-7940dfd_attempt-1/logs/timeline.html"": ""916459b5-15ab-4ab8-934b-a13330700c5d"", ""derivatives/dandiset-000363/sub-484673/sub-484673_ses-20210507T135524_behavior+ecephys+ogen/pipeline-aind+ephys/version-v1.2.2_codebase-v0.3.28_params-1cbdbee_config-7940dfd_attempt-1/logs/trace.txt"": ""cdd3d37c-6cb7-4bd8-8a1a-16595dc8cdc6""}"	2026-09-08T17:16:02.863296-04:00	2026-09-08T17:16:04.123142-04:00
000363	sub-484673/sub-484673_ses-20210507T135524_behavior+ecephys+ogen.nwb	aind+ephys	v1.2.4	1cbdbee	7940dfd	1	v0.3.43	20d23c63-a94b-480a-8df6-2c3110fdd2bc	615883550758	True	True	False	True	"{""derivatives/dandiset-000363/sub-484673/sub-484673_ses-20210507T135524_behavior+ecephys+ogen/pipeline-aind+ephys/version-v1.2.4_codebase-v0.3.43_params-1cbdbee_config-7940dfd_attempt-1/dataset_description.json"": ""7eb679e7-3262-468b-af8f-1d1fa70cc23a""}"		"{""derivatives/dandiset-000363/sub-484673/sub-484673_ses-20210507T135524_behavior+ecephys+ogen/pipeline-aind+ephys/version-v1.2.4_codebase-v0.3.43_params-1cbdbee_config-7940dfd_attempt-1/logs/dag.html"": ""374d93d6-f54a-49e3-9bd4-23cc49c2e489"", ""derivatives/dandiset-000363/sub-484673/sub-484673_ses-20210507T135524_behavior+ecephys+ogen/pipeline-aind+ephys/version-v1.2.4_codebase-v0.3.43_params-1cbdbee_config-7940dfd_attempt-1/logs/job-16319053_slurm.log"": ""9ea5d127-184c-425b-8aff-5d5c52d0ee02"", ""derivatives/dandiset-000363/sub-484673/sub-484673_ses-20210507T135524_behavior+ecephys+ogen/pipeline-aind+ephys/version-v1.2.4_codebase-v0.3.43_params-1cbdbee_config-7940dfd_attempt-1/logs/nextflow.log"": ""ca6c5bb0-b762-4407-a6dc-dd4dfa0c7db0"", ""derivatives/dandiset-000363/sub-484673/sub-484673_ses-20210507T135524_behavior+ecephys+ogen/pipeline-aind+ephys/version-v1.2.4_codebase-v0.3.43_params-1cbdbee_config-7940dfd_attempt-1/logs/report.html"": ""f195c10b-9759-4f16-9ee0-2b928757cfb0"", ""derivatives/dandiset-000363/sub-484673/sub-484673_ses-20210507T135524_behavior+ecephys+ogen/pipeline-aind+ephys/version-v1.2.4_codebase-v0.3.43_params-1cbdbee_config-7940dfd_attempt-1/logs/timeline.html"": ""687aacbe-d4cc-4be8-b131-87d33ad308c0"", ""derivatives/dandiset-000363/sub-484673/sub-484673_ses-20210507T135524_behavior+ecephys+ogen/pipeline-aind+ephys/version-v1.2.4_codebase-v0.3.43_params-1cbdbee_config-7940dfd_attempt-1/logs/trace.txt"": ""98dc2ddc-fa56-4ba7-a50e-a6289ac9ad93""}"	2026-09-08T17:16:17.406194-04:00	2026-09-08T17:16:18.668599-04:00
000363	sub-484673/sub-484673_ses-20210507T135524_behavior+ecephys+ogen.nwb	aind+ephys	v1.2.4	1cbdbee	7940dfd	1	v0.3.49	20d23c63-a94b-480a-8df6-2c3110fdd2bc	615883550758	True	True	False	True	"{""derivatives/dandiset-000363/sub-484673/sub-484673_ses-20210507T135524_behavior+ecephys+ogen/pipeline-aind+ephys/version-v1.2.4_codebase-v0.3.49_params-1cbdbee_config-7940dfd_attempt-1/dataset_description.json"": ""9152b982-e2ac-42a8-9c32-63163eba7ea8""}"		"{""derivatives/dandiset-000363/sub-484673/sub-484673_ses-20210507T135524_behavior+ecephys+ogen/pipeline-aind+ephys/version-v1.2.4_codebase-v0.3.49_params-1cbdbee_config-7940dfd_attempt-1/logs/dag.html"": ""374d93d6-f54a-49e3-9bd4-23cc49c2e489"", ""derivatives/dandiset-000363/sub-484673/sub-484673_ses-20210507T135524_behavior+ecephys+ogen/pipeline-aind+ephys/version-v1.2.4_codebase-v0.3.49_params-1cbdbee_config-7940dfd_attempt-1/logs/job-17940396_slurm.log"": ""4218df5e-329e-42e4-91ee-e65edeaa4511"", ""derivatives/dandiset-000363/sub-484673/sub-484673_ses-20210507T135524_behavior+ecephys+ogen/pipeline-aind+ephys/version-v1.2.4_codebase-v0.3.49_params-1cbdbee_config-7940dfd_attempt-1/logs/nextflow.log"": ""305dad36-e43d-4324-8012-5abb5c94214a"", ""derivatives/dandiset-000363/sub-484673/sub-484673_ses-20210507T135524_behavior+ecephys+ogen/pipeline-aind+ephys/version-v1.2.4_codebase-v0.3.49_params-1cbdbee_config-7940dfd_attempt-1/logs/report.html"": ""ee2a13b6-5365-4780-8d4f-b626fd0d83ae"", ""derivatives/dandiset-000363/sub-484673/sub-484673_ses-20210507T135524_behavior+ecephys+ogen/pipeline-aind+ephys/version-v1.2.4_codebase-v0.3.49_params-1cbdbee_config-7940dfd_attempt-1/logs/timeline.html"": ""6036eda3-96d5-434c-a0ab-bbf42d1fabed"", ""derivatives/dandiset-000363/sub-484673/sub-484673_ses-20210507T135524_behavior+ecephys+ogen/pipeline-aind+ephys/version-v1.2.4_codebase-v0.3.49_params-1cbdbee_config-7940dfd_attempt-1/logs/trace.txt"": ""81f1906d-f426-4dac-8e9d-e28e170edcda""}"	2026-09-08T17:16:31.391885-04:00	2026-09-08T17:16:32.895134-04:00
000363	sub-484674/sub-484674_ses-20210504T155124_behavior+ecephys+ogen.nwb	aind+ephys	v1.2.4	1cbdbee	7940dfd	1	v0.3.43	c4d27635-994f-41dc-8707-56264ae1d119	422508809848	True	True	False	True	"{""derivatives/dandiset-000363/sub-484674/sub-484674_ses-20210504T155124_behavior+ecephys+ogen/pipeline-aind+ephys/version-v1.2.4_codebase-v0.3.43_params-1cbdbee_config-7940dfd_attempt-1/dataset_description.json"": ""7eb679e7-3262-468b-af8f-1d1fa70cc23a""}"		"{""derivatives/dandiset-000363/sub-484674/sub-484674_ses-20210504T155124_behavior+ecephys+ogen/pipeline-aind+ephys/version-v1.2.4_codebase-v0.3.43_params-1cbdbee_config-7940dfd_attempt-1/logs/dag.html"": ""374d93d6-f54a-49e3-9bd4-23cc49c2e489"", ""derivatives/dandiset-000363/sub-484674/sub-484674_ses-20210504T155124_behavior+ecephys+ogen/pipeline-aind+ephys/version-v1.2.4_codebase-v0.3.43_params-1cbdbee_config-7940dfd_attempt-1/logs/job-16397128_slurm.log"": ""4e1afb29-3256-456d-a87a-bec497dda0b7"", ""derivatives/dandiset-000363/sub-484674/sub-484674_ses-20210504T155124_behavior+ecephys+ogen/pipeline-aind+ephys/version-v1.2.4_codebase-v0.3.43_params-1cbdbee_config-7940dfd_attempt-1/logs/nextflow.log"": ""8e16a34b-3f2b-4869-b7a3-3b8dd4ba1834"", ""derivatives/dandiset-000363/sub-484674/sub-484674_ses-20210504T155124_behavior+ecephys+ogen/pipeline-aind+ephys/version-v1.2.4_codebase-v0.3.43_params-1cbdbee_config-7940dfd_attempt-1/logs/report.html"": ""21d9a812-276a-4f90-8551-a920faca5d07"", ""derivatives/dandiset-000363/sub-484674/sub-484674_ses-20210504T155124_behavior+ecephys+ogen/pipeline-aind+ephys/version-v1.2.4_codebase-v0.3.43_params-1cbdbee_config-7940dfd_attempt-1/logs/timeline.html"": ""272de6e7-fc31-482f-b7fd-a9c4a1bc8211"", ""derivatives/dandiset-000363/sub-484674/sub-484674_ses-20210504T155124_behavior+ecephys+ogen/pipeline-aind+ephys/version-v1.2.4_codebase-v0.3.43_params-1cbdbee_config-7940dfd_attempt-1/logs/trace.txt"": ""036b66dd-5cab-463a-9110-5432a89996b4""}"	2026-09-08T17:16:45.230401-04:00	2026-09-08T17:16:46.494958-04:00
000363	sub-484674/sub-484674_ses-20210505T170309_behavior+ecephys+ogen.nwb	aind+ephys	v1.2.2	1cbdbee	7940dfd	1	v0.3.34	d2cc2f5c-ecf8-4756-9591-5eb92b4cceba	458828161228	True	True	False	True	"{""derivatives/dandiset-000363/sub-484674/sub-484674_ses-20210505T170309_behavior+ecephys+ogen/pipeline-aind+ephys/version-v1.2.2_codebase-v0.3.34_params-1cbdbee_config-7940dfd_attempt-1/dataset_description.json"": ""b62f08b0-409f-4348-900f-27aa1eb3c1e8""}"		"{""derivatives/dandiset-000363/sub-484674/sub-484674_ses-20210505T170309_behavior+ecephys+ogen/pipeline-aind+ephys/version-v1.2.2_codebase-v0.3.34_params-1cbdbee_config-7940dfd_attempt-1/logs/dag.html"": ""374d93d6-f54a-49e3-9bd4-23cc49c2e489"", ""derivatives/dandiset-000363/sub-484674/sub-484674_ses-20210505T170309_behavior+ecephys+ogen/pipeline-aind+ephys/version-v1.2.2_codebase-v0.3.34_params-1cbdbee_config-7940dfd_attempt-1/logs/job-15896788_slurm.log"": ""3cb4ce97-8844-4d89-91f1-f526a2a48d5c"", ""derivatives/dandiset-000363/sub-484674/sub-484674_ses-20210505T170309_behavior+ecephys+ogen/pipeline-aind+ephys/version-v1.2.2_codebase-v0.3.34_params-1cbdbee_config-7940dfd_attempt-1/logs/nextflow.log"": ""bf39d579-f395-4421-987e-33e2ace4c706"", ""derivatives/dandiset-000363/sub-484674/sub-484674_ses-20210505T170309_behavior+ecephys+ogen/pipeline-aind+ephys/version-v1.2.2_codebase-v0.3.34_params-1cbdbee_config-7940dfd_attempt-1/logs/report.html"": ""e33fefb2-bd9a-4c42-b47c-ad189efcd19f"", ""derivatives/dandiset-000363/sub-484674/sub-484674_ses-20210505T170309_behavior+ecephys+ogen/pipeline-aind+ephys/version-v1.2.2_codebase-v0.3.34_params-1cbdbee_config-7940dfd_attempt-1/logs/timeline.html"": ""f31d2b5f-e2b4-489d-afb3-d350504dca68"", ""derivatives/dandiset-000363/sub-484674/sub-484674_ses-20210505T170309_behavior+ecephys+ogen/pipeline-aind+ephys/version-v1.2.2_codebase-v0.3.34_params-1cbdbee_config-7940dfd_attempt-1/logs/trace.txt"": ""0071ea07-8934-41d6-be46-ea2a18ddaf75""}"	2026-09-08T17:17:00.178615-04:00	2026-09-08T17:17:01.471156-04:00
000363	sub-484674/sub-484674_ses-20210511T140555_behavior+ecephys+ogen.nwb	aind+ephys	v1.2.4	1cbdbee	7940dfd	1	v0.3.46	4a19ea1b-683a-4ffb-98e8-cb702cddee93	337295601478	True	True	False	True	"{""derivatives/dandiset-000363/sub-484674/sub-484674_ses-20210511T140555_behavior+ecephys+ogen/pipeline-aind+ephys/version-v1.2.4_codebase-v0.3.46_params-1cbdbee_config-7940dfd_attempt-1/dataset_description.json"": ""7a418444-5142-4b57-b236-0bfa056bb48a""}"		"{""derivatives/dandiset-000363/sub-484674/sub-484674_ses-20210511T140555_behavior+ecephys+ogen/pipeline-aind+ephys/version-v1.2.4_codebase-v0.3.46_params-1cbdbee_config-7940dfd_attempt-1/logs/dag.html"": ""374d93d6-f54a-49e3-9bd4-23cc49c2e489"", ""derivatives/dandiset-000363/sub-484674/sub-484674_ses-20210511T140555_behavior+ecephys+ogen/pipeline-aind+ephys/version-v1.2.4_codebase-v0.3.46_params-1cbdbee_config-7940dfd_attempt-1/logs/job-16455665_slurm.log"": ""70121843-08b4-4a8c-853d-79f393e17588"", ""derivatives/dandiset-000363/sub-484674/sub-484674_ses-20210511T140555_behavior+ecephys+ogen/pipeline-aind+ephys/version-v1.2.4_codebase-v0.3.46_params-1cbdbee_config-7940dfd_attempt-1/logs/nextflow.log"": ""6798e2ac-a987-4aaa-883f-e53a47e092c2"", ""derivatives/dandiset-000363/sub-484674/sub-484674_ses-20210511T140555_behavior+ecephys+ogen/pipeline-aind+ephys/version-v1.2.4_codebase-v0.3.46_params-1cbdbee_config-7940dfd_attempt-1/logs/report.html"": ""ca11f09b-27b5-40be-85a4-406914257119"", ""derivatives/dandiset-000363/sub-484674/sub-484674_ses-20210511T140555_behavior+ecephys+ogen/pipeline-aind+ephys/version-v1.2.4_codebase-v0.3.46_params-1cbdbee_config-7940dfd_attempt-1/logs/timeline.html"": ""49d276e4-45b3-4652-8dff-505358192e57"", ""derivatives/dandiset-000363/sub-484674/sub-484674_ses-20210511T140555_behavior+ecephys+ogen/pipeline-aind+ephys/version-v1.2.4_codebase-v0.3.46_params-1cbdbee_config-7940dfd_attempt-1/logs/trace.txt"": ""d666308c-5d53-41f7-81a2-b351a8b7868b""}"	2026-09-08T17:17:12.861868-04:00	2026-09-08T17:17:14.103443-04:00
000363	sub-484674/sub-484674_ses-20210511T140555_behavior+ecephys+ogen.nwb	aind+ephys	v1.2.4	1cbdbee	7940dfd	2	v0.3.46	4a19ea1b-683a-4ffb-98e8-cb702cddee93	337295601478	True	True	False	True	"{""derivatives/dandiset-000363/sub-484674/sub-484674_ses-20210511T140555_behavior+ecephys+ogen/pipeline-aind+ephys/version-v1.2.4_codebase-v0.3.46_params-1cbdbee_config-7940dfd_attempt-2/dataset_description.json"": ""7a418444-5142-4b57-b236-0bfa056bb48a""}"		"{""derivatives/dandiset-000363/sub-484674/sub-484674_ses-20210511T140555_behavior+ecephys+ogen/pipeline-aind+ephys/version-v1.2.4_codebase-v0.3.46_params-1cbdbee_config-7940dfd_attempt-2/logs/dag.html"": ""374d93d6-f54a-49e3-9bd4-23cc49c2e489"", ""derivatives/dandiset-000363/sub-484674/sub-484674_ses-20210511T140555_behavior+ecephys+ogen/pipeline-aind+ephys/version-v1.2.4_codebase-v0.3.46_params-1cbdbee_config-7940dfd_attempt-2/logs/job-16549183_slurm.log"": ""3a7b3079-4daa-40c3-b0ea-cf7c6f13b5bd"", ""derivatives/dandiset-000363/sub-484674/sub-484674_ses-20210511T140555_behavior+ecephys+ogen/pipeline-aind+ephys/version-v1.2.4_codebase-v0.3.46_params-1cbdbee_config-7940dfd_attempt-2/logs/nextflow.log"": ""d1de51b8-6113-4ec6-a07c-d8a15a602d3a"", ""derivatives/dandiset-000363/sub-484674/sub-484674_ses-20210511T140555_behavior+ecephys+ogen/pipeline-aind+ephys/version-v1.2.4_codebase-v0.3.46_params-1cbdbee_config-7940dfd_attempt-2/logs/report.html"": ""d2d690a7-c81a-43c7-9ef5-229f9dc61d3f"", ""derivatives/dandiset-000363/sub-484674/sub-484674_ses-20210511T140555_behavior+ecephys+ogen/pipeline-aind+ephys/version-v1.2.4_codebase-v0.3.46_params-1cbdbee_config-7940dfd_attempt-2/logs/timeline.html"": ""0620d64b-8a8a-4c69-827a-895e9b669312"", ""derivatives/dandiset-000363/sub-484674/sub-484674_ses-20210511T140555_behavior+ecephys+ogen/pipeline-aind+ephys/version-v1.2.4_codebase-v0.3.46_params-1cbdbee_config-7940dfd_attempt-2/logs/trace.txt"": ""8d65c222-07fd-489f-b2fc-a8fc5bc9cfbd""}"	2026-09-08T17:17:25.782974-04:00	2026-09-08T17:17:27.145657-04:00
000363	sub-484675/sub-484675_ses-20210319T121514_behavior+ecephys+ogen.nwb	aind+ephys	v1.2.4	1cbdbee	7940dfd	1	v0.3.46	5bdcf470-8602-4dcc-9faf-3c632c1d1d02	382482830678	True	True	False	True	"{""derivatives/dandiset-000363/sub-484675/sub-484675_ses-20210319T121514_behavior+ecephys+ogen/pipeline-aind+ephys/version-v1.2.4_codebase-v0.3.46_params-1cbdbee_config-7940dfd_attempt-1/dataset_description.json"": ""7a418444-5142-4b57-b236-0bfa056bb48a""}"		"{""derivatives/dandiset-000363/sub-484675/sub-484675_ses-20210319T121514_behavior+ecephys+ogen/pipeline-aind+ephys/version-v1.2.4_codebase-v0.3.46_params-1cbdbee_config-7940dfd_attempt-1/logs/dag.html"": ""374d93d6-f54a-49e3-9bd4-23cc49c2e489"", ""derivatives/dandiset-000363/sub-484675/sub-484675_ses-20210319T121514_behavior+ecephys+ogen/pipeline-aind+ephys/version-v1.2.4_codebase-v0.3.46_params-1cbdbee_config-7940dfd_attempt-1/logs/job-16441380_slurm.log"": ""a2e5f87c-6049-4841-9abb-bb0ce7d1008f"", ""derivatives/dandiset-000363/sub-484675/sub-484675_ses-20210319T121514_behavior+ecephys+ogen/pipeline-aind+ephys/version-v1.2.4_codebase-v0.3.46_params-1cbdbee_config-7940dfd_attempt-1/logs/nextflow.log"": ""1cf92bf2-cde8-4296-b2e6-8a098eeb65d3"", ""derivatives/dandiset-000363/sub-484675/sub-484675_ses-20210319T121514_behavior+ecephys+ogen/pipeline-aind+ephys/version-v1.2.4_codebase-v0.3.46_params-1cbdbee_config-7940dfd_attempt-1/logs/report.html"": ""09473803-cad0-47ec-ade7-a590360df691"", ""derivatives/dandiset-000363/sub-484675/sub-484675_ses-20210319T121514_behavior+ecephys+ogen/pipeline-aind+ephys/version-v1.2.4_codebase-v0.3.46_params-1cbdbee_config-7940dfd_attempt-1/logs/timeline.html"": ""7e8c01ad-f344-403c-bb29-12a571284049"", ""derivatives/dandiset-000363/sub-484675/sub-484675_ses-20210319T121514_behavior+ecephys+ogen/pipeline-aind+ephys/version-v1.2.4_codebase-v0.3.46_params-1cbdbee_config-7940dfd_attempt-1/logs/trace.txt"": ""56995f98-cdc6-4238-b3ef-d3353e981375""}"	2026-09-08T17:17:40.122555-04:00	2026-09-08T17:17:41.219427-04:00
000363	sub-484675/sub-484675_ses-20210324T182545_behavior+ecephys+ogen.nwb	aind+ephys	v1.2.4	1cbdbee	7940dfd	1	v0.3.39	44b4c10a-701f-4bda-b4ee-eda20a1ca4ee	257509941191	True	True	False	True	"{""derivatives/dandiset-000363/sub-484675/sub-484675_ses-20210324T182545_behavior+ecephys+ogen/pipeline-aind+ephys/version-v1.2.4_codebase-v0.3.39_params-1cbdbee_config-7940dfd_attempt-1/dataset_description.json"": ""c6f937db-6902-4e45-8311-011c813f2f1a""}"		"{""derivatives/dandiset-000363/sub-484675/sub-484675_ses-20210324T182545_behavior+ecephys+ogen/pipeline-aind+ephys/version-v1.2.4_codebase-v0.3.39_params-1cbdbee_config-7940dfd_attempt-1/logs/dag.html"": ""374d93d6-f54a-49e3-9bd4-23cc49c2e489"", ""derivatives/dandiset-000363/sub-484675/sub-484675_ses-20210324T182545_behavior+ecephys+ogen/pipeline-aind+ephys/version-v1.2.4_codebase-v0.3.39_params-1cbdbee_config-7940dfd_attempt-1/logs/job-16168630_slurm.log"": ""48ec032b-c850-4ff0-b817-7a37e7ac816f"", ""derivatives/dandiset-000363/sub-484675/sub-484675_ses-20210324T182545_behavior+ecephys+ogen/pipeline-aind+ephys/version-v1.2.4_codebase-v0.3.39_params-1cbdbee_config-7940dfd_attempt-1/logs/nextflow.log"": ""d2bd3d6a-c4d7-4dd1-893e-2988a8da946b"", ""derivatives/dandiset-000363/sub-484675/sub-484675_ses-20210324T182545_behavior+ecephys+ogen/pipeline-aind+ephys/version-v1.2.4_codebase-v0.3.39_params-1cbdbee_config-7940dfd_attempt-1/logs/report.html"": ""9efc6213-1fb1-44e7-822a-e17828dff90a"", ""derivatives/dandiset-000363/sub-484675/sub-484675_ses-20210324T182545_behavior+ecephys+ogen/pipeline-aind+ephys/version-v1.2.4_codebase-v0.3.39_params-1cbdbee_config-7940dfd_attempt-1/logs/timeline.html"": ""74dbf5b7-66ec-4039-bfa3-04c5c08ca5e3"", ""derivatives/dandiset-000363/sub-484675/sub-484675_ses-20210324T182545_behavior+ecephys+ogen/pipeline-aind+ephys/version-v1.2.4_codebase-v0.3.39_params-1cbdbee_config-7940dfd_attempt-1/logs/trace.txt"": ""c2d68457-3178-4a84-9a8b-219f41f3b19f""}"	2026-09-08T17:17:51.864081-04:00	2026-09-08T17:17:53.026685-04:00
000363	sub-484675/sub-484675_ses-20210324T182545_behavior+ecephys+ogen.nwb	aind+ephys	v1.2.4	1cbdbee	7940dfd	1	v0.3.49	44b4c10a-701f-4bda-b4ee-eda20a1ca4ee	257509941191	True	True	False	True	"{""derivatives/dandiset-000363/sub-484675/sub-484675_ses-20210324T182545_behavior+ecephys+ogen/pipeline-aind+ephys/version-v1.2.4_codebase-v0.3.49_params-1cbdbee_config-7940dfd_attempt-1/dataset_description.json"": ""9152b982-e2ac-42a8-9c32-63163eba7ea8""}"		"{""derivatives/dandiset-000363/sub-484675/sub-484675_ses-20210324T182545_behavior+ecephys+ogen/pipeline-aind+ephys/version-v1.2.4_codebase-v0.3.49_params-1cbdbee_config-7940dfd_attempt-1/logs/dag.html"": ""374d93d6-f54a-49e3-9bd4-23cc49c2e489"", ""derivatives/dandiset-000363/sub-484675/sub-484675_ses-20210324T182545_behavior+ecephys+ogen/pipeline-aind+ephys/version-v1.2.4_codebase-v0.3.49_params-1cbdbee_config-7940dfd_attempt-1/logs/job-17541580_slurm.log"": ""6536546d-25cb-4970-92f5-0057a4760daf"", ""derivatives/dandiset-000363/sub-484675/sub-484675_ses-20210324T182545_behavior+ecephys+ogen/pipeline-aind+ephys/version-v1.2.4_codebase-v0.3.49_params-1cbdbee_config-7940dfd_attempt-1/logs/nextflow.log"": ""ba0b69c0-96ac-4e19-98b9-9b9b6a1e71d8"", ""derivatives/dandiset-000363/sub-484675/sub-484675_ses-20210324T182545_behavior+ecephys+ogen/pipeline-aind+ephys/version-v1.2.4_codebase-v0.3.49_params-1cbdbee_config-7940dfd_attempt-1/logs/report.html"": ""f1e7b153-65aa-4471-be96-2e534be2818e"", ""derivatives/dandiset-000363/sub-484675/sub-484675_ses-20210324T182545_behavior+ecephys+ogen/pipeline-aind+ephys/version-v1.2.4_codebase-v0.3.49_params-1cbdbee_config-7940dfd_attempt-1/logs/timeline.html"": ""6186ba5d-a461-49c0-9f53-34f6e6fa7259"", ""derivatives/dandiset-000363/sub-484675/sub-484675_ses-20210324T182545_behavior+ecephys+ogen/pipeline-aind+ephys/version-v1.2.4_codebase-v0.3.49_params-1cbdbee_config-7940dfd_attempt-1/logs/trace.txt"": ""beb698bc-6ced-4059-ab69-a5c9e11f9e66""}"	2026-09-08T17:18:03.632720-04:00	2026-09-08T17:18:04.840069-04:00
000363	sub-484676/sub-484676_ses-20210415T121842_behavior+ecephys+ogen.nwb	aind+ephys	v1.2.2	1cbdbee	0d4bf36	1	v0.3.27	c63df6c0-19f3-45fe-b457-ccc62da5d091	369396190492	True	True	False	True	"{""derivatives/dandiset-000363/sub-484676/sub-484676_ses-20210415T121842_behavior+ecephys+ogen/pipeline-aind+ephys/version-v1.2.2_codebase-v0.3.27_params-1cbdbee_config-0d4bf36_attempt-1/dataset_description.json"": ""90be80a9-0de4-4719-a985-0358edc8bf27""}"		"{""derivatives/dandiset-000363/sub-484676/sub-484676_ses-20210415T121842_behavior+ecephys+ogen/pipeline-aind+ephys/version-v1.2.2_codebase-v0.3.27_params-1cbdbee_config-0d4bf36_attempt-1/logs/dag.html"": ""374d93d6-f54a-49e3-9bd4-23cc49c2e489"", ""derivatives/dandiset-000363/sub-484676/sub-484676_ses-20210415T121842_behavior+ecephys+ogen/pipeline-aind+ephys/version-v1.2.2_codebase-v0.3.27_params-1cbdbee_config-0d4bf36_attempt-1/logs/job-15536560_slurm.log"": ""2ddae00f-2a4b-4ac7-9d09-ebf032d62281"", ""derivatives/dandiset-000363/sub-484676/sub-484676_ses-20210415T121842_behavior+ecephys+ogen/pipeline-aind+ephys/version-v1.2.2_codebase-v0.3.27_params-1cbdbee_config-0d4bf36_attempt-1/logs/nextflow.log"": ""ff1ae7e0-0cbd-47b2-b17e-bf8d56c60b9e"", ""derivatives/dandiset-000363/sub-484676/sub-484676_ses-20210415T121842_behavior+ecephys+ogen/pipeline-aind+ephys/version-v1.2.2_codebase-v0.3.27_params-1cbdbee_config-0d4bf36_attempt-1/logs/report.html"": ""5184bea6-7021-423f-b47c-c1f210453919"", ""derivatives/dandiset-000363/sub-484676/sub-484676_ses-20210415T121842_behavior+ecephys+ogen/pipeline-aind+ephys/version-v1.2.2_codebase-v0.3.27_params-1cbdbee_config-0d4bf36_attempt-1/logs/timeline.html"": ""fdda4247-e935-4d2e-9a6e-ac4eafd6057f"", ""derivatives/dandiset-000363/sub-484676/sub-484676_ses-20210415T121842_behavior+ecephys+ogen/pipeline-aind+ephys/version-v1.2.2_codebase-v0.3.27_params-1cbdbee_config-0d4bf36_attempt-1/logs/trace.txt"": ""21829cc9-e4d3-4b79-8667-a77146fa733f""}"	2026-09-08T17:18:15.609295-04:00	2026-09-08T17:18:16.755687-04:00
000363	sub-484676/sub-484676_ses-20210419T130102_behavior+ecephys+ogen.nwb	aind+ephys	v1.2.4	1cbdbee	7940dfd	1	v0.3.46	ce9e678b-b92f-4cd8-90b1-f851fa697d74	507503058816	True	True	False	False	"{""derivatives/dandiset-000363/sub-484676/sub-484676_ses-20210419T130102_behavior+ecephys+ogen/pipeline-aind+ephys/version-v1.2.4_codebase-v0.3.46_params-1cbdbee_config-7940dfd_attempt-1/dataset_description.json"": ""7a418444-5142-4b57-b236-0bfa056bb48a""}"			2026-09-09T09:28:18.479623-04:00	
000363	sub-484677/sub-484677_ses-20210413T150250_behavior+ecephys+ogen.nwb	aind+ephys	v1.2.4	1cbdbee	7940dfd	1	v0.3.43	d81ed176-f757-4b54-9b40-b9e2b8cf9e2c	580868725432	True	True	False	True	"{""derivatives/dandiset-000363/sub-484677/sub-484677_ses-20210413T150250_behavior+ecephys+ogen/pipeline-aind+ephys/version-v1.2.4_codebase-v0.3.43_params-1cbdbee_config-7940dfd_attempt-1/dataset_description.json"": ""7eb679e7-3262-468b-af8f-1d1fa70cc23a""}"		"{""derivatives/dandiset-000363/sub-484677/sub-484677_ses-20210413T150250_behavior+ecephys+ogen/pipeline-aind+ephys/version-v1.2.4_codebase-v0.3.43_params-1cbdbee_config-7940dfd_attempt-1/logs/dag.html"": ""374d93d6-f54a-49e3-9bd4-23cc49c2e489"", ""derivatives/dandiset-000363/sub-484677/sub-484677_ses-20210413T150250_behavior+ecephys+ogen/pipeline-aind+ephys/version-v1.2.4_codebase-v0.3.43_params-1cbdbee_config-7940dfd_attempt-1/logs/job-16355452_slurm.log"": ""d8e9a75e-bbf7-48ff-bf48-355cf2d59d55"", ""derivatives/dandiset-000363/sub-484677/sub-484677_ses-20210413T150250_behavior+ecephys+ogen/pipeline-aind+ephys/version-v1.2.4_codebase-v0.3.43_params-1cbdbee_config-7940dfd_attempt-1/logs/nextflow.log"": ""98518fd6-fe88-4339-9813-7bea41a04d57"", ""derivatives/dandiset-000363/sub-484677/sub-484677_ses-20210413T150250_behavior+ecephys+ogen/pipeline-aind+ephys/version-v1.2.4_codebase-v0.3.43_params-1cbdbee_config-7940dfd_attempt-1/logs/report.html"": ""62ff43fa-719f-44fc-a5bb-a213c12ed744"", ""derivatives/dandiset-000363/sub-484677/sub-484677_ses-20210413T150250_behavior+ecephys+ogen/pipeline-aind+ephys/version-v1.2.4_codebase-v0.3.43_params-1cbdbee_config-7940dfd_attempt-1/logs/timeline.html"": ""7771f482-3fff-4312-80fa-1f1f2ae069a3"", ""derivatives/dandiset-000363/sub-484677/sub-484677_ses-20210413T150250_behavior+ecephys+ogen/pipeline-aind+ephys/version-v1.2.4_codebase-v0.3.43_params-1cbdbee_config-7940dfd_attempt-1/logs/trace.txt"": ""f287e8a9-90be-4cd4-90a1-59b9df4fed0c""}"	2026-09-08T17:18:27.274523-04:00	2026-09-08T17:18:28.779693-04:00
000363	sub-484677/sub-484677_ses-20210415T161621_behavior+ecephys+ogen.nwb	aind+ephys	v1.2.4	1cbdbee	7940dfd	1	v0.3.46	09067f67-228a-4b5a-8e83-254078d526f6	350717485342	True	True	False	True	"{""derivatives/dandiset-000363/sub-484677/sub-484677_ses-20210415T161621_behavior+ecephys+ogen/pipeline-aind+ephys/version-v1.2.4_codebase-v0.3.46_params-1cbdbee_config-7940dfd_attempt-1/dataset_description.json"": ""7a418444-5142-4b57-b236-0bfa056bb48a""}"		"{""derivatives/dandiset-000363/sub-484677/sub-484677_ses-20210415T161621_behavior+ecephys+ogen/pipeline-aind+ephys/version-v1.2.4_codebase-v0.3.46_params-1cbdbee_config-7940dfd_attempt-1/logs/dag.html"": ""374d93d6-f54a-49e3-9bd4-23cc49c2e489"", ""derivatives/dandiset-000363/sub-484677/sub-484677_ses-20210415T161621_behavior+ecephys+ogen/pipeline-aind+ephys/version-v1.2.4_codebase-v0.3.46_params-1cbdbee_config-7940dfd_attempt-1/logs/job-16501438_slurm.log"": ""e26f8c17-dabf-457b-959e-1c517099208a"", ""derivatives/dandiset-000363/sub-484677/sub-484677_ses-20210415T161621_behavior+ecephys+ogen/pipeline-aind+ephys/version-v1.2.4_codebase-v0.3.46_params-1cbdbee_config-7940dfd_attempt-1/logs/nextflow.log"": ""7266c735-2521-4d3e-97c4-6032bf7dab0b"", ""derivatives/dandiset-000363/sub-484677/sub-484677_ses-20210415T161621_behavior+ecephys+ogen/pipeline-aind+ephys/version-v1.2.4_codebase-v0.3.46_params-1cbdbee_config-7940dfd_attempt-1/logs/report.html"": ""46f92778-83e5-4a92-8ba9-c7c3c21d4f85"", ""derivatives/dandiset-000363/sub-484677/sub-484677_ses-20210415T161621_behavior+ecephys+ogen/pipeline-aind+ephys/version-v1.2.4_codebase-v0.3.46_params-1cbdbee_config-7940dfd_attempt-1/logs/timeline.html"": ""38df0d89-981b-4f2a-bfcf-87c7a94967e5"", ""derivatives/dandiset-000363/sub-484677/sub-484677_ses-20210415T161621_behavior+ecephys+ogen/pipeline-aind+ephys/version-v1.2.4_codebase-v0.3.46_params-1cbdbee_config-7940dfd_attempt-1/logs/trace.txt"": ""b6adbb0a-a9d1-4ec5-bb5b-c84207d43525""}"	2026-09-08T17:18:41.938781-04:00	2026-09-08T17:18:43.181675-04:00
000363	sub-484677/sub-484677_ses-20210420T170516_behavior+ecephys+ogen.nwb	aind+ephys	v1.2.4	1cbdbee	7940dfd	1	v0.3.49	9ac31037-fe21-4622-9fc1-9b9e601b4325	546068886352	True	True	False	True	"{""derivatives/dandiset-000363/sub-484677/sub-484677_ses-20210420T170516_behavior+ecephys+ogen/pipeline-aind+ephys/version-v1.2.4_codebase-v0.3.49_params-1cbdbee_config-7940dfd_attempt-1/dataset_description.json"": ""9152b982-e2ac-42a8-9c32-63163eba7ea8""}"		"{""derivatives/dandiset-000363/sub-484677/sub-484677_ses-20210420T170516_behavior+ecephys+ogen/pipeline-aind+ephys/version-v1.2.4_codebase-v0.3.49_params-1cbdbee_config-7940dfd_attempt-1/logs/dag.html"": ""374d93d6-f54a-49e3-9bd4-23cc49c2e489"", ""derivatives/dandiset-000363/sub-484677/sub-484677_ses-20210420T170516_behavior+ecephys+ogen/pipeline-aind+ephys/version-v1.2.4_codebase-v0.3.49_params-1cbdbee_config-7940dfd_attempt-1/logs/job-17800354_slurm.log"": ""f6701bfe-620b-4a20-874c-9122fdb0fe30"", ""derivatives/dandiset-000363/sub-484677/sub-484677_ses-20210420T170516_behavior+ecephys+ogen/pipeline-aind+ephys/version-v1.2.4_codebase-v0.3.49_params-1cbdbee_config-7940dfd_attempt-1/logs/nextflow.log"": ""a900b117-7ebf-4295-bb1e-97e3633989a8"", ""derivatives/dandiset-000363/sub-484677/sub-484677_ses-20210420T170516_behavior+ecephys+ogen/pipeline-aind+ephys/version-v1.2.4_codebase-v0.3.49_params-1cbdbee_config-7940dfd_attempt-1/logs/report.html"": ""6eb0ee71-d71d-4457-b522-0eab5046b55c"", ""derivatives/dandiset-000363/sub-484677/sub-484677_ses-20210420T170516_behavior+ecephys+ogen/pipeline-aind+ephys/version-v1.2.4_codebase-v0.3.49_params-1cbdbee_config-7940dfd_attempt-1/logs/timeline.html"": ""2970d927-bf9b-4a97-bced-a5a61308ec72"", ""derivatives/dandiset-000363/sub-484677/sub-484677_ses-20210420T170516_behavior+ecephys+ogen/pipeline-aind+ephys/version-v1.2.4_codebase-v0.3.49_params-1cbdbee_config-7940dfd_attempt-1/logs/trace.txt"": ""11ec40d0-eabc-40c1-996e-ab5c595e42cf""}"	2026-09-08T17:18:56.195877-04:00	2026-09-08T17:18:57.565957-04:00
000397	sub-Pt02/sub-Pt02_ecephys.nwb	aind+ephys	v1.2.2	1cbdbee	7940dfd	2	v0.3.28	e8679ad5-884e-4e4c-b5c6-9ce9249c3b78	8777850186	True	True	False	True	"{""derivatives/dandiset-000397/sub-Pt02/sub-Pt02_ecephys/pipeline-aind+ephys/version-v1.2.2_codebase-v0.3.28_params-1cbdbee_config-7940dfd_attempt-2/dataset_description.json"": ""e20ae4cc-e731-40e7-8afc-9a07c5f5b2bc""}"		"{""derivatives/dandiset-000397/sub-Pt02/sub-Pt02_ecephys/pipeline-aind+ephys/version-v1.2.2_codebase-v0.3.28_params-1cbdbee_config-7940dfd_attempt-2/logs/dag.html"": ""374d93d6-f54a-49e3-9bd4-23cc49c2e489"", ""derivatives/dandiset-000397/sub-Pt02/sub-Pt02_ecephys/pipeline-aind+ephys/version-v1.2.2_codebase-v0.3.28_params-1cbdbee_config-7940dfd_attempt-2/logs/job-15613980_slurm.log"": ""b94cfeb0-77b0-482f-bae9-58611d3deec8"", ""derivatives/dandiset-000397/sub-Pt02/sub-Pt02_ecephys/pipeline-aind+ephys/version-v1.2.2_codebase-v0.3.28_params-1cbdbee_config-7940dfd_attempt-2/logs/nextflow.log"": ""8de9462a-3d43-42ed-b236-ac61fcebb942"", ""derivatives/dandiset-000397/sub-Pt02/sub-Pt02_ecephys/pipeline-aind+ephys/version-v1.2.2_codebase-v0.3.28_params-1cbdbee_config-7940dfd_attempt-2/logs/report.html"": ""2f04f1ca-7ff8-49a4-ab0f-22adfe710583"", ""derivatives/dandiset-000397/sub-Pt02/sub-Pt02_ecephys/pipeline-aind+ephys/version-v1.2.2_codebase-v0.3.28_params-1cbdbee_config-7940dfd_attempt-2/logs/timeline.html"": ""4a48b8f8-529c-4ad1-9e10-e77b1740e60a"", ""derivatives/dandiset-000397/sub-Pt02/sub-Pt02_ecephys/pipeline-aind+ephys/version-v1.2.2_codebase-v0.3.28_params-1cbdbee_config-7940dfd_attempt-2/logs/trace.txt"": ""3048e910-64e5-4a41-bd25-b463c0b6fd49""}"	2026-09-08T17:19:09.456248-04:00	2026-09-08T17:19:10.520733-04:00
000397	sub-Pt02/sub-Pt02_ecephys.nwb	aind+ephys	v1.2.4	1cbdbee	7940dfd	1	v0.3.49	e8679ad5-884e-4e4c-b5c6-9ce9249c3b78	8777850186	True	True	False	True	"{""derivatives/dandiset-000397/sub-Pt02/sub-Pt02_ecephys/pipeline-aind+ephys/version-v1.2.4_codebase-v0.3.49_params-1cbdbee_config-7940dfd_attempt-1/dataset_description.json"": ""4fa64a0a-57eb-4173-8661-106c1075a834""}"		"{""derivatives/dandiset-000397/sub-Pt02/sub-Pt02_ecephys/pipeline-aind+ephys/version-v1.2.4_codebase-v0.3.49_params-1cbdbee_config-7940dfd_attempt-1/logs/dag.html"": ""374d93d6-f54a-49e3-9bd4-23cc49c2e489"", ""derivatives/dandiset-000397/sub-Pt02/sub-Pt02_ecephys/pipeline-aind+ephys/version-v1.2.4_codebase-v0.3.49_params-1cbdbee_config-7940dfd_attempt-1/logs/job-17802113_slurm.log"": ""99af9b48-47e8-4a50-8e36-896a0469184a"", ""derivatives/dandiset-000397/sub-Pt02/sub-Pt02_ecephys/pipeline-aind+ephys/version-v1.2.4_codebase-v0.3.49_params-1cbdbee_config-7940dfd_attempt-1/logs/nextflow.log"": ""723cd9e4-b971-498a-944b-14e0b09c4c38"", ""derivatives/dandiset-000397/sub-Pt02/sub-Pt02_ecephys/pipeline-aind+ephys/version-v1.2.4_codebase-v0.3.49_params-1cbdbee_config-7940dfd_attempt-1/logs/report.html"": ""1a080956-9644-4e1b-8948-a2d76c62ae19"", ""derivatives/dandiset-000397/sub-Pt02/sub-Pt02_ecephys/pipeline-aind+ephys/version-v1.2.4_codebase-v0.3.49_params-1cbdbee_config-7940dfd_attempt-1/logs/timeline.html"": ""07ebe58e-8803-4fb1-bcc3-e5a4726befed"", ""derivatives/dandiset-000397/sub-Pt02/sub-Pt02_ecephys/pipeline-aind+ephys/version-v1.2.4_codebase-v0.3.49_params-1cbdbee_config-7940dfd_attempt-1/logs/trace.txt"": ""37374b86-c82d-40fb-b421-875c7b8934b7""}"	2026-09-08T17:19:21.604076-04:00	2026-09-08T17:19:22.879934-04:00
000397	sub-Pt03/sub-Pt03_ecephys.nwb	aind+ephys	v1.2.2	1cbdbee	7940dfd	1	v0.3.34	a05ac4e6-030f-49b7-ac62-e1aa74e54dcb	6288055712	True	True	False	True	"{""derivatives/dandiset-000397/sub-Pt03/sub-Pt03_ecephys/pipeline-aind+ephys/version-v1.2.2_codebase-v0.3.34_params-1cbdbee_config-7940dfd_attempt-1/dataset_description.json"": ""bb3861c3-1775-45f8-b5b2-dd79ed64d3ed""}"		"{""derivatives/dandiset-000397/sub-Pt03/sub-Pt03_ecephys/pipeline-aind+ephys/version-v1.2.2_codebase-v0.3.34_params-1cbdbee_config-7940dfd_attempt-1/logs/dag.html"": ""374d93d6-f54a-49e3-9bd4-23cc49c2e489"", ""derivatives/dandiset-000397/sub-Pt03/sub-Pt03_ecephys/pipeline-aind+ephys/version-v1.2.2_codebase-v0.3.34_params-1cbdbee_config-7940dfd_attempt-1/logs/job-15896790_slurm.log"": ""258c9838-64b3-4eab-9e2b-4e4e85a20ecc"", ""derivatives/dandiset-000397/sub-Pt03/sub-Pt03_ecephys/pipeline-aind+ephys/version-v1.2.2_codebase-v0.3.34_params-1cbdbee_config-7940dfd_attempt-1/logs/nextflow.log"": ""e92703e8-bd8d-4bfc-80e3-d3ba499956b6"", ""derivatives/dandiset-000397/sub-Pt03/sub-Pt03_ecephys/pipeline-aind+ephys/version-v1.2.2_codebase-v0.3.34_params-1cbdbee_config-7940dfd_attempt-1/logs/report.html"": ""8685ba54-8302-4395-8de8-d0b512ad9d86"", ""derivatives/dandiset-000397/sub-Pt03/sub-Pt03_ecephys/pipeline-aind+ephys/version-v1.2.2_codebase-v0.3.34_params-1cbdbee_config-7940dfd_attempt-1/logs/timeline.html"": ""5c8a1e63-83a6-40a6-9b04-66f15942b3a8"", ""derivatives/dandiset-000397/sub-Pt03/sub-Pt03_ecephys/pipeline-aind+ephys/version-v1.2.2_codebase-v0.3.34_params-1cbdbee_config-7940dfd_attempt-1/logs/trace.txt"": ""6afb884b-2fe2-4c77-a5f2-983aadc5e9af""}"	2026-09-08T17:19:35.095074-04:00	2026-09-08T17:19:36.158864-04:00
000397	sub-Pt03/sub-Pt03_ecephys.nwb	aind+ephys	v1.2.4	1cbdbee	7940dfd	1	v0.3.46	a05ac4e6-030f-49b7-ac62-e1aa74e54dcb	6288055712	True	True	False	False	"{""derivatives/dandiset-000397/sub-Pt03/sub-Pt03_ecephys/pipeline-aind+ephys/version-v1.2.4_codebase-v0.3.46_params-1cbdbee_config-7940dfd_attempt-1/dataset_description.json"": ""f3343b2d-b9fd-4451-bd9b-763e54486eb5""}"			2026-09-09T09:28:31.739218-04:00	
000397	sub-Pt03/sub-Pt03_ecephys.nwb	aind+ephys	v1.2.4	1cbdbee	7940dfd	2	v0.3.46	a05ac4e6-030f-49b7-ac62-e1aa74e54dcb	6288055712	True	True	False	False	"{""derivatives/dandiset-000397/sub-Pt03/sub-Pt03_ecephys/pipeline-aind+ephys/version-v1.2.4_codebase-v0.3.46_params-1cbdbee_config-7940dfd_attempt-2/dataset_description.json"": ""f3343b2d-b9fd-4451-bd9b-763e54486eb5""}"			2026-09-09T09:28:41.892753-04:00	
000397	sub-Pt03/sub-Pt03_ecephys.nwb	aind+ephys	v1.2.4	1cbdbee	7940dfd	3	v0.3.46	a05ac4e6-030f-49b7-ac62-e1aa74e54dcb	6288055712	True	True	False	False	"{""derivatives/dandiset-000397/sub-Pt03/sub-Pt03_ecephys/pipeline-aind+ephys/version-v1.2.4_codebase-v0.3.46_params-1cbdbee_config-7940dfd_attempt-3/dataset_description.json"": ""f3343b2d-b9fd-4451-bd9b-763e54486eb5""}"			2026-09-09T09:28:52.835632-04:00	
000397	sub-Pt03/sub-Pt03_ecephys.nwb	aind+ephys	v1.2.4	1cbdbee	7940dfd	4	v0.3.46	a05ac4e6-030f-49b7-ac62-e1aa74e54dcb	6288055712	True	True	False	False	"{""derivatives/dandiset-000397/sub-Pt03/sub-Pt03_ecephys/pipeline-aind+ephys/version-v1.2.4_codebase-v0.3.46_params-1cbdbee_config-7940dfd_attempt-4/dataset_description.json"": ""f3343b2d-b9fd-4451-bd9b-763e54486eb5""}"			2026-09-09T09:29:03.062847-04:00	
000409	sub-CSH-ZAD-022/sub-CSH-ZAD-022_ses-b81e3e11-9a60-4114-b894-09f85074d9c3_desc-raw_ecephys.nwb	aind+ephys	v1.2.4	1cbdbee	7940dfd	1	v0.3.49	7bfd4d61-e62c-406b-b9b4-9f1a2227b3c6	73889481389	True	True	False	True	"{""derivatives/dandiset-000409/sub-CSH-ZAD-022/sub-CSH-ZAD-022_ses-b81e3e11-9a60-4114-b894-09f85074d9c3_desc-raw_ecephys/pipeline-aind+ephys/version-v1.2.4_codebase-v0.3.49_params-1cbdbee_config-7940dfd_attempt-1/dataset_description.json"": ""06162e96-a446-481c-ba5f-38b8cfe4cdb2""}"		"{""derivatives/dandiset-000409/sub-CSH-ZAD-022/sub-CSH-ZAD-022_ses-b81e3e11-9a60-4114-b894-09f85074d9c3_desc-raw_ecephys/pipeline-aind+ephys/version-v1.2.4_codebase-v0.3.49_params-1cbdbee_config-7940dfd_attempt-1/logs/dag.html"": ""374d93d6-f54a-49e3-9bd4-23cc49c2e489"", ""derivatives/dandiset-000409/sub-CSH-ZAD-022/sub-CSH-ZAD-022_ses-b81e3e11-9a60-4114-b894-09f85074d9c3_desc-raw_ecephys/pipeline-aind+ephys/version-v1.2.4_codebase-v0.3.49_params-1cbdbee_config-7940dfd_attempt-1/logs/job-18573764_slurm.log"": ""68859027-1629-4a39-9dfd-5f63940f7b5b"", ""derivatives/dandiset-000409/sub-CSH-ZAD-022/sub-CSH-ZAD-022_ses-b81e3e11-9a60-4114-b894-09f85074d9c3_desc-raw_ecephys/pipeline-aind+ephys/version-v1.2.4_codebase-v0.3.49_params-1cbdbee_config-7940dfd_attempt-1/logs/nextflow.log"": ""c21a83c4-6abf-4773-a887-08a8d354c09e"", ""derivatives/dandiset-000409/sub-CSH-ZAD-022/sub-CSH-ZAD-022_ses-b81e3e11-9a60-4114-b894-09f85074d9c3_desc-raw_ecephys/pipeline-aind+ephys/version-v1.2.4_codebase-v0.3.49_params-1cbdbee_config-7940dfd_attempt-1/logs/report.html"": ""9c425fcc-bd03-4515-9530-0f2672948fbb"", ""derivatives/dandiset-000409/sub-CSH-ZAD-022/sub-CSH-ZAD-022_ses-b81e3e11-9a60-4114-b894-09f85074d9c3_desc-raw_ecephys/pipeline-aind+ephys/version-v1.2.4_codebase-v0.3.49_params-1cbdbee_config-7940dfd_attempt-1/logs/timeline.html"": ""7825911c-3ed0-41a8-8b65-f0f93edf5e8c"", ""derivatives/dandiset-000409/sub-CSH-ZAD-022/sub-CSH-ZAD-022_ses-b81e3e11-9a60-4114-b894-09f85074d9c3_desc-raw_ecephys/pipeline-aind+ephys/version-v1.2.4_codebase-v0.3.49_params-1cbdbee_config-7940dfd_attempt-1/logs/trace.txt"": ""a094e3f3-1384-4b1e-81fe-c3c091fa3fe6""}"	2026-09-08T17:19:46.700026-04:00	2026-09-08T17:19:48.131506-04:00
000409	sub-KS045/sub-KS045_ses-571d3ffe-54a5-473d-a265-5dc373eb7efc_desc-raw_ecephys.nwb	aind+ephys	v1.2.4	1cbdbee	7940dfd	1	v0.3.49	3bac7387-94de-470f-9f42-c33923b0a7ac	106573012732	True	True	False	True	"{""derivatives/dandiset-000409/sub-KS045/sub-KS045_ses-571d3ffe-54a5-473d-a265-5dc373eb7efc_desc-raw_ecephys/pipeline-aind+ephys/version-v1.2.4_codebase-v0.3.49_params-1cbdbee_config-7940dfd_attempt-1/dataset_description.json"": ""06162e96-a446-481c-ba5f-38b8cfe4cdb2""}"		"{""derivatives/dandiset-000409/sub-KS045/sub-KS045_ses-571d3ffe-54a5-473d-a265-5dc373eb7efc_desc-raw_ecephys/pipeline-aind+ephys/version-v1.2.4_codebase-v0.3.49_params-1cbdbee_config-7940dfd_attempt-1/logs/dag.html"": ""374d93d6-f54a-49e3-9bd4-23cc49c2e489"", ""derivatives/dandiset-000409/sub-KS045/sub-KS045_ses-571d3ffe-54a5-473d-a265-5dc373eb7efc_desc-raw_ecephys/pipeline-aind+ephys/version-v1.2.4_codebase-v0.3.49_params-1cbdbee_config-7940dfd_attempt-1/logs/job-17513333_slurm.log"": ""161fd2c0-036b-483f-b824-76ac905726d4"", ""derivatives/dandiset-000409/sub-KS045/sub-KS045_ses-571d3ffe-54a5-473d-a265-5dc373eb7efc_desc-raw_ecephys/pipeline-aind+ephys/version-v1.2.4_codebase-v0.3.49_params-1cbdbee_config-7940dfd_attempt-1/logs/nextflow.log"": ""4bc3ec69-9efb-4b5e-945f-8635e6c33c1c"", ""derivatives/dandiset-000409/sub-KS045/sub-KS045_ses-571d3ffe-54a5-473d-a265-5dc373eb7efc_desc-raw_ecephys/pipeline-aind+ephys/version-v1.2.4_codebase-v0.3.49_params-1cbdbee_config-7940dfd_attempt-1/logs/report.html"": ""54574129-8f3b-44cb-a6f3-0e716503fbc8"", ""derivatives/dandiset-000409/sub-KS045/sub-KS045_ses-571d3ffe-54a5-473d-a265-5dc373eb7efc_desc-raw_ecephys/pipeline-aind+ephys/version-v1.2.4_codebase-v0.3.49_params-1cbdbee_config-7940dfd_attempt-1/logs/timeline.html"": ""efd15feb-2ff4-49f4-9c2b-4bd2b88c48e1"", ""derivatives/dandiset-000409/sub-KS045/sub-KS045_ses-571d3ffe-54a5-473d-a265-5dc373eb7efc_desc-raw_ecephys/pipeline-aind+ephys/version-v1.2.4_codebase-v0.3.49_params-1cbdbee_config-7940dfd_attempt-1/logs/trace.txt"": ""8d8a0bba-832f-4fe6-bbd4-38476b9fa4fd""}"	2026-09-08T17:20:00.271801-04:00	2026-09-08T17:20:01.530227-04:00
000409	sub-KS051/sub-KS051_ses-7082d8ff-255a-47d7-a839-bf093483ec30_desc-raw_ecephys.nwb	aind+ephys	v1.2.4	1cbdbee	7940dfd	1	v0.3.42	03889d5a-cb7b-4075-9e29-76998f7b4415	107193832396	True	True	False	True	"{""derivatives/dandiset-000409/sub-KS051/sub-KS051_ses-7082d8ff-255a-47d7-a839-bf093483ec30_desc-raw_ecephys/pipeline-aind+ephys/version-v1.2.4_codebase-v0.3.42_params-1cbdbee_config-7940dfd_attempt-1/dataset_description.json"": ""b00eb05f-0c3e-4dd8-83c4-9bb56d085c77""}"		"{""derivatives/dandiset-000409/sub-KS051/sub-KS051_ses-7082d8ff-255a-47d7-a839-bf093483ec30_desc-raw_ecephys/pipeline-aind+ephys/version-v1.2.4_codebase-v0.3.42_params-1cbdbee_config-7940dfd_attempt-1/logs/job-16237684_slurm.log"": ""0247d72e-e794-4474-8e7d-6bfeff7e5d41"", ""derivatives/dandiset-000409/sub-KS051/sub-KS051_ses-7082d8ff-255a-47d7-a839-bf093483ec30_desc-raw_ecephys/pipeline-aind+ephys/version-v1.2.4_codebase-v0.3.42_params-1cbdbee_config-7940dfd_attempt-1/logs/nextflow.log"": ""9f74ee0e-dff8-403b-9773-ce4d8b110327""}"	2026-06-22T16:35:38.613676-04:00	2026-06-22T16:35:39.170716-04:00
000409	sub-KS051/sub-KS051_ses-7082d8ff-255a-47d7-a839-bf093483ec30_desc-raw_ecephys.nwb	aind+ephys	v1.2.4	1cbdbee	7940dfd	2	v0.3.42	03889d5a-cb7b-4075-9e29-76998f7b4415	107193832396	True	True	False	True	"{""derivatives/dandiset-000409/sub-KS051/sub-KS051_ses-7082d8ff-255a-47d7-a839-bf093483ec30_desc-raw_ecephys/pipeline-aind+ephys/version-v1.2.4_codebase-v0.3.42_params-1cbdbee_config-7940dfd_attempt-2/dataset_description.json"": ""b00eb05f-0c3e-4dd8-83c4-9bb56d085c77""}"		"{""derivatives/dandiset-000409/sub-KS051/sub-KS051_ses-7082d8ff-255a-47d7-a839-bf093483ec30_desc-raw_ecephys/pipeline-aind+ephys/version-v1.2.4_codebase-v0.3.42_params-1cbdbee_config-7940dfd_attempt-2/logs/job-16290461_slurm.log"": ""bc05c991-9e14-41a3-998d-0a60c2a06655"", ""derivatives/dandiset-000409/sub-KS051/sub-KS051_ses-7082d8ff-255a-47d7-a839-bf093483ec30_desc-raw_ecephys/pipeline-aind+ephys/version-v1.2.4_codebase-v0.3.42_params-1cbdbee_config-7940dfd_attempt-2/logs/nextflow.log"": ""54f0122b-a96d-4eec-8e74-8389fa00840e""}"	2026-06-22T20:12:09.743211-04:00	2026-06-22T20:12:10.198525-04:00
000409	sub-KS051/sub-KS051_ses-7082d8ff-255a-47d7-a839-bf093483ec30_desc-raw_ecephys.nwb	aind+ephys	v1.2.4	1cbdbee	7940dfd	2	v0.3.46	03889d5a-cb7b-4075-9e29-76998f7b4415	107193832396	True	True	False	True	"{""derivatives/dandiset-000409/sub-KS051/sub-KS051_ses-7082d8ff-255a-47d7-a839-bf093483ec30_desc-raw_ecephys/pipeline-aind+ephys/version-v1.2.4_codebase-v0.3.46_params-1cbdbee_config-7940dfd_attempt-2/dataset_description.json"": ""3872d87e-fae9-4a6b-9bdb-a16d57bd1d4a""}"		"{""derivatives/dandiset-000409/sub-KS051/sub-KS051_ses-7082d8ff-255a-47d7-a839-bf093483ec30_desc-raw_ecephys/pipeline-aind+ephys/version-v1.2.4_codebase-v0.3.46_params-1cbdbee_config-7940dfd_attempt-2/logs/dag.html"": ""374d93d6-f54a-49e3-9bd4-23cc49c2e489"", ""derivatives/dandiset-000409/sub-KS051/sub-KS051_ses-7082d8ff-255a-47d7-a839-bf093483ec30_desc-raw_ecephys/pipeline-aind+ephys/version-v1.2.4_codebase-v0.3.46_params-1cbdbee_config-7940dfd_attempt-2/logs/job-16456299_slurm.log"": ""aa2ab8be-ee75-42c3-a244-aadfa54f9358"", ""derivatives/dandiset-000409/sub-KS051/sub-KS051_ses-7082d8ff-255a-47d7-a839-bf093483ec30_desc-raw_ecephys/pipeline-aind+ephys/version-v1.2.4_codebase-v0.3.46_params-1cbdbee_config-7940dfd_attempt-2/logs/nextflow.log"": ""55224cd0-6838-4d48-b5a9-c121f0fdb3a2"", ""derivatives/dandiset-000409/sub-KS051/sub-KS051_ses-7082d8ff-255a-47d7-a839-bf093483ec30_desc-raw_ecephys/pipeline-aind+ephys/version-v1.2.4_codebase-v0.3.46_params-1cbdbee_config-7940dfd_attempt-2/logs/report.html"": ""5c8400dc-1a55-425a-9153-06775fcd0aaa"", ""derivatives/dandiset-000409/sub-KS051/sub-KS051_ses-7082d8ff-255a-47d7-a839-bf093483ec30_desc-raw_ecephys/pipeline-aind+ephys/version-v1.2.4_codebase-v0.3.46_params-1cbdbee_config-7940dfd_attempt-2/logs/timeline.html"": ""d031266c-78dd-4031-a395-d4e2f96fd0e8"", ""derivatives/dandiset-000409/sub-KS051/sub-KS051_ses-7082d8ff-255a-47d7-a839-bf093483ec30_desc-raw_ecephys/pipeline-aind+ephys/version-v1.2.4_codebase-v0.3.46_params-1cbdbee_config-7940dfd_attempt-2/logs/trace.txt"": ""697d0ba1-953e-4a39-9b6f-3cc448e17104""}"	2026-09-08T17:20:12.491849-04:00	2026-09-08T17:20:13.801281-04:00
000409	sub-KS051/sub-KS051_ses-7082d8ff-255a-47d7-a839-bf093483ec30_desc-raw_ecephys.nwb	aind+ephys	v1.2.4	1cbdbee	7940dfd	3	v0.3.46	03889d5a-cb7b-4075-9e29-76998f7b4415	107193832396	True	True	False	True	"{""derivatives/dandiset-000409/sub-KS051/sub-KS051_ses-7082d8ff-255a-47d7-a839-bf093483ec30_desc-raw_ecephys/pipeline-aind+ephys/version-v1.2.4_codebase-v0.3.46_params-1cbdbee_config-7940dfd_attempt-3/dataset_description.json"": ""3872d87e-fae9-4a6b-9bdb-a16d57bd1d4a""}"		"{""derivatives/dandiset-000409/sub-KS051/sub-KS051_ses-7082d8ff-255a-47d7-a839-bf093483ec30_desc-raw_ecephys/pipeline-aind+ephys/version-v1.2.4_codebase-v0.3.46_params-1cbdbee_config-7940dfd_attempt-3/logs/dag.html"": ""374d93d6-f54a-49e3-9bd4-23cc49c2e489"", ""derivatives/dandiset-000409/sub-KS051/sub-KS051_ses-7082d8ff-255a-47d7-a839-bf093483ec30_desc-raw_ecephys/pipeline-aind+ephys/version-v1.2.4_codebase-v0.3.46_params-1cbdbee_config-7940dfd_attempt-3/logs/job-16502312_slurm.log"": ""1a03b0c6-c756-46d4-94c3-84ab6d7049e6"", ""derivatives/dandiset-000409/sub-KS051/sub-KS051_ses-7082d8ff-255a-47d7-a839-bf093483ec30_desc-raw_ecephys/pipeline-aind+ephys/version-v1.2.4_codebase-v0.3.46_params-1cbdbee_config-7940dfd_attempt-3/logs/nextflow.log"": ""a24ef5df-70b5-494f-a439-ee81184510f8"", ""derivatives/dandiset-000409/sub-KS051/sub-KS051_ses-7082d8ff-255a-47d7-a839-bf093483ec30_desc-raw_ecephys/pipeline-aind+ephys/version-v1.2.4_codebase-v0.3.46_params-1cbdbee_config-7940dfd_attempt-3/logs/report.html"": ""572cd083-3baf-429a-9a40-a911c6112eee"", ""derivatives/dandiset-000409/sub-KS051/sub-KS051_ses-7082d8ff-255a-47d7-a839-bf093483ec30_desc-raw_ecephys/pipeline-aind+ephys/version-v1.2.4_codebase-v0.3.46_params-1cbdbee_config-7940dfd_attempt-3/logs/timeline.html"": ""f10ffa59-ef65-4281-ad57-8e8e7e2ad248"", ""derivatives/dandiset-000409/sub-KS051/sub-KS051_ses-7082d8ff-255a-47d7-a839-bf093483ec30_desc-raw_ecephys/pipeline-aind+ephys/version-v1.2.4_codebase-v0.3.46_params-1cbdbee_config-7940dfd_attempt-3/logs/trace.txt"": ""fb573824-9cd1-45cf-b417-8eaf9b08a071""}"	2026-09-08T17:20:25.849176-04:00	2026-09-08T17:20:27.050037-04:00
000409	sub-KS051/sub-KS051_ses-7082d8ff-255a-47d7-a839-bf093483ec30_desc-raw_ecephys.nwb	aind+ephys	v1.2.4	1cbdbee	7940dfd	5	v0.3.46	03889d5a-cb7b-4075-9e29-76998f7b4415	107193832396	True	True	False	True	"{""derivatives/dandiset-000409/sub-KS051/sub-KS051_ses-7082d8ff-255a-47d7-a839-bf093483ec30_desc-raw_ecephys/pipeline-aind+ephys/version-v1.2.4_codebase-v0.3.46_params-1cbdbee_config-7940dfd_attempt-5/dataset_description.json"": ""3872d87e-fae9-4a6b-9bdb-a16d57bd1d4a""}"		"{""derivatives/dandiset-000409/sub-KS051/sub-KS051_ses-7082d8ff-255a-47d7-a839-bf093483ec30_desc-raw_ecephys/pipeline-aind+ephys/version-v1.2.4_codebase-v0.3.46_params-1cbdbee_config-7940dfd_attempt-5/logs/dag.html"": ""374d93d6-f54a-49e3-9bd4-23cc49c2e489"", ""derivatives/dandiset-000409/sub-KS051/sub-KS051_ses-7082d8ff-255a-47d7-a839-bf093483ec30_desc-raw_ecephys/pipeline-aind+ephys/version-v1.2.4_codebase-v0.3.46_params-1cbdbee_config-7940dfd_attempt-5/logs/job-16587126_slurm.log"": ""cff555c2-a3ec-4c88-8ea2-493efcffca76"", ""derivatives/dandiset-000409/sub-KS051/sub-KS051_ses-7082d8ff-255a-47d7-a839-bf093483ec30_desc-raw_ecephys/pipeline-aind+ephys/version-v1.2.4_codebase-v0.3.46_params-1cbdbee_config-7940dfd_attempt-5/logs/nextflow.log"": ""1299bfca-d16c-4098-827e-d804754335e1"", ""derivatives/dandiset-000409/sub-KS051/sub-KS051_ses-7082d8ff-255a-47d7-a839-bf093483ec30_desc-raw_ecephys/pipeline-aind+ephys/version-v1.2.4_codebase-v0.3.46_params-1cbdbee_config-7940dfd_attempt-5/logs/report.html"": ""d7fc2b41-a695-4cfb-88fe-7d340bb0b75d"", ""derivatives/dandiset-000409/sub-KS051/sub-KS051_ses-7082d8ff-255a-47d7-a839-bf093483ec30_desc-raw_ecephys/pipeline-aind+ephys/version-v1.2.4_codebase-v0.3.46_params-1cbdbee_config-7940dfd_attempt-5/logs/timeline.html"": ""d56e22df-d1de-4c0b-9523-297f7ba70fc2"", ""derivatives/dandiset-000409/sub-KS051/sub-KS051_ses-7082d8ff-255a-47d7-a839-bf093483ec30_desc-raw_ecephys/pipeline-aind+ephys/version-v1.2.4_codebase-v0.3.46_params-1cbdbee_config-7940dfd_attempt-5/logs/trace.txt"": ""62d7058f-9b38-4d61-a22d-e361d618f950""}"	2026-09-08T17:20:37.733802-04:00	2026-09-08T17:20:38.836939-04:00
000409	sub-KS051/sub-KS051_ses-7082d8ff-255a-47d7-a839-bf093483ec30_desc-raw_ecephys.nwb	aind+ephys	v1.2.4	1cbdbee	7940dfd	4	v0.3.46	03889d5a-cb7b-4075-9e29-76998f7b4415	107193832396	True	True	False	False	"{""derivatives/dandiset-000409/sub-KS051/sub-KS051_ses-7082d8ff-255a-47d7-a839-bf093483ec30_desc-raw_ecephys/pipeline-aind+ephys/version-v1.2.4_codebase-v0.3.46_params-1cbdbee_config-7940dfd_attempt-4/dataset_description.json"": ""3872d87e-fae9-4a6b-9bdb-a16d57bd1d4a""}"			2026-09-09T09:29:12.965469-04:00	
000409	sub-KS055/sub-KS055_ses-872ce8ff-9fb3-485c-be00-bc5479e0095b_desc-raw_ecephys.nwb	aind+ephys	v1.2.4	1cbdbee	7940dfd	1	v0.3.49	1521914e-c9be-4abe-b8e4-74342bb01efb	101308507489	True	True	False	True	"{""derivatives/dandiset-000409/sub-KS055/sub-KS055_ses-872ce8ff-9fb3-485c-be00-bc5479e0095b_desc-raw_ecephys/pipeline-aind+ephys/version-v1.2.4_codebase-v0.3.49_params-1cbdbee_config-7940dfd_attempt-1/dataset_description.json"": ""06162e96-a446-481c-ba5f-38b8cfe4cdb2""}"		"{""derivatives/dandiset-000409/sub-KS055/sub-KS055_ses-872ce8ff-9fb3-485c-be00-bc5479e0095b_desc-raw_ecephys/pipeline-aind+ephys/version-v1.2.4_codebase-v0.3.49_params-1cbdbee_config-7940dfd_attempt-1/logs/dag.html"": ""374d93d6-f54a-49e3-9bd4-23cc49c2e489"", ""derivatives/dandiset-000409/sub-KS055/sub-KS055_ses-872ce8ff-9fb3-485c-be00-bc5479e0095b_desc-raw_ecephys/pipeline-aind+ephys/version-v1.2.4_codebase-v0.3.49_params-1cbdbee_config-7940dfd_attempt-1/logs/job-17446951_slurm.log"": ""5301fd51-e352-4db0-a63b-8229d3abc1d9"", ""derivatives/dandiset-000409/sub-KS055/sub-KS055_ses-872ce8ff-9fb3-485c-be00-bc5479e0095b_desc-raw_ecephys/pipeline-aind+ephys/version-v1.2.4_codebase-v0.3.49_params-1cbdbee_config-7940dfd_attempt-1/logs/nextflow.log"": ""c7a4e99e-0d5f-487f-b34a-25f852ac1f1d"", ""derivatives/dandiset-000409/sub-KS055/sub-KS055_ses-872ce8ff-9fb3-485c-be00-bc5479e0095b_desc-raw_ecephys/pipeline-aind+ephys/version-v1.2.4_codebase-v0.3.49_params-1cbdbee_config-7940dfd_attempt-1/logs/report.html"": ""13c4d27c-c965-42d0-8c52-f60ed6c5607b"", ""derivatives/dandiset-000409/sub-KS055/sub-KS055_ses-872ce8ff-9fb3-485c-be00-bc5479e0095b_desc-raw_ecephys/pipeline-aind+ephys/version-v1.2.4_codebase-v0.3.49_params-1cbdbee_config-7940dfd_attempt-1/logs/timeline.html"": ""b328d628-b697-474d-af19-bdf1975205bb"", ""derivatives/dandiset-000409/sub-KS055/sub-KS055_ses-872ce8ff-9fb3-485c-be00-bc5479e0095b_desc-raw_ecephys/pipeline-aind+ephys/version-v1.2.4_codebase-v0.3.49_params-1cbdbee_config-7940dfd_attempt-1/logs/trace.txt"": ""70167810-2008-4143-8282-b45495b7f1b2""}"	2026-09-08T17:20:49.204126-04:00	2026-09-08T17:20:50.355881-04:00
000409	sub-PL017/sub-PL017_ses-cea755db-4eee-4138-bdd6-fc23a572f5a1_desc-raw_ecephys.nwb	aind+ephys	v1.2.4	1cbdbee	7940dfd	1	v0.3.49	198fa6ce-680c-425b-b095-ab4e201f5a0f	65797088700	True	True	False	True	"{""derivatives/dandiset-000409/sub-PL017/sub-PL017_ses-cea755db-4eee-4138-bdd6-fc23a572f5a1_desc-raw_ecephys/pipeline-aind+ephys/version-v1.2.4_codebase-v0.3.49_params-1cbdbee_config-7940dfd_attempt-1/dataset_description.json"": ""06162e96-a446-481c-ba5f-38b8cfe4cdb2""}"		"{""derivatives/dandiset-000409/sub-PL017/sub-PL017_ses-cea755db-4eee-4138-bdd6-fc23a572f5a1_desc-raw_ecephys/pipeline-aind+ephys/version-v1.2.4_codebase-v0.3.49_params-1cbdbee_config-7940dfd_attempt-1/logs/dag.html"": ""374d93d6-f54a-49e3-9bd4-23cc49c2e489"", ""derivatives/dandiset-000409/sub-PL017/sub-PL017_ses-cea755db-4eee-4138-bdd6-fc23a572f5a1_desc-raw_ecephys/pipeline-aind+ephys/version-v1.2.4_codebase-v0.3.49_params-1cbdbee_config-7940dfd_attempt-1/logs/job-17542330_slurm.log"": ""9c0d9952-83d9-49e9-8b92-712c839110a4"", ""derivatives/dandiset-000409/sub-PL017/sub-PL017_ses-cea755db-4eee-4138-bdd6-fc23a572f5a1_desc-raw_ecephys/pipeline-aind+ephys/version-v1.2.4_codebase-v0.3.49_params-1cbdbee_config-7940dfd_attempt-1/logs/nextflow.log"": ""5f691b18-4287-4b3f-9d74-41dd3184a88e"", ""derivatives/dandiset-000409/sub-PL017/sub-PL017_ses-cea755db-4eee-4138-bdd6-fc23a572f5a1_desc-raw_ecephys/pipeline-aind+ephys/version-v1.2.4_codebase-v0.3.49_params-1cbdbee_config-7940dfd_attempt-1/logs/report.html"": ""480e5913-9e08-471b-a74e-d8560e946e6a"", ""derivatives/dandiset-000409/sub-PL017/sub-PL017_ses-cea755db-4eee-4138-bdd6-fc23a572f5a1_desc-raw_ecephys/pipeline-aind+ephys/version-v1.2.4_codebase-v0.3.49_params-1cbdbee_config-7940dfd_attempt-1/logs/timeline.html"": ""bd652524-ee6c-4f2c-b84e-82c5fbd5563d"", ""derivatives/dandiset-000409/sub-PL017/sub-PL017_ses-cea755db-4eee-4138-bdd6-fc23a572f5a1_desc-raw_ecephys/pipeline-aind+ephys/version-v1.2.4_codebase-v0.3.49_params-1cbdbee_config-7940dfd_attempt-1/logs/trace.txt"": ""4a211167-3bc3-4eaa-af98-5a02d13f29ad""}"	2026-09-08T17:21:00.784620-04:00	2026-09-08T17:21:02.117358-04:00
000409	sub-SWC-038/sub-SWC-038_ses-4d8c7767-981c-4347-8e5e-5d5fffe38534_desc-raw_ecephys.nwb	aind+ephys	v1.2.4	1cbdbee	7940dfd	1	v0.3.39	adda8fdf-94cb-49bd-928c-2d1253c68556	142973964396	True	True	False	True	"{""derivatives/dandiset-000409/sub-SWC-038/sub-SWC-038_ses-4d8c7767-981c-4347-8e5e-5d5fffe38534_desc-raw_ecephys/pipeline-aind+ephys/version-v1.2.4_codebase-v0.3.39_params-1cbdbee_config-7940dfd_attempt-1/dataset_description.json"": ""f33ac0e3-f227-4f28-9795-1749e184dca5""}"		"{""derivatives/dandiset-000409/sub-SWC-038/sub-SWC-038_ses-4d8c7767-981c-4347-8e5e-5d5fffe38534_desc-raw_ecephys/pipeline-aind+ephys/version-v1.2.4_codebase-v0.3.39_params-1cbdbee_config-7940dfd_attempt-1/logs/job-16195056_slurm.log"": ""05d91e1f-3b9b-4ab8-9716-683affbb9ed3"", ""derivatives/dandiset-000409/sub-SWC-038/sub-SWC-038_ses-4d8c7767-981c-4347-8e5e-5d5fffe38534_desc-raw_ecephys/pipeline-aind+ephys/version-v1.2.4_codebase-v0.3.39_params-1cbdbee_config-7940dfd_attempt-1/logs/nextflow.log"": ""b64dc2c1-5d85-4cff-b7e5-8b9a5b43077e""}"	2026-06-21T12:33:49.942085-04:00	2026-06-21T12:33:50.393150-04:00
000409	sub-SWC-038/sub-SWC-038_ses-4d8c7767-981c-4347-8e5e-5d5fffe38534_desc-raw_ecephys.nwb	aind+ephys	v1.2.4	1cbdbee	7940dfd	1	v0.3.42	adda8fdf-94cb-49bd-928c-2d1253c68556	142973964396	True	True	False	True	"{""derivatives/dandiset-000409/sub-SWC-038/sub-SWC-038_ses-4d8c7767-981c-4347-8e5e-5d5fffe38534_desc-raw_ecephys/pipeline-aind+ephys/version-v1.2.4_codebase-v0.3.42_params-1cbdbee_config-7940dfd_attempt-1/dataset_description.json"": ""b00eb05f-0c3e-4dd8-83c4-9bb56d085c77""}"		"{""derivatives/dandiset-000409/sub-SWC-038/sub-SWC-038_ses-4d8c7767-981c-4347-8e5e-5d5fffe38534_desc-raw_ecephys/pipeline-aind+ephys/version-v1.2.4_codebase-v0.3.42_params-1cbdbee_config-7940dfd_attempt-1/logs/job-16256895_slurm.log"": ""f00f3611-74be-4313-80d1-7aa5fb65e6da"", ""derivatives/dandiset-000409/sub-SWC-038/sub-SWC-038_ses-4d8c7767-981c-4347-8e5e-5d5fffe38534_desc-raw_ecephys/pipeline-aind+ephys/version-v1.2.4_codebase-v0.3.42_params-1cbdbee_config-7940dfd_attempt-1/logs/nextflow.log"": ""8e2b8a35-06bd-4bda-a757-73261e2e8587""}"	2026-06-22T12:40:01.724865-04:00	2026-06-22T12:40:02.541301-04:00
000409	sub-SWC-038/sub-SWC-038_ses-4d8c7767-981c-4347-8e5e-5d5fffe38534_desc-raw_ecephys.nwb	aind+ephys	v1.2.4	1cbdbee	7940dfd	2	v0.3.43	adda8fdf-94cb-49bd-928c-2d1253c68556	142973964396	True	True	False	False	"{""derivatives/dandiset-000409/sub-SWC-038/sub-SWC-038_ses-4d8c7767-981c-4347-8e5e-5d5fffe38534_desc-raw_ecephys/pipeline-aind+ephys/version-v1.2.4_codebase-v0.3.43_params-1cbdbee_config-7940dfd_attempt-2/dataset_description.json"": ""4dd14c33-0b01-4e4a-a35b-0c57724bf034""}"			2026-09-09T09:29:22.607697-04:00	
000409	sub-SWC-038/sub-SWC-038_ses-4d8c7767-981c-4347-8e5e-5d5fffe38534_desc-raw_ecephys.nwb	aind+ephys	v1.2.4	1cbdbee	7940dfd	1	v0.3.46	adda8fdf-94cb-49bd-928c-2d1253c68556	142973964396	True	True	False	False	"{""derivatives/dandiset-000409/sub-SWC-038/sub-SWC-038_ses-4d8c7767-981c-4347-8e5e-5d5fffe38534_desc-raw_ecephys/pipeline-aind+ephys/version-v1.2.4_codebase-v0.3.46_params-1cbdbee_config-7940dfd_attempt-1/dataset_description.json"": ""3872d87e-fae9-4a6b-9bdb-a16d57bd1d4a""}"			2026-09-09T09:29:32.745828-04:00	
000409	sub-SWC-038/sub-SWC-038_ses-4d8c7767-981c-4347-8e5e-5d5fffe38534_desc-raw_ecephys.nwb	aind+ephys	v1.2.4	1cbdbee	7940dfd	2	v0.3.46	adda8fdf-94cb-49bd-928c-2d1253c68556	142973964396	True	True	False	False	"{""derivatives/dandiset-000409/sub-SWC-038/sub-SWC-038_ses-4d8c7767-981c-4347-8e5e-5d5fffe38534_desc-raw_ecephys/pipeline-aind+ephys/version-v1.2.4_codebase-v0.3.46_params-1cbdbee_config-7940dfd_attempt-2/dataset_description.json"": ""3872d87e-fae9-4a6b-9bdb-a16d57bd1d4a""}"			2026-09-09T09:29:42.212641-04:00	
000409	sub-SWC-038/sub-SWC-038_ses-4d8c7767-981c-4347-8e5e-5d5fffe38534_desc-raw_ecephys.nwb	aind+ephys	v1.2.4	1cbdbee	7940dfd	3	v0.3.46	adda8fdf-94cb-49bd-928c-2d1253c68556	142973964396	True	True	False	False	"{""derivatives/dandiset-000409/sub-SWC-038/sub-SWC-038_ses-4d8c7767-981c-4347-8e5e-5d5fffe38534_desc-raw_ecephys/pipeline-aind+ephys/version-v1.2.4_codebase-v0.3.46_params-1cbdbee_config-7940dfd_attempt-3/dataset_description.json"": ""3872d87e-fae9-4a6b-9bdb-a16d57bd1d4a""}"			2026-09-09T09:29:52.897303-04:00	
000409	sub-SWC-038/sub-SWC-038_ses-4d8c7767-981c-4347-8e5e-5d5fffe38534_desc-raw_ecephys.nwb	aind+ephys	v1.2.4	1cbdbee	7940dfd	4	v0.3.46	adda8fdf-94cb-49bd-928c-2d1253c68556	142973964396	True	True	False	False	"{""derivatives/dandiset-000409/sub-SWC-038/sub-SWC-038_ses-4d8c7767-981c-4347-8e5e-5d5fffe38534_desc-raw_ecephys/pipeline-aind+ephys/version-v1.2.4_codebase-v0.3.46_params-1cbdbee_config-7940dfd_attempt-4/dataset_description.json"": ""3872d87e-fae9-4a6b-9bdb-a16d57bd1d4a""}"			2026-09-09T09:30:03.577582-04:00	
000409	sub-SWC-038/sub-SWC-038_ses-4d8c7767-981c-4347-8e5e-5d5fffe38534_desc-raw_ecephys.nwb	aind+ephys	v1.2.4	1cbdbee	7940dfd	5	v0.3.46	adda8fdf-94cb-49bd-928c-2d1253c68556	142973964396	True	True	False	False	"{""derivatives/dandiset-000409/sub-SWC-038/sub-SWC-038_ses-4d8c7767-981c-4347-8e5e-5d5fffe38534_desc-raw_ecephys/pipeline-aind+ephys/version-v1.2.4_codebase-v0.3.46_params-1cbdbee_config-7940dfd_attempt-5/dataset_description.json"": ""3872d87e-fae9-4a6b-9bdb-a16d57bd1d4a""}"			2026-09-09T09:30:13.451693-04:00	
000409	sub-ibl-witten-13/sub-ibl-witten-13_ses-ebe090af-5922-4fcd-8fc6-17b8ba7bad6d_desc-raw_ecephys.nwb	aind+ephys	v1.2.4	1cbdbee	7940dfd	1	v0.3.49	febad362-bebe-4df6-b041-c67d11066526	64604951538	True	True	False	True	"{""derivatives/dandiset-000409/sub-ibl-witten-13/sub-ibl-witten-13_ses-ebe090af-5922-4fcd-8fc6-17b8ba7bad6d_desc-raw_ecephys/pipeline-aind+ephys/version-v1.2.4_codebase-v0.3.49_params-1cbdbee_config-7940dfd_attempt-1/dataset_description.json"": ""06162e96-a446-481c-ba5f-38b8cfe4cdb2""}"		"{""derivatives/dandiset-000409/sub-ibl-witten-13/sub-ibl-witten-13_ses-ebe090af-5922-4fcd-8fc6-17b8ba7bad6d_desc-raw_ecephys/pipeline-aind+ephys/version-v1.2.4_codebase-v0.3.49_params-1cbdbee_config-7940dfd_attempt-1/logs/dag.html"": ""374d93d6-f54a-49e3-9bd4-23cc49c2e489"", ""derivatives/dandiset-000409/sub-ibl-witten-13/sub-ibl-witten-13_ses-ebe090af-5922-4fcd-8fc6-17b8ba7bad6d_desc-raw_ecephys/pipeline-aind+ephys/version-v1.2.4_codebase-v0.3.49_params-1cbdbee_config-7940dfd_attempt-1/logs/job-18878818_slurm.log"": ""67d420ed-059f-4d7b-ae35-b4f564f28cbc"", ""derivatives/dandiset-000409/sub-ibl-witten-13/sub-ibl-witten-13_ses-ebe090af-5922-4fcd-8fc6-17b8ba7bad6d_desc-raw_ecephys/pipeline-aind+ephys/version-v1.2.4_codebase-v0.3.49_params-1cbdbee_config-7940dfd_attempt-1/logs/nextflow.log"": ""94853e86-fdc5-4c51-be89-c262bc0a5157"", ""derivatives/dandiset-000409/sub-ibl-witten-13/sub-ibl-witten-13_ses-ebe090af-5922-4fcd-8fc6-17b8ba7bad6d_desc-raw_ecephys/pipeline-aind+ephys/version-v1.2.4_codebase-v0.3.49_params-1cbdbee_config-7940dfd_attempt-1/logs/report.html"": ""734b95ce-05ef-4289-8b2b-d0805b132ab1"", ""derivatives/dandiset-000409/sub-ibl-witten-13/sub-ibl-witten-13_ses-ebe090af-5922-4fcd-8fc6-17b8ba7bad6d_desc-raw_ecephys/pipeline-aind+ephys/version-v1.2.4_codebase-v0.3.49_params-1cbdbee_config-7940dfd_attempt-1/logs/timeline.html"": ""e158af7b-2fcb-4aa3-aebf-d94b6262034b"", ""derivatives/dandiset-000409/sub-ibl-witten-13/sub-ibl-witten-13_ses-ebe090af-5922-4fcd-8fc6-17b8ba7bad6d_desc-raw_ecephys/pipeline-aind+ephys/version-v1.2.4_codebase-v0.3.49_params-1cbdbee_config-7940dfd_attempt-1/logs/trace.txt"": ""6db3a409-705d-44d3-9a29-7e4359954f44""}"	2026-09-08T17:21:12.492116-04:00	2026-09-08T17:21:13.624597-04:00
000409	sub-ibl-witten-17/sub-ibl-witten-17_ses-d832d9f7-c96a-4f63-8921-516ba4a7b61f_desc-raw_ecephys.nwb	aind+ephys	v1.2.4	1cbdbee	7940dfd	1	v0.3.49	32c472eb-940c-43db-8170-1573e617a624	124106127083	True	True	False	False	"{""derivatives/dandiset-000409/sub-ibl-witten-17/sub-ibl-witten-17_ses-d832d9f7-c96a-4f63-8921-516ba4a7b61f_desc-raw_ecephys/pipeline-aind+ephys/version-v1.2.4_codebase-v0.3.49_params-1cbdbee_config-7940dfd_attempt-1/dataset_description.json"": ""06162e96-a446-481c-ba5f-38b8cfe4cdb2""}"			2026-09-09T09:30:23.762616-04:00	
000411	sub-001/sub-001_ecephys.nwb	aind+ephys	v1.2.2	1cbdbee	7940dfd	1	v0.3.28	080677c9-0e9e-4085-afd6-e5e0379510b9	232080	True	True	False	True	"{""derivatives/dandiset-000411/sub-001/sub-001_ecephys/pipeline-aind+ephys/version-v1.2.2_codebase-v0.3.28_params-1cbdbee_config-7940dfd_attempt-1/dataset_description.json"": ""67fe58a1-3659-42a2-a9c7-89b352d560f2""}"		"{""derivatives/dandiset-000411/sub-001/sub-001_ecephys/pipeline-aind+ephys/version-v1.2.2_codebase-v0.3.28_params-1cbdbee_config-7940dfd_attempt-1/logs/dag.html"": ""374d93d6-f54a-49e3-9bd4-23cc49c2e489"", ""derivatives/dandiset-000411/sub-001/sub-001_ecephys/pipeline-aind+ephys/version-v1.2.2_codebase-v0.3.28_params-1cbdbee_config-7940dfd_attempt-1/logs/job-15548608_slurm.log"": ""6f39ae4d-ce2b-417a-91df-f327a25b572c"", ""derivatives/dandiset-000411/sub-001/sub-001_ecephys/pipeline-aind+ephys/version-v1.2.2_codebase-v0.3.28_params-1cbdbee_config-7940dfd_attempt-1/logs/nextflow.log"": ""89170225-fa5f-4b97-a9b0-ac920d47c3e1"", ""derivatives/dandiset-000411/sub-001/sub-001_ecephys/pipeline-aind+ephys/version-v1.2.2_codebase-v0.3.28_params-1cbdbee_config-7940dfd_attempt-1/logs/report.html"": ""9de0297e-a924-4be9-a45f-99f518262379"", ""derivatives/dandiset-000411/sub-001/sub-001_ecephys/pipeline-aind+ephys/version-v1.2.2_codebase-v0.3.28_params-1cbdbee_config-7940dfd_attempt-1/logs/timeline.html"": ""4c915341-4ed5-4bc0-8afb-de4cb44d4e67"", ""derivatives/dandiset-000411/sub-001/sub-001_ecephys/pipeline-aind+ephys/version-v1.2.2_codebase-v0.3.28_params-1cbdbee_config-7940dfd_attempt-1/logs/trace.txt"": ""d74f2d1d-5adf-4e37-aaca-5cc7925e69bb""}"	2026-09-08T17:21:24.030263-04:00	2026-09-08T17:21:25.029272-04:00
000411	sub-001/sub-001_ecephys.nwb	aind+ephys	v1.2.2	1cbdbee	7940dfd	2	v0.3.28	080677c9-0e9e-4085-afd6-e5e0379510b9	232080	True	True	False	True	"{""derivatives/dandiset-000411/sub-001/sub-001_ecephys/pipeline-aind+ephys/version-v1.2.2_codebase-v0.3.28_params-1cbdbee_config-7940dfd_attempt-2/dataset_description.json"": ""67fe58a1-3659-42a2-a9c7-89b352d560f2""}"		"{""derivatives/dandiset-000411/sub-001/sub-001_ecephys/pipeline-aind+ephys/version-v1.2.2_codebase-v0.3.28_params-1cbdbee_config-7940dfd_attempt-2/logs/dag.html"": ""374d93d6-f54a-49e3-9bd4-23cc49c2e489"", ""derivatives/dandiset-000411/sub-001/sub-001_ecephys/pipeline-aind+ephys/version-v1.2.2_codebase-v0.3.28_params-1cbdbee_config-7940dfd_attempt-2/logs/job-15623540_slurm.log"": ""92d499de-640e-4e7c-8b4a-057d377d106d"", ""derivatives/dandiset-000411/sub-001/sub-001_ecephys/pipeline-aind+ephys/version-v1.2.2_codebase-v0.3.28_params-1cbdbee_config-7940dfd_attempt-2/logs/nextflow.log"": ""e3a5b252-6c46-4b7c-97ec-c6ed40a157fb"", ""derivatives/dandiset-000411/sub-001/sub-001_ecephys/pipeline-aind+ephys/version-v1.2.2_codebase-v0.3.28_params-1cbdbee_config-7940dfd_attempt-2/logs/report.html"": ""30caa36d-db9f-4b39-884b-173596c2985c"", ""derivatives/dandiset-000411/sub-001/sub-001_ecephys/pipeline-aind+ephys/version-v1.2.2_codebase-v0.3.28_params-1cbdbee_config-7940dfd_attempt-2/logs/timeline.html"": ""65e5eb60-b9e3-48e4-a9ca-dc54aae4394f"", ""derivatives/dandiset-000411/sub-001/sub-001_ecephys/pipeline-aind+ephys/version-v1.2.2_codebase-v0.3.28_params-1cbdbee_config-7940dfd_attempt-2/logs/trace.txt"": ""ae6c1f44-f3f7-4426-9b03-b75c4c0cb63f""}"	2026-09-08T17:21:36.046720-04:00	2026-09-08T17:21:37.216345-04:00
000411	sub-001/sub-001_ecephys.nwb	aind+ephys	v1.2.2	1cbdbee	7940dfd	3	v0.3.28	080677c9-0e9e-4085-afd6-e5e0379510b9	232080	True	True	False	True	"{""derivatives/dandiset-000411/sub-001/sub-001_ecephys/pipeline-aind+ephys/version-v1.2.2_codebase-v0.3.28_params-1cbdbee_config-7940dfd_attempt-3/dataset_description.json"": ""67fe58a1-3659-42a2-a9c7-89b352d560f2""}"		"{""derivatives/dandiset-000411/sub-001/sub-001_ecephys/pipeline-aind+ephys/version-v1.2.2_codebase-v0.3.28_params-1cbdbee_config-7940dfd_attempt-3/logs/dag.html"": ""374d93d6-f54a-49e3-9bd4-23cc49c2e489"", ""derivatives/dandiset-000411/sub-001/sub-001_ecephys/pipeline-aind+ephys/version-v1.2.2_codebase-v0.3.28_params-1cbdbee_config-7940dfd_attempt-3/logs/job-15704520_slurm.log"": ""76b9c440-2cb5-48a7-bc8a-9ecee65cee6d"", ""derivatives/dandiset-000411/sub-001/sub-001_ecephys/pipeline-aind+ephys/version-v1.2.2_codebase-v0.3.28_params-1cbdbee_config-7940dfd_attempt-3/logs/nextflow.log"": ""51acad29-f79e-4f81-9717-f9f0c98bae74"", ""derivatives/dandiset-000411/sub-001/sub-001_ecephys/pipeline-aind+ephys/version-v1.2.2_codebase-v0.3.28_params-1cbdbee_config-7940dfd_attempt-3/logs/report.html"": ""5daf778e-93b1-467d-a620-c0033b7cd094"", ""derivatives/dandiset-000411/sub-001/sub-001_ecephys/pipeline-aind+ephys/version-v1.2.2_codebase-v0.3.28_params-1cbdbee_config-7940dfd_attempt-3/logs/timeline.html"": ""9b56cc59-6e9b-4606-b870-3da859b84ee8"", ""derivatives/dandiset-000411/sub-001/sub-001_ecephys/pipeline-aind+ephys/version-v1.2.2_codebase-v0.3.28_params-1cbdbee_config-7940dfd_attempt-3/logs/trace.txt"": ""1aeead15-4f22-4a5f-b2c6-b4093ec7dea0""}"	2026-09-08T17:21:47.592554-04:00	2026-09-08T17:21:48.768892-04:00
000463	sub-BH395/sub-BH395_ses-20221213T174039_ecephys.nwb	aind+ephys	v1.2.4	1cbdbee	7940dfd	1	v0.3.49	0828f847-62e9-443f-8241-3960985ddab3	4467208992	True	True	False	True	"{""derivatives/dandiset-000463/sub-BH395/sub-BH395_ses-20221213T174039_ecephys/pipeline-aind+ephys/version-v1.2.4_codebase-v0.3.49_params-1cbdbee_config-7940dfd_attempt-1/dataset_description.json"": ""a8053abf-9126-45b7-8c87-881892366d27""}"		"{""derivatives/dandiset-000463/sub-BH395/sub-BH395_ses-20221213T174039_ecephys/pipeline-aind+ephys/version-v1.2.4_codebase-v0.3.49_params-1cbdbee_config-7940dfd_attempt-1/logs/dag.html"": ""374d93d6-f54a-49e3-9bd4-23cc49c2e489"", ""derivatives/dandiset-000463/sub-BH395/sub-BH395_ses-20221213T174039_ecephys/pipeline-aind+ephys/version-v1.2.4_codebase-v0.3.49_params-1cbdbee_config-7940dfd_attempt-1/logs/job-18495330_slurm.log"": ""76ebad2c-abb3-47b0-a7ab-d5aa70566e9e"", ""derivatives/dandiset-000463/sub-BH395/sub-BH395_ses-20221213T174039_ecephys/pipeline-aind+ephys/version-v1.2.4_codebase-v0.3.49_params-1cbdbee_config-7940dfd_attempt-1/logs/nextflow.log"": ""1c78f2c6-5fa4-49ca-9afc-628ce4b00c3b"", ""derivatives/dandiset-000463/sub-BH395/sub-BH395_ses-20221213T174039_ecephys/pipeline-aind+ephys/version-v1.2.4_codebase-v0.3.49_params-1cbdbee_config-7940dfd_attempt-1/logs/report.html"": ""32d4e2ea-9239-472c-875a-12596e5afbac"", ""derivatives/dandiset-000463/sub-BH395/sub-BH395_ses-20221213T174039_ecephys/pipeline-aind+ephys/version-v1.2.4_codebase-v0.3.49_params-1cbdbee_config-7940dfd_attempt-1/logs/timeline.html"": ""95922a9a-80ec-4685-8db7-b6b5259ebe1b"", ""derivatives/dandiset-000463/sub-BH395/sub-BH395_ses-20221213T174039_ecephys/pipeline-aind+ephys/version-v1.2.4_codebase-v0.3.49_params-1cbdbee_config-7940dfd_attempt-1/logs/trace.txt"": ""2f802ff9-772a-4b5f-acef-e0c407c8da09""}"	2026-09-08T17:21:59.098108-04:00	2026-09-08T17:22:00.229622-04:00
000463	sub-BH395/sub-BH395_ses-20221213T180853_ecephys.nwb	aind+ephys	v1.2.4	1cbdbee	7940dfd	1	v0.3.49	b37ff19b-fe62-428d-8831-8619c00920ce	4484018976	True	True	False	True	"{""derivatives/dandiset-000463/sub-BH395/sub-BH395_ses-20221213T180853_ecephys/pipeline-aind+ephys/version-v1.2.4_codebase-v0.3.49_params-1cbdbee_config-7940dfd_attempt-1/dataset_description.json"": ""a8053abf-9126-45b7-8c87-881892366d27""}"		"{""derivatives/dandiset-000463/sub-BH395/sub-BH395_ses-20221213T180853_ecephys/pipeline-aind+ephys/version-v1.2.4_codebase-v0.3.49_params-1cbdbee_config-7940dfd_attempt-1/logs/dag.html"": ""374d93d6-f54a-49e3-9bd4-23cc49c2e489"", ""derivatives/dandiset-000463/sub-BH395/sub-BH395_ses-20221213T180853_ecephys/pipeline-aind+ephys/version-v1.2.4_codebase-v0.3.49_params-1cbdbee_config-7940dfd_attempt-1/logs/job-17729688_slurm.log"": ""c755ca0a-db4f-468d-9d9f-70842562cc9f"", ""derivatives/dandiset-000463/sub-BH395/sub-BH395_ses-20221213T180853_ecephys/pipeline-aind+ephys/version-v1.2.4_codebase-v0.3.49_params-1cbdbee_config-7940dfd_attempt-1/logs/nextflow.log"": ""b86e041b-28ee-4996-ac60-8f1286e7cfd1"", ""derivatives/dandiset-000463/sub-BH395/sub-BH395_ses-20221213T180853_ecephys/pipeline-aind+ephys/version-v1.2.4_codebase-v0.3.49_params-1cbdbee_config-7940dfd_attempt-1/logs/report.html"": ""0b0533de-9aa5-4f98-a220-57d0af5b47c7"", ""derivatives/dandiset-000463/sub-BH395/sub-BH395_ses-20221213T180853_ecephys/pipeline-aind+ephys/version-v1.2.4_codebase-v0.3.49_params-1cbdbee_config-7940dfd_attempt-1/logs/timeline.html"": ""a1f7b659-8e2e-4405-8dce-7dfbe5f5f5b0"", ""derivatives/dandiset-000463/sub-BH395/sub-BH395_ses-20221213T180853_ecephys/pipeline-aind+ephys/version-v1.2.4_codebase-v0.3.49_params-1cbdbee_config-7940dfd_attempt-1/logs/trace.txt"": ""e5b1e26e-41a4-4e12-8e13-5232b95c7856""}"	2026-09-08T17:22:11.102107-04:00	2026-09-08T17:22:12.254193-04:00
000463	sub-BH395/sub-BH395_ses-20221213T180853_ecephys.nwb	aind+ephys	v1.2.4	1cbdbee	7940dfd	2	v0.3.49	b37ff19b-fe62-428d-8831-8619c00920ce	4484018976	True	True	False	True	"{""derivatives/dandiset-000463/sub-BH395/sub-BH395_ses-20221213T180853_ecephys/pipeline-aind+ephys/version-v1.2.4_codebase-v0.3.49_params-1cbdbee_config-7940dfd_attempt-2/dataset_description.json"": ""a8053abf-9126-45b7-8c87-881892366d27""}"		"{""derivatives/dandiset-000463/sub-BH395/sub-BH395_ses-20221213T180853_ecephys/pipeline-aind+ephys/version-v1.2.4_codebase-v0.3.49_params-1cbdbee_config-7940dfd_attempt-2/logs/dag.html"": ""374d93d6-f54a-49e3-9bd4-23cc49c2e489"", ""derivatives/dandiset-000463/sub-BH395/sub-BH395_ses-20221213T180853_ecephys/pipeline-aind+ephys/version-v1.2.4_codebase-v0.3.49_params-1cbdbee_config-7940dfd_attempt-2/logs/job-17865986_slurm.log"": ""abf7b50f-e074-433b-92d6-7ffe92ecb281"", ""derivatives/dandiset-000463/sub-BH395/sub-BH395_ses-20221213T180853_ecephys/pipeline-aind+ephys/version-v1.2.4_codebase-v0.3.49_params-1cbdbee_config-7940dfd_attempt-2/logs/nextflow.log"": ""c133b331-3548-4b14-a157-ac4e8b0465c5"", ""derivatives/dandiset-000463/sub-BH395/sub-BH395_ses-20221213T180853_ecephys/pipeline-aind+ephys/version-v1.2.4_codebase-v0.3.49_params-1cbdbee_config-7940dfd_attempt-2/logs/report.html"": ""f3f3f725-9af0-4d75-8e30-900a6d173321"", ""derivatives/dandiset-000463/sub-BH395/sub-BH395_ses-20221213T180853_ecephys/pipeline-aind+ephys/version-v1.2.4_codebase-v0.3.49_params-1cbdbee_config-7940dfd_attempt-2/logs/timeline.html"": ""5ceed6da-48d9-4474-abbc-6ae802cff004"", ""derivatives/dandiset-000463/sub-BH395/sub-BH395_ses-20221213T180853_ecephys/pipeline-aind+ephys/version-v1.2.4_codebase-v0.3.49_params-1cbdbee_config-7940dfd_attempt-2/logs/trace.txt"": ""c750daf3-9a12-4e78-b9bb-1eb59aa6e60c""}"	2026-09-08T17:22:22.728944-04:00	2026-09-08T17:22:23.916805-04:00
000463	sub-BH396/sub-BH396_ses-20221117T215447_ecephys.nwb	aind+ephys	v1.2.4	1cbdbee	7940dfd	1	v0.3.49	f7c78a93-43f2-401b-9056-39ca564d4216	1081029408	True	True	False	True	"{""derivatives/dandiset-000463/sub-BH396/sub-BH396_ses-20221117T215447_ecephys/pipeline-aind+ephys/version-v1.2.4_codebase-v0.3.49_params-1cbdbee_config-7940dfd_attempt-1/dataset_description.json"": ""a8053abf-9126-45b7-8c87-881892366d27""}"		"{""derivatives/dandiset-000463/sub-BH396/sub-BH396_ses-20221117T215447_ecephys/pipeline-aind+ephys/version-v1.2.4_codebase-v0.3.49_params-1cbdbee_config-7940dfd_attempt-1/logs/dag.html"": ""374d93d6-f54a-49e3-9bd4-23cc49c2e489"", ""derivatives/dandiset-000463/sub-BH396/sub-BH396_ses-20221117T215447_ecephys/pipeline-aind+ephys/version-v1.2.4_codebase-v0.3.49_params-1cbdbee_config-7940dfd_attempt-1/logs/job-17942315_slurm.log"": ""73c3157d-36e0-4a94-b67b-db3a92415b40"", ""derivatives/dandiset-000463/sub-BH396/sub-BH396_ses-20221117T215447_ecephys/pipeline-aind+ephys/version-v1.2.4_codebase-v0.3.49_params-1cbdbee_config-7940dfd_attempt-1/logs/nextflow.log"": ""d32b5763-eaae-408f-82e0-80987d316e13"", ""derivatives/dandiset-000463/sub-BH396/sub-BH396_ses-20221117T215447_ecephys/pipeline-aind+ephys/version-v1.2.4_codebase-v0.3.49_params-1cbdbee_config-7940dfd_attempt-1/logs/report.html"": ""9bbdd94e-83c7-41be-b3e0-f45751a2c3ec"", ""derivatives/dandiset-000463/sub-BH396/sub-BH396_ses-20221117T215447_ecephys/pipeline-aind+ephys/version-v1.2.4_codebase-v0.3.49_params-1cbdbee_config-7940dfd_attempt-1/logs/timeline.html"": ""751271fc-8d7c-4f81-b4de-4e715738e806"", ""derivatives/dandiset-000463/sub-BH396/sub-BH396_ses-20221117T215447_ecephys/pipeline-aind+ephys/version-v1.2.4_codebase-v0.3.49_params-1cbdbee_config-7940dfd_attempt-1/logs/trace.txt"": ""840c5907-34b3-468a-b90e-d1bd200f3f54""}"	2026-09-08T17:22:34.887782-04:00	2026-09-08T17:22:35.967044-04:00
000463	sub-BH401/sub-BH401_ses-20230207T202916_ecephys.nwb	aind+ephys	v1.2.4	1cbdbee	7940dfd	1	v0.3.49	25808f24-1650-4e77-9226-ed14ea766032	2055713568	True	True	False	True	"{""derivatives/dandiset-000463/sub-BH401/sub-BH401_ses-20230207T202916_ecephys/pipeline-aind+ephys/version-v1.2.4_codebase-v0.3.49_params-1cbdbee_config-7940dfd_attempt-1/dataset_description.json"": ""a8053abf-9126-45b7-8c87-881892366d27""}"		"{""derivatives/dandiset-000463/sub-BH401/sub-BH401_ses-20230207T202916_ecephys/pipeline-aind+ephys/version-v1.2.4_codebase-v0.3.49_params-1cbdbee_config-7940dfd_attempt-1/logs/dag.html"": ""374d93d6-f54a-49e3-9bd4-23cc49c2e489"", ""derivatives/dandiset-000463/sub-BH401/sub-BH401_ses-20230207T202916_ecephys/pipeline-aind+ephys/version-v1.2.4_codebase-v0.3.49_params-1cbdbee_config-7940dfd_attempt-1/logs/job-18213460_slurm.log"": ""07315498-3de2-470d-a021-dadc107744a2"", ""derivatives/dandiset-000463/sub-BH401/sub-BH401_ses-20230207T202916_ecephys/pipeline-aind+ephys/version-v1.2.4_codebase-v0.3.49_params-1cbdbee_config-7940dfd_attempt-1/logs/nextflow.log"": ""d97068da-6e8a-4dd1-8342-df58e0190a4c"", ""derivatives/dandiset-000463/sub-BH401/sub-BH401_ses-20230207T202916_ecephys/pipeline-aind+ephys/version-v1.2.4_codebase-v0.3.49_params-1cbdbee_config-7940dfd_attempt-1/logs/report.html"": ""e3c7959a-2fe0-42f9-b8dd-873b82bece1d"", ""derivatives/dandiset-000463/sub-BH401/sub-BH401_ses-20230207T202916_ecephys/pipeline-aind+ephys/version-v1.2.4_codebase-v0.3.49_params-1cbdbee_config-7940dfd_attempt-1/logs/timeline.html"": ""80c8c097-a454-4fb2-bed6-7a78fdd8b700"", ""derivatives/dandiset-000463/sub-BH401/sub-BH401_ses-20230207T202916_ecephys/pipeline-aind+ephys/version-v1.2.4_codebase-v0.3.49_params-1cbdbee_config-7940dfd_attempt-1/logs/trace.txt"": ""2cc5ef54-75bb-4796-86ae-4d6908dafad6""}"	2026-09-08T17:22:48.245473-04:00	2026-09-08T17:22:49.412196-04:00
000463	sub-BH401/sub-BH401_ses-20230207T213946_ecephys.nwb	aind+ephys	v1.2.2	1cbdbee	7940dfd	1	v0.3.28	e39ea767-de6f-45d6-857c-a3c29de968cd	2045686560	True	True	False	True	"{""derivatives/dandiset-000463/sub-BH401/sub-BH401_ses-20230207T213946_ecephys/pipeline-aind+ephys/version-v1.2.2_codebase-v0.3.28_params-1cbdbee_config-7940dfd_attempt-1/dataset_description.json"": ""3b7db177-b42b-4186-931a-808cd502d42a""}"		"{""derivatives/dandiset-000463/sub-BH401/sub-BH401_ses-20230207T213946_ecephys/pipeline-aind+ephys/version-v1.2.2_codebase-v0.3.28_params-1cbdbee_config-7940dfd_attempt-1/logs/dag.html"": ""374d93d6-f54a-49e3-9bd4-23cc49c2e489"", ""derivatives/dandiset-000463/sub-BH401/sub-BH401_ses-20230207T213946_ecephys/pipeline-aind+ephys/version-v1.2.2_codebase-v0.3.28_params-1cbdbee_config-7940dfd_attempt-1/logs/job-15758680_slurm.log"": ""8c15153c-f2a9-4bcc-aa18-e320bcbcd95c"", ""derivatives/dandiset-000463/sub-BH401/sub-BH401_ses-20230207T213946_ecephys/pipeline-aind+ephys/version-v1.2.2_codebase-v0.3.28_params-1cbdbee_config-7940dfd_attempt-1/logs/nextflow.log"": ""49cfe97b-0eb7-429b-956b-ea8bd9b38b6d"", ""derivatives/dandiset-000463/sub-BH401/sub-BH401_ses-20230207T213946_ecephys/pipeline-aind+ephys/version-v1.2.2_codebase-v0.3.28_params-1cbdbee_config-7940dfd_attempt-1/logs/report.html"": ""8e70b368-4b10-41fc-ae8d-3229f01bf22a"", ""derivatives/dandiset-000463/sub-BH401/sub-BH401_ses-20230207T213946_ecephys/pipeline-aind+ephys/version-v1.2.2_codebase-v0.3.28_params-1cbdbee_config-7940dfd_attempt-1/logs/timeline.html"": ""4a9cde9b-e34d-4030-b69d-109ad661ef0d"", ""derivatives/dandiset-000463/sub-BH401/sub-BH401_ses-20230207T213946_ecephys/pipeline-aind+ephys/version-v1.2.2_codebase-v0.3.28_params-1cbdbee_config-7940dfd_attempt-1/logs/trace.txt"": ""785fde01-3387-4a39-9174-ee2eb8aaff79""}"	2026-09-08T17:22:59.707994-04:00	2026-09-08T17:23:00.696969-04:00
000463	sub-BH401/sub-BH401_ses-20230207T221353_ecephys.nwb	aind+ephys	v1.2.4	1cbdbee	7940dfd	1	v0.3.49	264fb67c-1fe9-4553-94e0-db5f2833f66d	2168369952	True	True	False	True	"{""derivatives/dandiset-000463/sub-BH401/sub-BH401_ses-20230207T221353_ecephys/pipeline-aind+ephys/version-v1.2.4_codebase-v0.3.49_params-1cbdbee_config-7940dfd_attempt-1/dataset_description.json"": ""a8053abf-9126-45b7-8c87-881892366d27""}"		"{""derivatives/dandiset-000463/sub-BH401/sub-BH401_ses-20230207T221353_ecephys/pipeline-aind+ephys/version-v1.2.4_codebase-v0.3.49_params-1cbdbee_config-7940dfd_attempt-1/logs/dag.html"": ""374d93d6-f54a-49e3-9bd4-23cc49c2e489"", ""derivatives/dandiset-000463/sub-BH401/sub-BH401_ses-20230207T221353_ecephys/pipeline-aind+ephys/version-v1.2.4_codebase-v0.3.49_params-1cbdbee_config-7940dfd_attempt-1/logs/job-18027888_slurm.log"": ""b4197211-d225-424d-8b14-24a385358ce1"", ""derivatives/dandiset-000463/sub-BH401/sub-BH401_ses-20230207T221353_ecephys/pipeline-aind+ephys/version-v1.2.4_codebase-v0.3.49_params-1cbdbee_config-7940dfd_attempt-1/logs/nextflow.log"": ""3d3ee3a0-6ab1-4641-bcc2-6630e69ad8a9"", ""derivatives/dandiset-000463/sub-BH401/sub-BH401_ses-20230207T221353_ecephys/pipeline-aind+ephys/version-v1.2.4_codebase-v0.3.49_params-1cbdbee_config-7940dfd_attempt-1/logs/report.html"": ""f943a6a2-d577-49f1-b3db-c796d9d2662d"", ""derivatives/dandiset-000463/sub-BH401/sub-BH401_ses-20230207T221353_ecephys/pipeline-aind+ephys/version-v1.2.4_codebase-v0.3.49_params-1cbdbee_config-7940dfd_attempt-1/logs/timeline.html"": ""c8665946-6f0e-4775-a72a-e0b31c50d64e"", ""derivatives/dandiset-000463/sub-BH401/sub-BH401_ses-20230207T221353_ecephys/pipeline-aind+ephys/version-v1.2.4_codebase-v0.3.49_params-1cbdbee_config-7940dfd_attempt-1/logs/trace.txt"": ""a6d15097-5405-4bfd-b3d5-40d765733e4d""}"	2026-09-08T17:23:11.293100-04:00	2026-09-08T17:23:12.449951-04:00
000463	sub-BH401/sub-BH401_ses-20230208T012808_ecephys.nwb	aind+ephys	v1.2.4	1cbdbee	7940dfd	1	v0.3.49	026edd41-d5c4-4eb9-bce6-aec2b28d3adb	2058957600	True	True	False	True	"{""derivatives/dandiset-000463/sub-BH401/sub-BH401_ses-20230208T012808_ecephys/pipeline-aind+ephys/version-v1.2.4_codebase-v0.3.49_params-1cbdbee_config-7940dfd_attempt-1/dataset_description.json"": ""a8053abf-9126-45b7-8c87-881892366d27""}"		"{""derivatives/dandiset-000463/sub-BH401/sub-BH401_ses-20230208T012808_ecephys/pipeline-aind+ephys/version-v1.2.4_codebase-v0.3.49_params-1cbdbee_config-7940dfd_attempt-1/logs/dag.html"": ""374d93d6-f54a-49e3-9bd4-23cc49c2e489"", ""derivatives/dandiset-000463/sub-BH401/sub-BH401_ses-20230208T012808_ecephys/pipeline-aind+ephys/version-v1.2.4_codebase-v0.3.49_params-1cbdbee_config-7940dfd_attempt-1/logs/job-17543575_slurm.log"": ""8b556f43-87f2-4b46-bca8-f2b3fcdfd831"", ""derivatives/dandiset-000463/sub-BH401/sub-BH401_ses-20230208T012808_ecephys/pipeline-aind+ephys/version-v1.2.4_codebase-v0.3.49_params-1cbdbee_config-7940dfd_attempt-1/logs/nextflow.log"": ""ae1b0794-bfe6-4ccf-94bb-3880ce107be8"", ""derivatives/dandiset-000463/sub-BH401/sub-BH401_ses-20230208T012808_ecephys/pipeline-aind+ephys/version-v1.2.4_codebase-v0.3.49_params-1cbdbee_config-7940dfd_attempt-1/logs/report.html"": ""deb15916-8b1d-442f-93cf-5dac9a6afb56"", ""derivatives/dandiset-000463/sub-BH401/sub-BH401_ses-20230208T012808_ecephys/pipeline-aind+ephys/version-v1.2.4_codebase-v0.3.49_params-1cbdbee_config-7940dfd_attempt-1/logs/timeline.html"": ""7618644b-2cf0-4b65-927e-778eaf0b7d6b"", ""derivatives/dandiset-000463/sub-BH401/sub-BH401_ses-20230208T012808_ecephys/pipeline-aind+ephys/version-v1.2.4_codebase-v0.3.49_params-1cbdbee_config-7940dfd_attempt-1/logs/trace.txt"": ""242644d2-ecdb-4db2-ba09-6835d7a53a97""}"	2026-09-08T17:23:22.709264-04:00	2026-09-08T17:23:23.705080-04:00
000463	sub-BH444/sub-BH444_ses-20230214T230505_ecephys.nwb	aind+ephys	v1.2.4	1cbdbee	7940dfd	1	v0.3.49	d6f30f97-30d5-4f81-8889-bea27bb6c10d	2030646048	True	True	False	True	"{""derivatives/dandiset-000463/sub-BH444/sub-BH444_ses-20230214T230505_ecephys/pipeline-aind+ephys/version-v1.2.4_codebase-v0.3.49_params-1cbdbee_config-7940dfd_attempt-1/dataset_description.json"": ""a8053abf-9126-45b7-8c87-881892366d27""}"		"{""derivatives/dandiset-000463/sub-BH444/sub-BH444_ses-20230214T230505_ecephys/pipeline-aind+ephys/version-v1.2.4_codebase-v0.3.49_params-1cbdbee_config-7940dfd_attempt-1/logs/dag.html"": ""374d93d6-f54a-49e3-9bd4-23cc49c2e489"", ""derivatives/dandiset-000463/sub-BH444/sub-BH444_ses-20230214T230505_ecephys/pipeline-aind+ephys/version-v1.2.4_codebase-v0.3.49_params-1cbdbee_config-7940dfd_attempt-1/logs/job-18891457_slurm.log"": ""1ab00bca-d222-4642-82bd-65d57a458e4d"", ""derivatives/dandiset-000463/sub-BH444/sub-BH444_ses-20230214T230505_ecephys/pipeline-aind+ephys/version-v1.2.4_codebase-v0.3.49_params-1cbdbee_config-7940dfd_attempt-1/logs/nextflow.log"": ""07c6a7af-987f-4550-abb2-533f28c9d20b"", ""derivatives/dandiset-000463/sub-BH444/sub-BH444_ses-20230214T230505_ecephys/pipeline-aind+ephys/version-v1.2.4_codebase-v0.3.49_params-1cbdbee_config-7940dfd_attempt-1/logs/report.html"": ""9dae88c1-6ec4-4b88-b8dd-8a976274cd44"", ""derivatives/dandiset-000463/sub-BH444/sub-BH444_ses-20230214T230505_ecephys/pipeline-aind+ephys/version-v1.2.4_codebase-v0.3.49_params-1cbdbee_config-7940dfd_attempt-1/logs/timeline.html"": ""2b27ddb4-4793-4052-bbe1-106a91d84ce3"", ""derivatives/dandiset-000463/sub-BH444/sub-BH444_ses-20230214T230505_ecephys/pipeline-aind+ephys/version-v1.2.4_codebase-v0.3.49_params-1cbdbee_config-7940dfd_attempt-1/logs/trace.txt"": ""0c21f9bd-2e71-48eb-a1dc-260d19522c72""}"	2026-09-08T17:23:34.584336-04:00	2026-09-08T17:23:35.846087-04:00
000463	sub-BH444/sub-BH444_ses-20230215T002717_ecephys.nwb	aind+ephys	v1.2.4	1cbdbee	7940dfd	1	v0.3.49	db9e4a6f-db38-41b5-9579-c665f3f9c6e4	2029466400	True	True	False	True	"{""derivatives/dandiset-000463/sub-BH444/sub-BH444_ses-20230215T002717_ecephys/pipeline-aind+ephys/version-v1.2.4_codebase-v0.3.49_params-1cbdbee_config-7940dfd_attempt-1/dataset_description.json"": ""a8053abf-9126-45b7-8c87-881892366d27""}"		"{""derivatives/dandiset-000463/sub-BH444/sub-BH444_ses-20230215T002717_ecephys/pipeline-aind+ephys/version-v1.2.4_codebase-v0.3.49_params-1cbdbee_config-7940dfd_attempt-1/logs/dag.html"": ""374d93d6-f54a-49e3-9bd4-23cc49c2e489"", ""derivatives/dandiset-000463/sub-BH444/sub-BH444_ses-20230215T002717_ecephys/pipeline-aind+ephys/version-v1.2.4_codebase-v0.3.49_params-1cbdbee_config-7940dfd_attempt-1/logs/job-18573768_slurm.log"": ""034c872a-2810-4e8d-95f3-9bf278bd9939"", ""derivatives/dandiset-000463/sub-BH444/sub-BH444_ses-20230215T002717_ecephys/pipeline-aind+ephys/version-v1.2.4_codebase-v0.3.49_params-1cbdbee_config-7940dfd_attempt-1/logs/nextflow.log"": ""81c73147-b000-4cde-87dc-60501755b421"", ""derivatives/dandiset-000463/sub-BH444/sub-BH444_ses-20230215T002717_ecephys/pipeline-aind+ephys/version-v1.2.4_codebase-v0.3.49_params-1cbdbee_config-7940dfd_attempt-1/logs/report.html"": ""b7424bb4-1517-4e4c-bf2a-4611628572ab"", ""derivatives/dandiset-000463/sub-BH444/sub-BH444_ses-20230215T002717_ecephys/pipeline-aind+ephys/version-v1.2.4_codebase-v0.3.49_params-1cbdbee_config-7940dfd_attempt-1/logs/timeline.html"": ""9222564b-7912-4e13-9c9f-725baf66fe71"", ""derivatives/dandiset-000463/sub-BH444/sub-BH444_ses-20230215T002717_ecephys/pipeline-aind+ephys/version-v1.2.4_codebase-v0.3.49_params-1cbdbee_config-7940dfd_attempt-1/logs/trace.txt"": ""71a47726-5bb3-4bb5-8b95-584499cf2db9""}"	2026-09-08T17:23:48.465014-04:00	2026-09-08T17:23:49.712095-04:00
000546	sub-M322/sub-M322_ecephys.nwb	aind+ephys	v1.2.2	1cbdbee	0d4bf36	1	v0.3.25	d8892123-2958-44a9-9866-b962f6b09f08	7785862944	True	True	False	True	"{""derivatives/dandiset-000546/sub-M322/sub-M322_ecephys/pipeline-aind+ephys/version-v1.2.2_codebase-v0.3.25_params-1cbdbee_config-0d4bf36_attempt-1/dataset_description.json"": ""1cceefbe-1cb9-45c6-9be5-1fb2340e0574""}"		"{""derivatives/dandiset-000546/sub-M322/sub-M322_ecephys/pipeline-aind+ephys/version-v1.2.2_codebase-v0.3.25_params-1cbdbee_config-0d4bf36_attempt-1/logs/dag.html"": ""374d93d6-f54a-49e3-9bd4-23cc49c2e489"", ""derivatives/dandiset-000546/sub-M322/sub-M322_ecephys/pipeline-aind+ephys/version-v1.2.2_codebase-v0.3.25_params-1cbdbee_config-0d4bf36_attempt-1/logs/job-15521024_slurm.log"": ""a308a066-ab5c-4c2d-8a38-c144d01f34a2"", ""derivatives/dandiset-000546/sub-M322/sub-M322_ecephys/pipeline-aind+ephys/version-v1.2.2_codebase-v0.3.25_params-1cbdbee_config-0d4bf36_attempt-1/logs/nextflow.log"": ""e39d4b55-8544-4746-b8f2-c1ba1c78dc03"", ""derivatives/dandiset-000546/sub-M322/sub-M322_ecephys/pipeline-aind+ephys/version-v1.2.2_codebase-v0.3.25_params-1cbdbee_config-0d4bf36_attempt-1/logs/report.html"": ""3ab27ccd-feb3-4897-a952-b1423c3205af"", ""derivatives/dandiset-000546/sub-M322/sub-M322_ecephys/pipeline-aind+ephys/version-v1.2.2_codebase-v0.3.25_params-1cbdbee_config-0d4bf36_attempt-1/logs/timeline.html"": ""56fa162e-7084-410f-ab36-a210645cd896"", ""derivatives/dandiset-000546/sub-M322/sub-M322_ecephys/pipeline-aind+ephys/version-v1.2.2_codebase-v0.3.25_params-1cbdbee_config-0d4bf36_attempt-1/logs/trace.txt"": ""8d621737-f289-4551-94d6-c93876f8f701""}"	2026-09-08T17:24:01.051821-04:00	2026-09-08T17:24:02.596436-04:00
000546	sub-M322/sub-M322_ecephys.nwb	aind+ephys	v1.2.2	1cbdbee	0d4bf36	2	v0.3.25	d8892123-2958-44a9-9866-b962f6b09f08	7785862944	True	True	False	True	"{""derivatives/dandiset-000546/sub-M322/sub-M322_ecephys/pipeline-aind+ephys/version-v1.2.2_codebase-v0.3.25_params-1cbdbee_config-0d4bf36_attempt-2/dataset_description.json"": ""05d7afbc-3a98-4231-8ecf-7e2c930a695b""}"		"{""derivatives/dandiset-000546/sub-M322/sub-M322_ecephys/pipeline-aind+ephys/version-v1.2.2_codebase-v0.3.25_params-1cbdbee_config-0d4bf36_attempt-2/logs/dag.html"": ""374d93d6-f54a-49e3-9bd4-23cc49c2e489"", ""derivatives/dandiset-000546/sub-M322/sub-M322_ecephys/pipeline-aind+ephys/version-v1.2.2_codebase-v0.3.25_params-1cbdbee_config-0d4bf36_attempt-2/logs/job-15526372_slurm.log"": ""a969304d-e8ef-413d-843b-447a1dd9670d"", ""derivatives/dandiset-000546/sub-M322/sub-M322_ecephys/pipeline-aind+ephys/version-v1.2.2_codebase-v0.3.25_params-1cbdbee_config-0d4bf36_attempt-2/logs/nextflow.log"": ""39d073c2-7426-402b-ae29-879c5eae38a9"", ""derivatives/dandiset-000546/sub-M322/sub-M322_ecephys/pipeline-aind+ephys/version-v1.2.2_codebase-v0.3.25_params-1cbdbee_config-0d4bf36_attempt-2/logs/report.html"": ""9f6f1491-94ea-464c-a308-86af518dc78f"", ""derivatives/dandiset-000546/sub-M322/sub-M322_ecephys/pipeline-aind+ephys/version-v1.2.2_codebase-v0.3.25_params-1cbdbee_config-0d4bf36_attempt-2/logs/timeline.html"": ""4473a7fa-c587-4c9e-b5ba-a63886600fb9"", ""derivatives/dandiset-000546/sub-M322/sub-M322_ecephys/pipeline-aind+ephys/version-v1.2.2_codebase-v0.3.25_params-1cbdbee_config-0d4bf36_attempt-2/logs/trace.txt"": ""983b4e00-d65a-46f9-a837-44427d93bae5""}"	2026-09-08T17:24:15.991228-04:00	2026-09-08T17:24:17.329262-04:00
000546	sub-M322/sub-M322_ecephys.nwb	aind+ephys	v1.2.2	1cbdbee	7940dfd	1	v0.3.28	d8892123-2958-44a9-9866-b962f6b09f08	7785862944	True	True	False	True	"{""derivatives/dandiset-000546/sub-M322/sub-M322_ecephys/pipeline-aind+ephys/version-v1.2.2_codebase-v0.3.28_params-1cbdbee_config-7940dfd_attempt-1/dataset_description.json"": ""7ceed8b9-4ff1-405a-a338-89666e9f2aef""}"		"{""derivatives/dandiset-000546/sub-M322/sub-M322_ecephys/pipeline-aind+ephys/version-v1.2.2_codebase-v0.3.28_params-1cbdbee_config-7940dfd_attempt-1/logs/dag.html"": ""374d93d6-f54a-49e3-9bd4-23cc49c2e489"", ""derivatives/dandiset-000546/sub-M322/sub-M322_ecephys/pipeline-aind+ephys/version-v1.2.2_codebase-v0.3.28_params-1cbdbee_config-7940dfd_attempt-1/logs/job-15565986_slurm.log"": ""1cf3c36b-a953-4d11-ab29-db515185b85b"", ""derivatives/dandiset-000546/sub-M322/sub-M322_ecephys/pipeline-aind+ephys/version-v1.2.2_codebase-v0.3.28_params-1cbdbee_config-7940dfd_attempt-1/logs/nextflow.log"": ""e2391c85-af58-4bec-9c6d-e108dce24484"", ""derivatives/dandiset-000546/sub-M322/sub-M322_ecephys/pipeline-aind+ephys/version-v1.2.2_codebase-v0.3.28_params-1cbdbee_config-7940dfd_attempt-1/logs/report.html"": ""1b271559-b305-4113-93ad-a70e224275de"", ""derivatives/dandiset-000546/sub-M322/sub-M322_ecephys/pipeline-aind+ephys/version-v1.2.2_codebase-v0.3.28_params-1cbdbee_config-7940dfd_attempt-1/logs/timeline.html"": ""da7e4c19-756c-44c9-98aa-53979fb82e46"", ""derivatives/dandiset-000546/sub-M322/sub-M322_ecephys/pipeline-aind+ephys/version-v1.2.2_codebase-v0.3.28_params-1cbdbee_config-7940dfd_attempt-1/logs/trace.txt"": ""a556d8c5-3da8-4887-867d-03aa5c9a93ab""}"	2026-09-08T17:24:29.708635-04:00	2026-09-08T17:24:31.241732-04:00
000552	sub-e13-26m1/sub-e13-26m1_ses-e13-26m1-211019-raw_ecephys.nwb	aind+ephys	v1.2.4	1cbdbee	7940dfd	1	v0.3.49	38e53e31-103c-4639-b611-4abc58675a29	147353047025	True	True	False	True	"{""derivatives/dandiset-000552/sub-e13-26m1/sub-e13-26m1_ses-e13-26m1-211019-raw_ecephys/pipeline-aind+ephys/version-v1.2.4_codebase-v0.3.49_params-1cbdbee_config-7940dfd_attempt-1/dataset_description.json"": ""d563ace6-56a0-4e05-9f5d-16db61e489f8""}"		"{""derivatives/dandiset-000552/sub-e13-26m1/sub-e13-26m1_ses-e13-26m1-211019-raw_ecephys/pipeline-aind+ephys/version-v1.2.4_codebase-v0.3.49_params-1cbdbee_config-7940dfd_attempt-1/logs/dag.html"": ""374d93d6-f54a-49e3-9bd4-23cc49c2e489"", ""derivatives/dandiset-000552/sub-e13-26m1/sub-e13-26m1_ses-e13-26m1-211019-raw_ecephys/pipeline-aind+ephys/version-v1.2.4_codebase-v0.3.49_params-1cbdbee_config-7940dfd_attempt-1/logs/job-18214777_slurm.log"": ""07070d36-90eb-49e9-afa3-d0f5ef3485fc"", ""derivatives/dandiset-000552/sub-e13-26m1/sub-e13-26m1_ses-e13-26m1-211019-raw_ecephys/pipeline-aind+ephys/version-v1.2.4_codebase-v0.3.49_params-1cbdbee_config-7940dfd_attempt-1/logs/nextflow.log"": ""0107bc9f-bd65-4c7c-9489-8fc7e66276cd"", ""derivatives/dandiset-000552/sub-e13-26m1/sub-e13-26m1_ses-e13-26m1-211019-raw_ecephys/pipeline-aind+ephys/version-v1.2.4_codebase-v0.3.49_params-1cbdbee_config-7940dfd_attempt-1/logs/report.html"": ""2a0a3f76-c26f-40b4-8521-a554ca012ca9"", ""derivatives/dandiset-000552/sub-e13-26m1/sub-e13-26m1_ses-e13-26m1-211019-raw_ecephys/pipeline-aind+ephys/version-v1.2.4_codebase-v0.3.49_params-1cbdbee_config-7940dfd_attempt-1/logs/timeline.html"": ""21d12ded-4fa3-4041-bbfb-a8a40362feba"", ""derivatives/dandiset-000552/sub-e13-26m1/sub-e13-26m1_ses-e13-26m1-211019-raw_ecephys/pipeline-aind+ephys/version-v1.2.4_codebase-v0.3.49_params-1cbdbee_config-7940dfd_attempt-1/logs/trace.txt"": ""9935585b-8d43-4698-a3dc-961db84107ad""}"	2026-09-08T17:24:42.589352-04:00	2026-09-08T17:24:43.666191-04:00
000552	sub-e13-26m1/sub-e13-26m1_ses-e13-26m1-211116-raw_ecephys.nwb	aind+ephys	v1.2.2	1cbdbee	7940dfd	1	v0.3.28	aa8f3c01-718b-47f2-9efd-415745523d07	123466980268	True	True	False	True	"{""derivatives/dandiset-000552/sub-e13-26m1/sub-e13-26m1_ses-e13-26m1-211116-raw_ecephys/pipeline-aind+ephys/version-v1.2.2_codebase-v0.3.28_params-1cbdbee_config-7940dfd_attempt-1/dataset_description.json"": ""97d8c016-396f-4693-a0cf-ff5dcc5d4d8c""}"		"{""derivatives/dandiset-000552/sub-e13-26m1/sub-e13-26m1_ses-e13-26m1-211116-raw_ecephys/pipeline-aind+ephys/version-v1.2.2_codebase-v0.3.28_params-1cbdbee_config-7940dfd_attempt-1/logs/dag.html"": ""374d93d6-f54a-49e3-9bd4-23cc49c2e489"", ""derivatives/dandiset-000552/sub-e13-26m1/sub-e13-26m1_ses-e13-26m1-211116-raw_ecephys/pipeline-aind+ephys/version-v1.2.2_codebase-v0.3.28_params-1cbdbee_config-7940dfd_attempt-1/logs/job-15713742_slurm.log"": ""a6e07ce9-d33e-47ee-9120-7c76a8eeac57"", ""derivatives/dandiset-000552/sub-e13-26m1/sub-e13-26m1_ses-e13-26m1-211116-raw_ecephys/pipeline-aind+ephys/version-v1.2.2_codebase-v0.3.28_params-1cbdbee_config-7940dfd_attempt-1/logs/nextflow.log"": ""ef89c955-c83c-4979-ab46-b433ea352c97"", ""derivatives/dandiset-000552/sub-e13-26m1/sub-e13-26m1_ses-e13-26m1-211116-raw_ecephys/pipeline-aind+ephys/version-v1.2.2_codebase-v0.3.28_params-1cbdbee_config-7940dfd_attempt-1/logs/report.html"": ""5d5c35b9-6288-4432-aadc-9d66a7cf603a"", ""derivatives/dandiset-000552/sub-e13-26m1/sub-e13-26m1_ses-e13-26m1-211116-raw_ecephys/pipeline-aind+ephys/version-v1.2.2_codebase-v0.3.28_params-1cbdbee_config-7940dfd_attempt-1/logs/timeline.html"": ""4ac2a3fe-fb63-45c9-abc8-974a8eb7a64a"", ""derivatives/dandiset-000552/sub-e13-26m1/sub-e13-26m1_ses-e13-26m1-211116-raw_ecephys/pipeline-aind+ephys/version-v1.2.2_codebase-v0.3.28_params-1cbdbee_config-7940dfd_attempt-1/logs/trace.txt"": ""9f127561-eb3c-41dc-8964-7e090e304e6f""}"	2026-09-08T17:24:54.366875-04:00	2026-09-08T17:24:55.575828-04:00
000552	sub-e15-13f1/sub-e15-13f1_ses-e15-13f1-220118-raw_ecephys.nwb	aind+ephys	v1.2.2	1cbdbee	7940dfd	1	v0.3.28	adb9eaa3-4ae1-42a7-92d3-b4e575484216	183608028765	True	True	False	True	"{""derivatives/dandiset-000552/sub-e15-13f1/sub-e15-13f1_ses-e15-13f1-220118-raw_ecephys/pipeline-aind+ephys/version-v1.2.2_codebase-v0.3.28_params-1cbdbee_config-7940dfd_attempt-1/dataset_description.json"": ""97d8c016-396f-4693-a0cf-ff5dcc5d4d8c""}"		"{""derivatives/dandiset-000552/sub-e15-13f1/sub-e15-13f1_ses-e15-13f1-220118-raw_ecephys/pipeline-aind+ephys/version-v1.2.2_codebase-v0.3.28_params-1cbdbee_config-7940dfd_attempt-1/logs/dag.html"": ""374d93d6-f54a-49e3-9bd4-23cc49c2e489"", ""derivatives/dandiset-000552/sub-e15-13f1/sub-e15-13f1_ses-e15-13f1-220118-raw_ecephys/pipeline-aind+ephys/version-v1.2.2_codebase-v0.3.28_params-1cbdbee_config-7940dfd_attempt-1/logs/job-15565990_slurm.log"": ""e5371495-5859-4ee3-bfec-849349cb0bc4"", ""derivatives/dandiset-000552/sub-e15-13f1/sub-e15-13f1_ses-e15-13f1-220118-raw_ecephys/pipeline-aind+ephys/version-v1.2.2_codebase-v0.3.28_params-1cbdbee_config-7940dfd_attempt-1/logs/nextflow.log"": ""9828aa49-420b-467e-a837-628712e1c56e"", ""derivatives/dandiset-000552/sub-e15-13f1/sub-e15-13f1_ses-e15-13f1-220118-raw_ecephys/pipeline-aind+ephys/version-v1.2.2_codebase-v0.3.28_params-1cbdbee_config-7940dfd_attempt-1/logs/report.html"": ""d4d0ec5f-38f6-4499-a9e3-91209d4c3be6"", ""derivatives/dandiset-000552/sub-e15-13f1/sub-e15-13f1_ses-e15-13f1-220118-raw_ecephys/pipeline-aind+ephys/version-v1.2.2_codebase-v0.3.28_params-1cbdbee_config-7940dfd_attempt-1/logs/timeline.html"": ""4588ceea-fd84-4ebb-a03d-dff504714d82"", ""derivatives/dandiset-000552/sub-e15-13f1/sub-e15-13f1_ses-e15-13f1-220118-raw_ecephys/pipeline-aind+ephys/version-v1.2.2_codebase-v0.3.28_params-1cbdbee_config-7940dfd_attempt-1/logs/trace.txt"": ""f0c57533-1772-4422-a249-bf3e7a0ed267""}"	2026-09-08T17:25:07.773332-04:00	2026-09-08T17:25:09.034845-04:00
000552	sub-e15-13f1/sub-e15-13f1_ses-e15-13f1-220118-raw_ecephys.nwb	aind+ephys	v1.2.4	1cbdbee	7940dfd	1	v0.3.43	adb9eaa3-4ae1-42a7-92d3-b4e575484216	183608028765	True	True	False	True	"{""derivatives/dandiset-000552/sub-e15-13f1/sub-e15-13f1_ses-e15-13f1-220118-raw_ecephys/pipeline-aind+ephys/version-v1.2.4_codebase-v0.3.43_params-1cbdbee_config-7940dfd_attempt-1/dataset_description.json"": ""d72b2992-1f65-4087-b23a-9d98af0c3082""}"		"{""derivatives/dandiset-000552/sub-e15-13f1/sub-e15-13f1_ses-e15-13f1-220118-raw_ecephys/pipeline-aind+ephys/version-v1.2.4_codebase-v0.3.43_params-1cbdbee_config-7940dfd_attempt-1/logs/dag.html"": ""374d93d6-f54a-49e3-9bd4-23cc49c2e489"", ""derivatives/dandiset-000552/sub-e15-13f1/sub-e15-13f1_ses-e15-13f1-220118-raw_ecephys/pipeline-aind+ephys/version-v1.2.4_codebase-v0.3.43_params-1cbdbee_config-7940dfd_attempt-1/logs/job-16319063_slurm.log"": ""dd6865fb-1c27-44b9-a1fa-92964b8100aa"", ""derivatives/dandiset-000552/sub-e15-13f1/sub-e15-13f1_ses-e15-13f1-220118-raw_ecephys/pipeline-aind+ephys/version-v1.2.4_codebase-v0.3.43_params-1cbdbee_config-7940dfd_attempt-1/logs/nextflow.log"": ""99c1233f-1502-44b1-bf9c-3d1515e090f6"", ""derivatives/dandiset-000552/sub-e15-13f1/sub-e15-13f1_ses-e15-13f1-220118-raw_ecephys/pipeline-aind+ephys/version-v1.2.4_codebase-v0.3.43_params-1cbdbee_config-7940dfd_attempt-1/logs/report.html"": ""d9ef29b3-a52f-42d2-a6f1-17407e35db2b"", ""derivatives/dandiset-000552/sub-e15-13f1/sub-e15-13f1_ses-e15-13f1-220118-raw_ecephys/pipeline-aind+ephys/version-v1.2.4_codebase-v0.3.43_params-1cbdbee_config-7940dfd_attempt-1/logs/timeline.html"": ""e9c6d840-a597-4e59-aeeb-e46fb850c993"", ""derivatives/dandiset-000552/sub-e15-13f1/sub-e15-13f1_ses-e15-13f1-220118-raw_ecephys/pipeline-aind+ephys/version-v1.2.4_codebase-v0.3.43_params-1cbdbee_config-7940dfd_attempt-1/logs/trace.txt"": ""f18a3bfa-c371-4959-8304-42e5576d8b47""}"	2026-09-08T17:25:19.703345-04:00	2026-09-08T17:25:20.921252-04:00
000552	sub-e15-13f1/sub-e15-13f1_ses-e15-13f1-220118-raw_ecephys.nwb	aind+ephys	v1.2.4	1cbdbee	7940dfd	2	v0.3.43	adb9eaa3-4ae1-42a7-92d3-b4e575484216	183608028765	True	True	False	True	"{""derivatives/dandiset-000552/sub-e15-13f1/sub-e15-13f1_ses-e15-13f1-220118-raw_ecephys/pipeline-aind+ephys/version-v1.2.4_codebase-v0.3.43_params-1cbdbee_config-7940dfd_attempt-2/dataset_description.json"": ""d72b2992-1f65-4087-b23a-9d98af0c3082""}"		"{""derivatives/dandiset-000552/sub-e15-13f1/sub-e15-13f1_ses-e15-13f1-220118-raw_ecephys/pipeline-aind+ephys/version-v1.2.4_codebase-v0.3.43_params-1cbdbee_config-7940dfd_attempt-2/logs/dag.html"": ""374d93d6-f54a-49e3-9bd4-23cc49c2e489"", ""derivatives/dandiset-000552/sub-e15-13f1/sub-e15-13f1_ses-e15-13f1-220118-raw_ecephys/pipeline-aind+ephys/version-v1.2.4_codebase-v0.3.43_params-1cbdbee_config-7940dfd_attempt-2/logs/job-16336519_slurm.log"": ""e109d50d-f421-4c9e-8269-0c584a55cf37"", ""derivatives/dandiset-000552/sub-e15-13f1/sub-e15-13f1_ses-e15-13f1-220118-raw_ecephys/pipeline-aind+ephys/version-v1.2.4_codebase-v0.3.43_params-1cbdbee_config-7940dfd_attempt-2/logs/nextflow.log"": ""44603d2f-2879-4418-825d-0eb36fdad1fc"", ""derivatives/dandiset-000552/sub-e15-13f1/sub-e15-13f1_ses-e15-13f1-220118-raw_ecephys/pipeline-aind+ephys/version-v1.2.4_codebase-v0.3.43_params-1cbdbee_config-7940dfd_attempt-2/logs/report.html"": ""034c552e-1e01-4db0-ad99-2ce5b22f0934"", ""derivatives/dandiset-000552/sub-e15-13f1/sub-e15-13f1_ses-e15-13f1-220118-raw_ecephys/pipeline-aind+ephys/version-v1.2.4_codebase-v0.3.43_params-1cbdbee_config-7940dfd_attempt-2/logs/timeline.html"": ""c9218f5f-f4ee-424a-86d6-0bfd12bf795c"", ""derivatives/dandiset-000552/sub-e15-13f1/sub-e15-13f1_ses-e15-13f1-220118-raw_ecephys/pipeline-aind+ephys/version-v1.2.4_codebase-v0.3.43_params-1cbdbee_config-7940dfd_attempt-2/logs/trace.txt"": ""3d984024-b96b-4a4e-a604-3741ddf7025a""}"	2026-09-08T17:25:32.179369-04:00	2026-09-08T17:25:33.433295-04:00
000552	sub-e15-13f1/sub-e15-13f1_ses-e15-13f1-220118-raw_ecephys.nwb	aind+ephys	v1.2.4	1cbdbee	7940dfd	3	v0.3.43	adb9eaa3-4ae1-42a7-92d3-b4e575484216	183608028765	True	True	False	True	"{""derivatives/dandiset-000552/sub-e15-13f1/sub-e15-13f1_ses-e15-13f1-220118-raw_ecephys/pipeline-aind+ephys/version-v1.2.4_codebase-v0.3.43_params-1cbdbee_config-7940dfd_attempt-3/dataset_description.json"": ""d72b2992-1f65-4087-b23a-9d98af0c3082""}"		"{""derivatives/dandiset-000552/sub-e15-13f1/sub-e15-13f1_ses-e15-13f1-220118-raw_ecephys/pipeline-aind+ephys/version-v1.2.4_codebase-v0.3.43_params-1cbdbee_config-7940dfd_attempt-3/logs/dag.html"": ""374d93d6-f54a-49e3-9bd4-23cc49c2e489"", ""derivatives/dandiset-000552/sub-e15-13f1/sub-e15-13f1_ses-e15-13f1-220118-raw_ecephys/pipeline-aind+ephys/version-v1.2.4_codebase-v0.3.43_params-1cbdbee_config-7940dfd_attempt-3/logs/job-16413920_slurm.log"": ""dc37d181-741a-4791-99f8-8e1a153d4b85"", ""derivatives/dandiset-000552/sub-e15-13f1/sub-e15-13f1_ses-e15-13f1-220118-raw_ecephys/pipeline-aind+ephys/version-v1.2.4_codebase-v0.3.43_params-1cbdbee_config-7940dfd_attempt-3/logs/nextflow.log"": ""ffed7e9f-1824-4cb6-8c93-5612b9a4d3e4"", ""derivatives/dandiset-000552/sub-e15-13f1/sub-e15-13f1_ses-e15-13f1-220118-raw_ecephys/pipeline-aind+ephys/version-v1.2.4_codebase-v0.3.43_params-1cbdbee_config-7940dfd_attempt-3/logs/report.html"": ""387f310e-e4a8-4f14-ab79-0ea14ee34106"", ""derivatives/dandiset-000552/sub-e15-13f1/sub-e15-13f1_ses-e15-13f1-220118-raw_ecephys/pipeline-aind+ephys/version-v1.2.4_codebase-v0.3.43_params-1cbdbee_config-7940dfd_attempt-3/logs/timeline.html"": ""6fbc04c0-8c78-493c-af7a-aea0f1c268a0"", ""derivatives/dandiset-000552/sub-e15-13f1/sub-e15-13f1_ses-e15-13f1-220118-raw_ecephys/pipeline-aind+ephys/version-v1.2.4_codebase-v0.3.43_params-1cbdbee_config-7940dfd_attempt-3/logs/trace.txt"": ""af1ee302-1747-4ea7-83ee-cb36b4286a44""}"	2026-09-08T17:25:44.239744-04:00	2026-09-08T17:25:45.365720-04:00
000552	sub-e15-13f1/sub-e15-13f1_ses-e15-13f1-220118-raw_ecephys.nwb	aind+ephys	v1.2.4	1cbdbee	7940dfd	4	v0.3.43	adb9eaa3-4ae1-42a7-92d3-b4e575484216	183608028765	True	True	False	True	"{""derivatives/dandiset-000552/sub-e15-13f1/sub-e15-13f1_ses-e15-13f1-220118-raw_ecephys/pipeline-aind+ephys/version-v1.2.4_codebase-v0.3.43_params-1cbdbee_config-7940dfd_attempt-4/dataset_description.json"": ""d72b2992-1f65-4087-b23a-9d98af0c3082""}"		"{""derivatives/dandiset-000552/sub-e15-13f1/sub-e15-13f1_ses-e15-13f1-220118-raw_ecephys/pipeline-aind+ephys/version-v1.2.4_codebase-v0.3.43_params-1cbdbee_config-7940dfd_attempt-4/logs/dag.html"": ""374d93d6-f54a-49e3-9bd4-23cc49c2e489"", ""derivatives/dandiset-000552/sub-e15-13f1/sub-e15-13f1_ses-e15-13f1-220118-raw_ecephys/pipeline-aind+ephys/version-v1.2.4_codebase-v0.3.43_params-1cbdbee_config-7940dfd_attempt-4/logs/job-16414904_slurm.log"": ""9a84ea3a-a113-41f2-849b-e47ad8f76d5f"", ""derivatives/dandiset-000552/sub-e15-13f1/sub-e15-13f1_ses-e15-13f1-220118-raw_ecephys/pipeline-aind+ephys/version-v1.2.4_codebase-v0.3.43_params-1cbdbee_config-7940dfd_attempt-4/logs/nextflow.log"": ""edd8f0d5-a13f-42f1-af26-4ed098730ca8"", ""derivatives/dandiset-000552/sub-e15-13f1/sub-e15-13f1_ses-e15-13f1-220118-raw_ecephys/pipeline-aind+ephys/version-v1.2.4_codebase-v0.3.43_params-1cbdbee_config-7940dfd_attempt-4/logs/report.html"": ""8e823a1e-c775-4957-8e79-0cc564c01268"", ""derivatives/dandiset-000552/sub-e15-13f1/sub-e15-13f1_ses-e15-13f1-220118-raw_ecephys/pipeline-aind+ephys/version-v1.2.4_codebase-v0.3.43_params-1cbdbee_config-7940dfd_attempt-4/logs/timeline.html"": ""1f24ef14-3dd7-4b11-89af-6d5d288f7ad8"", ""derivatives/dandiset-000552/sub-e15-13f1/sub-e15-13f1_ses-e15-13f1-220118-raw_ecephys/pipeline-aind+ephys/version-v1.2.4_codebase-v0.3.43_params-1cbdbee_config-7940dfd_attempt-4/logs/trace.txt"": ""799f96ec-7bb9-4fe3-aacc-6289297c04cd""}"	2026-09-08T17:25:58.117376-04:00	2026-09-08T17:25:59.483085-04:00
000552	sub-e15-13f1/sub-e15-13f1_ses-e15-13f1-220119-raw_ecephys.nwb	aind+ephys	v1.2.2	1cbdbee	0d4bf36	1	v0.3.27	038e862e-af4c-41e5-b854-df32655313a2	180414749521	True	True	False	True	"{""derivatives/dandiset-000552/sub-e15-13f1/sub-e15-13f1_ses-e15-13f1-220119-raw_ecephys/pipeline-aind+ephys/version-v1.2.2_codebase-v0.3.27_params-1cbdbee_config-0d4bf36_attempt-1/dataset_description.json"": ""a5bc2f3a-07db-4c60-8a03-b99d5f97ea7d""}"		"{""derivatives/dandiset-000552/sub-e15-13f1/sub-e15-13f1_ses-e15-13f1-220119-raw_ecephys/pipeline-aind+ephys/version-v1.2.2_codebase-v0.3.27_params-1cbdbee_config-0d4bf36_attempt-1/logs/dag.html"": ""374d93d6-f54a-49e3-9bd4-23cc49c2e489"", ""derivatives/dandiset-000552/sub-e15-13f1/sub-e15-13f1_ses-e15-13f1-220119-raw_ecephys/pipeline-aind+ephys/version-v1.2.2_codebase-v0.3.27_params-1cbdbee_config-0d4bf36_attempt-1/logs/job-15543327_slurm.log"": ""9a117b39-8035-462f-86a4-f24e3907769d"", ""derivatives/dandiset-000552/sub-e15-13f1/sub-e15-13f1_ses-e15-13f1-220119-raw_ecephys/pipeline-aind+ephys/version-v1.2.2_codebase-v0.3.27_params-1cbdbee_config-0d4bf36_attempt-1/logs/nextflow.log"": ""3d9870f4-b26a-4831-82f4-073b95155395"", ""derivatives/dandiset-000552/sub-e15-13f1/sub-e15-13f1_ses-e15-13f1-220119-raw_ecephys/pipeline-aind+ephys/version-v1.2.2_codebase-v0.3.27_params-1cbdbee_config-0d4bf36_attempt-1/logs/report.html"": ""8a5fe133-ca26-41ee-bdc7-5c7af0b6fe07"", ""derivatives/dandiset-000552/sub-e15-13f1/sub-e15-13f1_ses-e15-13f1-220119-raw_ecephys/pipeline-aind+ephys/version-v1.2.2_codebase-v0.3.27_params-1cbdbee_config-0d4bf36_attempt-1/logs/timeline.html"": ""945b942b-9e55-405a-8777-7703a1873ce0"", ""derivatives/dandiset-000552/sub-e15-13f1/sub-e15-13f1_ses-e15-13f1-220119-raw_ecephys/pipeline-aind+ephys/version-v1.2.2_codebase-v0.3.27_params-1cbdbee_config-0d4bf36_attempt-1/logs/trace.txt"": ""e5d7b9e6-435d-4f06-a2d8-4701d3dc30a6""}"	2026-09-08T17:26:12.982389-04:00	2026-09-08T17:26:14.168690-04:00
000552	sub-e15-13f1/sub-e15-13f1_ses-e15-13f1-220120-raw_ecephys.nwb	aind+ephys	v1.2.2	1cbdbee	0d4bf36	1	v0.3.27	67d895f3-ade8-443c-8a45-1d0bad483f5f	166191418883	True	True	False	True	"{""derivatives/dandiset-000552/sub-e15-13f1/sub-e15-13f1_ses-e15-13f1-220120-raw_ecephys/pipeline-aind+ephys/version-v1.2.2_codebase-v0.3.27_params-1cbdbee_config-0d4bf36_attempt-1/dataset_description.json"": ""a5bc2f3a-07db-4c60-8a03-b99d5f97ea7d""}"		"{""derivatives/dandiset-000552/sub-e15-13f1/sub-e15-13f1_ses-e15-13f1-220120-raw_ecephys/pipeline-aind+ephys/version-v1.2.2_codebase-v0.3.27_params-1cbdbee_config-0d4bf36_attempt-1/logs/dag.html"": ""374d93d6-f54a-49e3-9bd4-23cc49c2e489"", ""derivatives/dandiset-000552/sub-e15-13f1/sub-e15-13f1_ses-e15-13f1-220120-raw_ecephys/pipeline-aind+ephys/version-v1.2.2_codebase-v0.3.27_params-1cbdbee_config-0d4bf36_attempt-1/logs/job-15531257_slurm.log"": ""1839e770-d295-4e28-a983-d8998808e4ed"", ""derivatives/dandiset-000552/sub-e15-13f1/sub-e15-13f1_ses-e15-13f1-220120-raw_ecephys/pipeline-aind+ephys/version-v1.2.2_codebase-v0.3.27_params-1cbdbee_config-0d4bf36_attempt-1/logs/nextflow.log"": ""7a7d035d-d604-4ff1-be44-23137ed1f35d"", ""derivatives/dandiset-000552/sub-e15-13f1/sub-e15-13f1_ses-e15-13f1-220120-raw_ecephys/pipeline-aind+ephys/version-v1.2.2_codebase-v0.3.27_params-1cbdbee_config-0d4bf36_attempt-1/logs/report.html"": ""16862613-696c-476c-acf4-bf83309bdb44"", ""derivatives/dandiset-000552/sub-e15-13f1/sub-e15-13f1_ses-e15-13f1-220120-raw_ecephys/pipeline-aind+ephys/version-v1.2.2_codebase-v0.3.27_params-1cbdbee_config-0d4bf36_attempt-1/logs/timeline.html"": ""97cf1cff-217f-4cc5-b5ad-c6b692453e12"", ""derivatives/dandiset-000552/sub-e15-13f1/sub-e15-13f1_ses-e15-13f1-220120-raw_ecephys/pipeline-aind+ephys/version-v1.2.2_codebase-v0.3.27_params-1cbdbee_config-0d4bf36_attempt-1/logs/trace.txt"": ""e07947fa-022d-47c3-b043-a4abe64cc8c7""}"	2026-09-08T17:26:25.518364-04:00	2026-09-08T17:26:26.779293-04:00
000552	sub-e16-3m1/sub-e16-3m1_ses-e16-3m1-210201-raw_ecephys.nwb	aind+ephys	v1.2.4	1cbdbee	7940dfd	1	v0.3.49	5b11119a-c514-4bb2-b151-f5fce12e35f8	54480321649	True	True	False	True	"{""derivatives/dandiset-000552/sub-e16-3m1/sub-e16-3m1_ses-e16-3m1-210201-raw_ecephys/pipeline-aind+ephys/version-v1.2.4_codebase-v0.3.49_params-1cbdbee_config-7940dfd_attempt-1/dataset_description.json"": ""d563ace6-56a0-4e05-9f5d-16db61e489f8""}"		"{""derivatives/dandiset-000552/sub-e16-3m1/sub-e16-3m1_ses-e16-3m1-210201-raw_ecephys/pipeline-aind+ephys/version-v1.2.4_codebase-v0.3.49_params-1cbdbee_config-7940dfd_attempt-1/logs/dag.html"": ""374d93d6-f54a-49e3-9bd4-23cc49c2e489"", ""derivatives/dandiset-000552/sub-e16-3m1/sub-e16-3m1_ses-e16-3m1-210201-raw_ecephys/pipeline-aind+ephys/version-v1.2.4_codebase-v0.3.49_params-1cbdbee_config-7940dfd_attempt-1/logs/job-17730875_slurm.log"": ""ea390323-8a55-43df-a76e-90eac2da5de1"", ""derivatives/dandiset-000552/sub-e16-3m1/sub-e16-3m1_ses-e16-3m1-210201-raw_ecephys/pipeline-aind+ephys/version-v1.2.4_codebase-v0.3.49_params-1cbdbee_config-7940dfd_attempt-1/logs/nextflow.log"": ""f9e63eef-0ef0-4472-88f0-0f0f372dde2f"", ""derivatives/dandiset-000552/sub-e16-3m1/sub-e16-3m1_ses-e16-3m1-210201-raw_ecephys/pipeline-aind+ephys/version-v1.2.4_codebase-v0.3.49_params-1cbdbee_config-7940dfd_attempt-1/logs/report.html"": ""8217a46a-9814-47bd-8c25-30dc7eba347d"", ""derivatives/dandiset-000552/sub-e16-3m1/sub-e16-3m1_ses-e16-3m1-210201-raw_ecephys/pipeline-aind+ephys/version-v1.2.4_codebase-v0.3.49_params-1cbdbee_config-7940dfd_attempt-1/logs/timeline.html"": ""88a2b5a3-f3cb-4964-a5dd-378d92faf9d9"", ""derivatives/dandiset-000552/sub-e16-3m1/sub-e16-3m1_ses-e16-3m1-210201-raw_ecephys/pipeline-aind+ephys/version-v1.2.4_codebase-v0.3.49_params-1cbdbee_config-7940dfd_attempt-1/logs/trace.txt"": ""16f53878-fa60-4adb-ac51-7043bc1958ad""}"	2026-09-08T17:26:39.560679-04:00	2026-09-08T17:26:41.009680-04:00
000552	sub-e16-3m1/sub-e16-3m1_ses-e16-3m1-210203-raw_ecephys.nwb	aind+ephys	v1.2.2	1cbdbee	0d4bf36	1	v0.3.25	45e62320-455c-49ad-b75f-72fabd50fe31	61991667510	True	True	False	True	"{""derivatives/dandiset-000552/sub-e16-3m1/sub-e16-3m1_ses-e16-3m1-210203-raw_ecephys/pipeline-aind+ephys/version-v1.2.2_codebase-v0.3.25_params-1cbdbee_config-0d4bf36_attempt-1/dataset_description.json"": ""651e1804-74d6-478a-8707-8941d9eb36ea""}"		"{""derivatives/dandiset-000552/sub-e16-3m1/sub-e16-3m1_ses-e16-3m1-210203-raw_ecephys/pipeline-aind+ephys/version-v1.2.2_codebase-v0.3.25_params-1cbdbee_config-0d4bf36_attempt-1/logs/dag.html"": ""374d93d6-f54a-49e3-9bd4-23cc49c2e489"", ""derivatives/dandiset-000552/sub-e16-3m1/sub-e16-3m1_ses-e16-3m1-210203-raw_ecephys/pipeline-aind+ephys/version-v1.2.2_codebase-v0.3.25_params-1cbdbee_config-0d4bf36_attempt-1/logs/job-15526383_slurm.log"": ""b12f9718-94ca-41a5-b6bf-45e2f05c0745"", ""derivatives/dandiset-000552/sub-e16-3m1/sub-e16-3m1_ses-e16-3m1-210203-raw_ecephys/pipeline-aind+ephys/version-v1.2.2_codebase-v0.3.25_params-1cbdbee_config-0d4bf36_attempt-1/logs/nextflow.log"": ""b6ec3c3e-8c65-457e-a06b-338136e64bcb"", ""derivatives/dandiset-000552/sub-e16-3m1/sub-e16-3m1_ses-e16-3m1-210203-raw_ecephys/pipeline-aind+ephys/version-v1.2.2_codebase-v0.3.25_params-1cbdbee_config-0d4bf36_attempt-1/logs/report.html"": ""cee61164-64dd-487f-bf7d-a068a6bfd974"", ""derivatives/dandiset-000552/sub-e16-3m1/sub-e16-3m1_ses-e16-3m1-210203-raw_ecephys/pipeline-aind+ephys/version-v1.2.2_codebase-v0.3.25_params-1cbdbee_config-0d4bf36_attempt-1/logs/timeline.html"": ""4a5e95b4-ef2e-468b-a9d9-a3ca14d0ccb3"", ""derivatives/dandiset-000552/sub-e16-3m1/sub-e16-3m1_ses-e16-3m1-210203-raw_ecephys/pipeline-aind+ephys/version-v1.2.2_codebase-v0.3.25_params-1cbdbee_config-0d4bf36_attempt-1/logs/trace.txt"": ""63458af9-2fc1-4a59-886a-3672baed412b""}"	2026-09-08T17:26:54.516241-04:00	2026-09-08T17:26:55.841753-04:00
000552	sub-e16-3m2/sub-e16-3m2_ses-e16-3m2-211210-raw_ecephys.nwb	aind+ephys	v1.2.4	1cbdbee	7940dfd	1	v0.3.46	c3d41b23-2da7-4b72-a764-74aa45a9f7f2	179992553932	True	True	False	True	"{""derivatives/dandiset-000552/sub-e16-3m2/sub-e16-3m2_ses-e16-3m2-211210-raw_ecephys/pipeline-aind+ephys/version-v1.2.4_codebase-v0.3.46_params-1cbdbee_config-7940dfd_attempt-1/dataset_description.json"": ""d95205d3-a3f2-4834-a6c4-7904c11f6e03""}"		"{""derivatives/dandiset-000552/sub-e16-3m2/sub-e16-3m2_ses-e16-3m2-211210-raw_ecephys/pipeline-aind+ephys/version-v1.2.4_codebase-v0.3.46_params-1cbdbee_config-7940dfd_attempt-1/logs/dag.html"": ""374d93d6-f54a-49e3-9bd4-23cc49c2e489"", ""derivatives/dandiset-000552/sub-e16-3m2/sub-e16-3m2_ses-e16-3m2-211210-raw_ecephys/pipeline-aind+ephys/version-v1.2.4_codebase-v0.3.46_params-1cbdbee_config-7940dfd_attempt-1/logs/job-16603543_slurm.log"": ""263cb8b5-c4f6-4e1d-bca2-5bc180ada714"", ""derivatives/dandiset-000552/sub-e16-3m2/sub-e16-3m2_ses-e16-3m2-211210-raw_ecephys/pipeline-aind+ephys/version-v1.2.4_codebase-v0.3.46_params-1cbdbee_config-7940dfd_attempt-1/logs/nextflow.log"": ""03ac3868-34ef-40a1-a300-92bde08cd950"", ""derivatives/dandiset-000552/sub-e16-3m2/sub-e16-3m2_ses-e16-3m2-211210-raw_ecephys/pipeline-aind+ephys/version-v1.2.4_codebase-v0.3.46_params-1cbdbee_config-7940dfd_attempt-1/logs/report.html"": ""5d41ad77-b2d0-47d3-b597-66c7882d2cf2"", ""derivatives/dandiset-000552/sub-e16-3m2/sub-e16-3m2_ses-e16-3m2-211210-raw_ecephys/pipeline-aind+ephys/version-v1.2.4_codebase-v0.3.46_params-1cbdbee_config-7940dfd_attempt-1/logs/timeline.html"": ""68c94faf-fa00-40d2-95bd-2defa9569a0d"", ""derivatives/dandiset-000552/sub-e16-3m2/sub-e16-3m2_ses-e16-3m2-211210-raw_ecephys/pipeline-aind+ephys/version-v1.2.4_codebase-v0.3.46_params-1cbdbee_config-7940dfd_attempt-1/logs/trace.txt"": ""a75cb12d-a83a-4d0d-b11f-2aedc808f1f6""}"	2026-09-08T17:27:10.348882-04:00	2026-09-08T17:27:11.672732-04:00
000552	sub-e16-3m2/sub-e16-3m2_ses-e16-3m2-211212-raw_ecephys.nwb	aind+ephys	v1.2.4	1cbdbee	7940dfd	1	v0.3.49	464d038f-aa58-40dd-ac6d-9dc745bc4456	138996655725	True	True	False	True	"{""derivatives/dandiset-000552/sub-e16-3m2/sub-e16-3m2_ses-e16-3m2-211212-raw_ecephys/pipeline-aind+ephys/version-v1.2.4_codebase-v0.3.49_params-1cbdbee_config-7940dfd_attempt-1/dataset_description.json"": ""d563ace6-56a0-4e05-9f5d-16db61e489f8""}"		"{""derivatives/dandiset-000552/sub-e16-3m2/sub-e16-3m2_ses-e16-3m2-211212-raw_ecephys/pipeline-aind+ephys/version-v1.2.4_codebase-v0.3.49_params-1cbdbee_config-7940dfd_attempt-1/logs/dag.html"": ""374d93d6-f54a-49e3-9bd4-23cc49c2e489"", ""derivatives/dandiset-000552/sub-e16-3m2/sub-e16-3m2_ses-e16-3m2-211212-raw_ecephys/pipeline-aind+ephys/version-v1.2.4_codebase-v0.3.49_params-1cbdbee_config-7940dfd_attempt-1/logs/job-18892188_slurm.log"": ""05eea071-1bdc-4bf6-b2b4-1ce180db5fc9"", ""derivatives/dandiset-000552/sub-e16-3m2/sub-e16-3m2_ses-e16-3m2-211212-raw_ecephys/pipeline-aind+ephys/version-v1.2.4_codebase-v0.3.49_params-1cbdbee_config-7940dfd_attempt-1/logs/nextflow.log"": ""2f325e86-8180-4048-9803-56b02baa121c"", ""derivatives/dandiset-000552/sub-e16-3m2/sub-e16-3m2_ses-e16-3m2-211212-raw_ecephys/pipeline-aind+ephys/version-v1.2.4_codebase-v0.3.49_params-1cbdbee_config-7940dfd_attempt-1/logs/report.html"": ""ae371e12-14a8-4dd6-9769-5512c4e68dcc"", ""derivatives/dandiset-000552/sub-e16-3m2/sub-e16-3m2_ses-e16-3m2-211212-raw_ecephys/pipeline-aind+ephys/version-v1.2.4_codebase-v0.3.49_params-1cbdbee_config-7940dfd_attempt-1/logs/timeline.html"": ""fc2dc346-aad6-4d69-bc5d-fe72bfe83a51"", ""derivatives/dandiset-000552/sub-e16-3m2/sub-e16-3m2_ses-e16-3m2-211212-raw_ecephys/pipeline-aind+ephys/version-v1.2.4_codebase-v0.3.49_params-1cbdbee_config-7940dfd_attempt-1/logs/trace.txt"": ""adfaf678-d22a-4c81-95da-c3cb12511636""}"	2026-09-08T17:27:22.552290-04:00	2026-09-08T17:27:23.657991-04:00
000568	sub-fCamk5/sub-fCamk5_ses-fCamk5-210406-sess10_behavior+ecephys.nwb	aind+ephys	v1.2.2	1cbdbee	7940dfd	1	v0.3.28	68e630c5-10cc-4a33-b2bd-1ba281049e40	53185483358	True	True	False	True	"{""derivatives/dandiset-000568/sub-fCamk5/sub-fCamk5_ses-fCamk5-210406-sess10_behavior+ecephys/pipeline-aind+ephys/version-v1.2.2_codebase-v0.3.28_params-1cbdbee_config-7940dfd_attempt-1/dataset_description.json"": ""1927b7ea-c362-4fe8-a155-fbbaaed8b6b7""}"		"{""derivatives/dandiset-000568/sub-fCamk5/sub-fCamk5_ses-fCamk5-210406-sess10_behavior+ecephys/pipeline-aind+ephys/version-v1.2.2_codebase-v0.3.28_params-1cbdbee_config-7940dfd_attempt-1/logs/dag.html"": ""374d93d6-f54a-49e3-9bd4-23cc49c2e489"", ""derivatives/dandiset-000568/sub-fCamk5/sub-fCamk5_ses-fCamk5-210406-sess10_behavior+ecephys/pipeline-aind+ephys/version-v1.2.2_codebase-v0.3.28_params-1cbdbee_config-7940dfd_attempt-1/logs/job-15573232_slurm.log"": ""4b5d6316-9737-454d-a5a7-c1c0c34c168a"", ""derivatives/dandiset-000568/sub-fCamk5/sub-fCamk5_ses-fCamk5-210406-sess10_behavior+ecephys/pipeline-aind+ephys/version-v1.2.2_codebase-v0.3.28_params-1cbdbee_config-7940dfd_attempt-1/logs/nextflow.log"": ""cc917c88-345a-4869-8802-0f7a201d2853"", ""derivatives/dandiset-000568/sub-fCamk5/sub-fCamk5_ses-fCamk5-210406-sess10_behavior+ecephys/pipeline-aind+ephys/version-v1.2.2_codebase-v0.3.28_params-1cbdbee_config-7940dfd_attempt-1/logs/report.html"": ""61bc0826-2ad9-4716-aa86-fd23146ddf1e"", ""derivatives/dandiset-000568/sub-fCamk5/sub-fCamk5_ses-fCamk5-210406-sess10_behavior+ecephys/pipeline-aind+ephys/version-v1.2.2_codebase-v0.3.28_params-1cbdbee_config-7940dfd_attempt-1/logs/timeline.html"": ""0bfd0f77-26a1-4e76-87ef-2d786aafbe4d"", ""derivatives/dandiset-000568/sub-fCamk5/sub-fCamk5_ses-fCamk5-210406-sess10_behavior+ecephys/pipeline-aind+ephys/version-v1.2.2_codebase-v0.3.28_params-1cbdbee_config-7940dfd_attempt-1/logs/trace.txt"": ""13807521-64c8-45fc-98ee-68de97c5caa1""}"	2026-09-08T17:27:35.229126-04:00	2026-09-08T17:27:36.363577-04:00
000568	sub-fCamk5/sub-fCamk5_ses-fCamk5-210406-sess10_behavior+ecephys.nwb	aind+ephys	v1.2.2	1cbdbee	7940dfd	2	v0.3.28	68e630c5-10cc-4a33-b2bd-1ba281049e40	53185483358	True	True	False	True	"{""derivatives/dandiset-000568/sub-fCamk5/sub-fCamk5_ses-fCamk5-210406-sess10_behavior+ecephys/pipeline-aind+ephys/version-v1.2.2_codebase-v0.3.28_params-1cbdbee_config-7940dfd_attempt-2/dataset_description.json"": ""1927b7ea-c362-4fe8-a155-fbbaaed8b6b7""}"		"{""derivatives/dandiset-000568/sub-fCamk5/sub-fCamk5_ses-fCamk5-210406-sess10_behavior+ecephys/pipeline-aind+ephys/version-v1.2.2_codebase-v0.3.28_params-1cbdbee_config-7940dfd_attempt-2/logs/dag.html"": ""374d93d6-f54a-49e3-9bd4-23cc49c2e489"", ""derivatives/dandiset-000568/sub-fCamk5/sub-fCamk5_ses-fCamk5-210406-sess10_behavior+ecephys/pipeline-aind+ephys/version-v1.2.2_codebase-v0.3.28_params-1cbdbee_config-7940dfd_attempt-2/logs/job-15584469_slurm.log"": ""24ec605f-7393-4856-a0bf-0ffee3d420c4"", ""derivatives/dandiset-000568/sub-fCamk5/sub-fCamk5_ses-fCamk5-210406-sess10_behavior+ecephys/pipeline-aind+ephys/version-v1.2.2_codebase-v0.3.28_params-1cbdbee_config-7940dfd_attempt-2/logs/nextflow.log"": ""172feed2-243a-446f-b6eb-aae6b4f81b02"", ""derivatives/dandiset-000568/sub-fCamk5/sub-fCamk5_ses-fCamk5-210406-sess10_behavior+ecephys/pipeline-aind+ephys/version-v1.2.2_codebase-v0.3.28_params-1cbdbee_config-7940dfd_attempt-2/logs/report.html"": ""7bbe1803-1646-419a-8bc3-d33cc9f34aa1"", ""derivatives/dandiset-000568/sub-fCamk5/sub-fCamk5_ses-fCamk5-210406-sess10_behavior+ecephys/pipeline-aind+ephys/version-v1.2.2_codebase-v0.3.28_params-1cbdbee_config-7940dfd_attempt-2/logs/timeline.html"": ""ea4b9891-3b20-4fbf-a217-99bd460dc869"", ""derivatives/dandiset-000568/sub-fCamk5/sub-fCamk5_ses-fCamk5-210406-sess10_behavior+ecephys/pipeline-aind+ephys/version-v1.2.2_codebase-v0.3.28_params-1cbdbee_config-7940dfd_attempt-2/logs/trace.txt"": ""df5927be-e179-421d-9cf8-29d84abcd1cf""}"	2026-09-08T17:27:47.295442-04:00	2026-09-08T17:27:48.627479-04:00
000568	sub-fCamk5/sub-fCamk5_ses-fCamk5-210406-sess10_behavior+ecephys.nwb	aind+ephys	v1.2.2	1cbdbee	7940dfd	3	v0.3.28	68e630c5-10cc-4a33-b2bd-1ba281049e40	53185483358	True	True	False	True	"{""derivatives/dandiset-000568/sub-fCamk5/sub-fCamk5_ses-fCamk5-210406-sess10_behavior+ecephys/pipeline-aind+ephys/version-v1.2.2_codebase-v0.3.28_params-1cbdbee_config-7940dfd_attempt-3/dataset_description.json"": ""1927b7ea-c362-4fe8-a155-fbbaaed8b6b7""}"		"{""derivatives/dandiset-000568/sub-fCamk5/sub-fCamk5_ses-fCamk5-210406-sess10_behavior+ecephys/pipeline-aind+ephys/version-v1.2.2_codebase-v0.3.28_params-1cbdbee_config-7940dfd_attempt-3/logs/dag.html"": ""374d93d6-f54a-49e3-9bd4-23cc49c2e489"", ""derivatives/dandiset-000568/sub-fCamk5/sub-fCamk5_ses-fCamk5-210406-sess10_behavior+ecephys/pipeline-aind+ephys/version-v1.2.2_codebase-v0.3.28_params-1cbdbee_config-7940dfd_attempt-3/logs/job-15650757_slurm.log"": ""5950409b-02cb-468c-9421-83301e0f94a4"", ""derivatives/dandiset-000568/sub-fCamk5/sub-fCamk5_ses-fCamk5-210406-sess10_behavior+ecephys/pipeline-aind+ephys/version-v1.2.2_codebase-v0.3.28_params-1cbdbee_config-7940dfd_attempt-3/logs/nextflow.log"": ""26052e4d-22f3-43ae-a8a2-4d0a468c3746"", ""derivatives/dandiset-000568/sub-fCamk5/sub-fCamk5_ses-fCamk5-210406-sess10_behavior+ecephys/pipeline-aind+ephys/version-v1.2.2_codebase-v0.3.28_params-1cbdbee_config-7940dfd_attempt-3/logs/report.html"": ""aeebf78a-d086-41e8-bc7b-ce5879872876"", ""derivatives/dandiset-000568/sub-fCamk5/sub-fCamk5_ses-fCamk5-210406-sess10_behavior+ecephys/pipeline-aind+ephys/version-v1.2.2_codebase-v0.3.28_params-1cbdbee_config-7940dfd_attempt-3/logs/timeline.html"": ""e34d918e-4417-4d58-9f73-4a5a38287e7f"", ""derivatives/dandiset-000568/sub-fCamk5/sub-fCamk5_ses-fCamk5-210406-sess10_behavior+ecephys/pipeline-aind+ephys/version-v1.2.2_codebase-v0.3.28_params-1cbdbee_config-7940dfd_attempt-3/logs/trace.txt"": ""07d6e152-e266-4cb8-a153-1cfb7a717c9f""}"	2026-09-08T17:27:59.617092-04:00	2026-09-08T17:28:00.934506-04:00
000568	sub-fCamk5/sub-fCamk5_ses-fCamk5-210406-sess10_behavior+ecephys.nwb	aind+ephys	v1.2.2	1cbdbee	7940dfd	4	v0.3.28	68e630c5-10cc-4a33-b2bd-1ba281049e40	53185483358	True	True	False	True	"{""derivatives/dandiset-000568/sub-fCamk5/sub-fCamk5_ses-fCamk5-210406-sess10_behavior+ecephys/pipeline-aind+ephys/version-v1.2.2_codebase-v0.3.28_params-1cbdbee_config-7940dfd_attempt-4/dataset_description.json"": ""1927b7ea-c362-4fe8-a155-fbbaaed8b6b7""}"		"{""derivatives/dandiset-000568/sub-fCamk5/sub-fCamk5_ses-fCamk5-210406-sess10_behavior+ecephys/pipeline-aind+ephys/version-v1.2.2_codebase-v0.3.28_params-1cbdbee_config-7940dfd_attempt-4/logs/dag.html"": ""374d93d6-f54a-49e3-9bd4-23cc49c2e489"", ""derivatives/dandiset-000568/sub-fCamk5/sub-fCamk5_ses-fCamk5-210406-sess10_behavior+ecephys/pipeline-aind+ephys/version-v1.2.2_codebase-v0.3.28_params-1cbdbee_config-7940dfd_attempt-4/logs/job-15650835_slurm.log"": ""bf33b775-ad77-4ed1-b538-6b1e84cd2a6b"", ""derivatives/dandiset-000568/sub-fCamk5/sub-fCamk5_ses-fCamk5-210406-sess10_behavior+ecephys/pipeline-aind+ephys/version-v1.2.2_codebase-v0.3.28_params-1cbdbee_config-7940dfd_attempt-4/logs/nextflow.log"": ""ea99684a-aa6c-4d94-b570-46839d6209e6"", ""derivatives/dandiset-000568/sub-fCamk5/sub-fCamk5_ses-fCamk5-210406-sess10_behavior+ecephys/pipeline-aind+ephys/version-v1.2.2_codebase-v0.3.28_params-1cbdbee_config-7940dfd_attempt-4/logs/report.html"": ""9bed2daa-ceba-4839-8fa4-d899d873c69e"", ""derivatives/dandiset-000568/sub-fCamk5/sub-fCamk5_ses-fCamk5-210406-sess10_behavior+ecephys/pipeline-aind+ephys/version-v1.2.2_codebase-v0.3.28_params-1cbdbee_config-7940dfd_attempt-4/logs/timeline.html"": ""5af02070-6025-4e50-8656-837961a6ca0a"", ""derivatives/dandiset-000568/sub-fCamk5/sub-fCamk5_ses-fCamk5-210406-sess10_behavior+ecephys/pipeline-aind+ephys/version-v1.2.2_codebase-v0.3.28_params-1cbdbee_config-7940dfd_attempt-4/logs/trace.txt"": ""f82b9b80-35e6-4822-b377-69c5ccfd4499""}"	2026-09-08T17:28:12.104463-04:00	2026-09-08T17:28:13.260460-04:00
000568	sub-fCamk5/sub-fCamk5_ses-fCamk5-210406-sess10_behavior+ecephys.nwb	aind+ephys	v1.2.4	1cbdbee	7940dfd	1	v0.3.49	68e630c5-10cc-4a33-b2bd-1ba281049e40	53185483358	True	True	False	True	"{""derivatives/dandiset-000568/sub-fCamk5/sub-fCamk5_ses-fCamk5-210406-sess10_behavior+ecephys/pipeline-aind+ephys/version-v1.2.4_codebase-v0.3.49_params-1cbdbee_config-7940dfd_attempt-1/dataset_description.json"": ""1c182e7c-ccaa-4ff8-a409-ab56459fc11b""}"		"{""derivatives/dandiset-000568/sub-fCamk5/sub-fCamk5_ses-fCamk5-210406-sess10_behavior+ecephys/pipeline-aind+ephys/version-v1.2.4_codebase-v0.3.49_params-1cbdbee_config-7940dfd_attempt-1/logs/dag.html"": ""374d93d6-f54a-49e3-9bd4-23cc49c2e489"", ""derivatives/dandiset-000568/sub-fCamk5/sub-fCamk5_ses-fCamk5-210406-sess10_behavior+ecephys/pipeline-aind+ephys/version-v1.2.4_codebase-v0.3.49_params-1cbdbee_config-7940dfd_attempt-1/logs/job-18458769_slurm.log"": ""f9aff688-fb25-483e-b7a5-d620863a51c7"", ""derivatives/dandiset-000568/sub-fCamk5/sub-fCamk5_ses-fCamk5-210406-sess10_behavior+ecephys/pipeline-aind+ephys/version-v1.2.4_codebase-v0.3.49_params-1cbdbee_config-7940dfd_attempt-1/logs/nextflow.log"": ""486c0ee9-e376-4200-a04a-7648c1d8b71a"", ""derivatives/dandiset-000568/sub-fCamk5/sub-fCamk5_ses-fCamk5-210406-sess10_behavior+ecephys/pipeline-aind+ephys/version-v1.2.4_codebase-v0.3.49_params-1cbdbee_config-7940dfd_attempt-1/logs/report.html"": ""944e5208-ab1c-4bb3-914e-0abfb27c6a0f"", ""derivatives/dandiset-000568/sub-fCamk5/sub-fCamk5_ses-fCamk5-210406-sess10_behavior+ecephys/pipeline-aind+ephys/version-v1.2.4_codebase-v0.3.49_params-1cbdbee_config-7940dfd_attempt-1/logs/timeline.html"": ""445cfc23-a9c7-4961-9d72-4749d40bef9c"", ""derivatives/dandiset-000568/sub-fCamk5/sub-fCamk5_ses-fCamk5-210406-sess10_behavior+ecephys/pipeline-aind+ephys/version-v1.2.4_codebase-v0.3.49_params-1cbdbee_config-7940dfd_attempt-1/logs/trace.txt"": ""6a44cbf2-96b0-4e2a-a76e-b5ba886af7a3""}"	2026-09-08T17:28:23.619449-04:00	2026-09-08T17:28:24.674304-04:00
000568	sub-fCamk5/sub-fCamk5_ses-fCamk5-210406-sess10_behavior+ecephys.nwb	aind+ephys	v1.2.4	1cbdbee	7940dfd	2	v0.3.49	68e630c5-10cc-4a33-b2bd-1ba281049e40	53185483358	True	True	False	True	"{""derivatives/dandiset-000568/sub-fCamk5/sub-fCamk5_ses-fCamk5-210406-sess10_behavior+ecephys/pipeline-aind+ephys/version-v1.2.4_codebase-v0.3.49_params-1cbdbee_config-7940dfd_attempt-2/dataset_description.json"": ""1c182e7c-ccaa-4ff8-a409-ab56459fc11b""}"		"{""derivatives/dandiset-000568/sub-fCamk5/sub-fCamk5_ses-fCamk5-210406-sess10_behavior+ecephys/pipeline-aind+ephys/version-v1.2.4_codebase-v0.3.49_params-1cbdbee_config-7940dfd_attempt-2/logs/dag.html"": ""374d93d6-f54a-49e3-9bd4-23cc49c2e489"", ""derivatives/dandiset-000568/sub-fCamk5/sub-fCamk5_ses-fCamk5-210406-sess10_behavior+ecephys/pipeline-aind+ephys/version-v1.2.4_codebase-v0.3.49_params-1cbdbee_config-7940dfd_attempt-2/logs/job-18576714_slurm.log"": ""d717ac30-1b1f-413f-bea7-8b22a510636b"", ""derivatives/dandiset-000568/sub-fCamk5/sub-fCamk5_ses-fCamk5-210406-sess10_behavior+ecephys/pipeline-aind+ephys/version-v1.2.4_codebase-v0.3.49_params-1cbdbee_config-7940dfd_attempt-2/logs/nextflow.log"": ""042dcb56-6760-4558-9574-98e9784ae740"", ""derivatives/dandiset-000568/sub-fCamk5/sub-fCamk5_ses-fCamk5-210406-sess10_behavior+ecephys/pipeline-aind+ephys/version-v1.2.4_codebase-v0.3.49_params-1cbdbee_config-7940dfd_attempt-2/logs/report.html"": ""dd9c6c44-03bf-4e04-92aa-e67f30436531"", ""derivatives/dandiset-000568/sub-fCamk5/sub-fCamk5_ses-fCamk5-210406-sess10_behavior+ecephys/pipeline-aind+ephys/version-v1.2.4_codebase-v0.3.49_params-1cbdbee_config-7940dfd_attempt-2/logs/timeline.html"": ""f215e75f-01ca-42ad-bd2c-a97f7318a281"", ""derivatives/dandiset-000568/sub-fCamk5/sub-fCamk5_ses-fCamk5-210406-sess10_behavior+ecephys/pipeline-aind+ephys/version-v1.2.4_codebase-v0.3.49_params-1cbdbee_config-7940dfd_attempt-2/logs/trace.txt"": ""d8183453-e68f-40d2-a2c2-be36acd657b4""}"	2026-09-08T17:28:35.352165-04:00	2026-09-08T17:28:36.453391-04:00
000568	sub-fCamk5/sub-fCamk5_ses-fCamk5-210406-sess10_behavior+ecephys.nwb	aind+ephys	v1.2.4	1cbdbee	7940dfd	3	v0.3.49	68e630c5-10cc-4a33-b2bd-1ba281049e40	53185483358	True	True	False	True	"{""derivatives/dandiset-000568/sub-fCamk5/sub-fCamk5_ses-fCamk5-210406-sess10_behavior+ecephys/pipeline-aind+ephys/version-v1.2.4_codebase-v0.3.49_params-1cbdbee_config-7940dfd_attempt-3/dataset_description.json"": ""1c182e7c-ccaa-4ff8-a409-ab56459fc11b""}"		"{""derivatives/dandiset-000568/sub-fCamk5/sub-fCamk5_ses-fCamk5-210406-sess10_behavior+ecephys/pipeline-aind+ephys/version-v1.2.4_codebase-v0.3.49_params-1cbdbee_config-7940dfd_attempt-3/logs/dag.html"": ""374d93d6-f54a-49e3-9bd4-23cc49c2e489"", ""derivatives/dandiset-000568/sub-fCamk5/sub-fCamk5_ses-fCamk5-210406-sess10_behavior+ecephys/pipeline-aind+ephys/version-v1.2.4_codebase-v0.3.49_params-1cbdbee_config-7940dfd_attempt-3/logs/job-18807207_slurm.log"": ""a13fb060-9320-4be0-b2d5-dda54942b489"", ""derivatives/dandiset-000568/sub-fCamk5/sub-fCamk5_ses-fCamk5-210406-sess10_behavior+ecephys/pipeline-aind+ephys/version-v1.2.4_codebase-v0.3.49_params-1cbdbee_config-7940dfd_attempt-3/logs/nextflow.log"": ""61e5f928-9540-4cb6-a136-f0be9c144278"", ""derivatives/dandiset-000568/sub-fCamk5/sub-fCamk5_ses-fCamk5-210406-sess10_behavior+ecephys/pipeline-aind+ephys/version-v1.2.4_codebase-v0.3.49_params-1cbdbee_config-7940dfd_attempt-3/logs/report.html"": ""2805bf0f-ecd0-4931-8e74-bcbdf2cbcc5d"", ""derivatives/dandiset-000568/sub-fCamk5/sub-fCamk5_ses-fCamk5-210406-sess10_behavior+ecephys/pipeline-aind+ephys/version-v1.2.4_codebase-v0.3.49_params-1cbdbee_config-7940dfd_attempt-3/logs/timeline.html"": ""cc66f13a-fac3-49fa-9396-4a5895026da6"", ""derivatives/dandiset-000568/sub-fCamk5/sub-fCamk5_ses-fCamk5-210406-sess10_behavior+ecephys/pipeline-aind+ephys/version-v1.2.4_codebase-v0.3.49_params-1cbdbee_config-7940dfd_attempt-3/logs/trace.txt"": ""2cd56ca1-4ec8-4be9-ab5c-ff07596f21eb""}"	2026-09-08T17:28:46.665863-04:00	2026-09-08T17:28:47.800614-04:00
000574	sub-01/sub-01_ses-03.nwb	aind+ephys	v1.2.4	1cbdbee	7940dfd	1	v0.3.49	72bf79ec-3864-4eff-a465-ee5352c0c100	1387653682	True	True	False	True	"{""derivatives/dandiset-000574/sub-01/sub-01_ses-03/pipeline-aind+ephys/version-v1.2.4_codebase-v0.3.49_params-1cbdbee_config-7940dfd_attempt-1/dataset_description.json"": ""cd897050-fa32-433e-8816-88dd9a7fbb7d""}"		"{""derivatives/dandiset-000574/sub-01/sub-01_ses-03/pipeline-aind+ephys/version-v1.2.4_codebase-v0.3.49_params-1cbdbee_config-7940dfd_attempt-1/logs/dag.html"": ""374d93d6-f54a-49e3-9bd4-23cc49c2e489"", ""derivatives/dandiset-000574/sub-01/sub-01_ses-03/pipeline-aind+ephys/version-v1.2.4_codebase-v0.3.49_params-1cbdbee_config-7940dfd_attempt-1/logs/job-17802417_slurm.log"": ""62e50676-06fb-4fc3-8177-2f0fe3bc4b89"", ""derivatives/dandiset-000574/sub-01/sub-01_ses-03/pipeline-aind+ephys/version-v1.2.4_codebase-v0.3.49_params-1cbdbee_config-7940dfd_attempt-1/logs/nextflow.log"": ""dd7ab7a4-5af8-4d56-a0b6-0b09bedefece"", ""derivatives/dandiset-000574/sub-01/sub-01_ses-03/pipeline-aind+ephys/version-v1.2.4_codebase-v0.3.49_params-1cbdbee_config-7940dfd_attempt-1/logs/report.html"": ""eb744636-966b-4da1-9339-967081fff98f"", ""derivatives/dandiset-000574/sub-01/sub-01_ses-03/pipeline-aind+ephys/version-v1.2.4_codebase-v0.3.49_params-1cbdbee_config-7940dfd_attempt-1/logs/timeline.html"": ""8796cff2-76c9-42a6-8e76-f760c0918788"", ""derivatives/dandiset-000574/sub-01/sub-01_ses-03/pipeline-aind+ephys/version-v1.2.4_codebase-v0.3.49_params-1cbdbee_config-7940dfd_attempt-1/logs/trace.txt"": ""b1c2ac7c-db8c-42db-8b82-a1b4e2ac2861""}"	2026-09-08T17:28:58.207072-04:00	2026-09-08T17:28:59.271877-04:00
000574	sub-03/sub-03_ses-02.nwb	aind+ephys	v1.2.4	1cbdbee	7940dfd	1	v0.3.49	86e4b0d6-a3da-4f41-9e2c-e8ce2e1ecca4	1537971747	True	True	False	True	"{""derivatives/dandiset-000574/sub-03/sub-03_ses-02/pipeline-aind+ephys/version-v1.2.4_codebase-v0.3.49_params-1cbdbee_config-7940dfd_attempt-1/dataset_description.json"": ""cd897050-fa32-433e-8816-88dd9a7fbb7d""}"		"{""derivatives/dandiset-000574/sub-03/sub-03_ses-02/pipeline-aind+ephys/version-v1.2.4_codebase-v0.3.49_params-1cbdbee_config-7940dfd_attempt-1/logs/dag.html"": ""374d93d6-f54a-49e3-9bd4-23cc49c2e489"", ""derivatives/dandiset-000574/sub-03/sub-03_ses-02/pipeline-aind+ephys/version-v1.2.4_codebase-v0.3.49_params-1cbdbee_config-7940dfd_attempt-1/logs/job-18589736_slurm.log"": ""68269f60-9300-4c8a-ba55-b205e4ceabb9"", ""derivatives/dandiset-000574/sub-03/sub-03_ses-02/pipeline-aind+ephys/version-v1.2.4_codebase-v0.3.49_params-1cbdbee_config-7940dfd_attempt-1/logs/nextflow.log"": ""45f57621-5255-48ff-b27d-cc13b7a26e74"", ""derivatives/dandiset-000574/sub-03/sub-03_ses-02/pipeline-aind+ephys/version-v1.2.4_codebase-v0.3.49_params-1cbdbee_config-7940dfd_attempt-1/logs/report.html"": ""47eac7ed-3b4c-4f99-98be-c7057e8fae72"", ""derivatives/dandiset-000574/sub-03/sub-03_ses-02/pipeline-aind+ephys/version-v1.2.4_codebase-v0.3.49_params-1cbdbee_config-7940dfd_attempt-1/logs/timeline.html"": ""27806135-f68c-4a66-919d-683f45227bac"", ""derivatives/dandiset-000574/sub-03/sub-03_ses-02/pipeline-aind+ephys/version-v1.2.4_codebase-v0.3.49_params-1cbdbee_config-7940dfd_attempt-1/logs/trace.txt"": ""eb9d4c8e-472f-4e68-92a0-8e38b2cbca49""}"	2026-09-08T17:29:10.496169-04:00	2026-09-08T17:29:11.706583-04:00
000574	sub-05/sub-05_ses-01.nwb	aind+ephys	v1.2.4	1cbdbee	7940dfd	1	v0.3.49	24e398b6-61b9-4d5e-a878-721d0830b5ee	1351192703	True	True	False	True	"{""derivatives/dandiset-000574/sub-05/sub-05_ses-01/pipeline-aind+ephys/version-v1.2.4_codebase-v0.3.49_params-1cbdbee_config-7940dfd_attempt-1/dataset_description.json"": ""cd897050-fa32-433e-8816-88dd9a7fbb7d""}"		"{""derivatives/dandiset-000574/sub-05/sub-05_ses-01/pipeline-aind+ephys/version-v1.2.4_codebase-v0.3.49_params-1cbdbee_config-7940dfd_attempt-1/logs/dag.html"": ""374d93d6-f54a-49e3-9bd4-23cc49c2e489"", ""derivatives/dandiset-000574/sub-05/sub-05_ses-01/pipeline-aind+ephys/version-v1.2.4_codebase-v0.3.49_params-1cbdbee_config-7940dfd_attempt-1/logs/job-17544255_slurm.log"": ""79f1972c-dc04-45c1-b01c-b41d1d06fe2c"", ""derivatives/dandiset-000574/sub-05/sub-05_ses-01/pipeline-aind+ephys/version-v1.2.4_codebase-v0.3.49_params-1cbdbee_config-7940dfd_attempt-1/logs/nextflow.log"": ""38e815aa-18da-4fb6-b8d7-f04cf380ace4"", ""derivatives/dandiset-000574/sub-05/sub-05_ses-01/pipeline-aind+ephys/version-v1.2.4_codebase-v0.3.49_params-1cbdbee_config-7940dfd_attempt-1/logs/report.html"": ""072daf44-06c7-4a5b-bfbb-bf3563e2e335"", ""derivatives/dandiset-000574/sub-05/sub-05_ses-01/pipeline-aind+ephys/version-v1.2.4_codebase-v0.3.49_params-1cbdbee_config-7940dfd_attempt-1/logs/timeline.html"": ""83448efc-a03d-4a57-b6b1-5f4472e2e1ab"", ""derivatives/dandiset-000574/sub-05/sub-05_ses-01/pipeline-aind+ephys/version-v1.2.4_codebase-v0.3.49_params-1cbdbee_config-7940dfd_attempt-1/logs/trace.txt"": ""e375bd6b-ea1c-4f7b-bebf-67da87690db6""}"	2026-09-08T17:29:22.021495-04:00	2026-09-08T17:29:23.327231-04:00
000574	sub-05/sub-05_ses-02.nwb	aind+ephys	v1.2.4	1cbdbee	7940dfd	1	v0.3.49	bc4899de-0980-4b8d-95c9-52ba0db70c0e	1370174740	True	True	False	True	"{""derivatives/dandiset-000574/sub-05/sub-05_ses-02/pipeline-aind+ephys/version-v1.2.4_codebase-v0.3.49_params-1cbdbee_config-7940dfd_attempt-1/dataset_description.json"": ""cd897050-fa32-433e-8816-88dd9a7fbb7d""}"		"{""derivatives/dandiset-000574/sub-05/sub-05_ses-02/pipeline-aind+ephys/version-v1.2.4_codebase-v0.3.49_params-1cbdbee_config-7940dfd_attempt-1/logs/dag.html"": ""374d93d6-f54a-49e3-9bd4-23cc49c2e489"", ""derivatives/dandiset-000574/sub-05/sub-05_ses-02/pipeline-aind+ephys/version-v1.2.4_codebase-v0.3.49_params-1cbdbee_config-7940dfd_attempt-1/logs/job-17544706_slurm.log"": ""0e229b53-79ed-4567-92ca-4c89ca655e9c"", ""derivatives/dandiset-000574/sub-05/sub-05_ses-02/pipeline-aind+ephys/version-v1.2.4_codebase-v0.3.49_params-1cbdbee_config-7940dfd_attempt-1/logs/nextflow.log"": ""22bc9fcd-2880-4f89-8d44-bcde12b9e7f1"", ""derivatives/dandiset-000574/sub-05/sub-05_ses-02/pipeline-aind+ephys/version-v1.2.4_codebase-v0.3.49_params-1cbdbee_config-7940dfd_attempt-1/logs/report.html"": ""5aa3f207-252f-4643-b548-b216cf6ffcab"", ""derivatives/dandiset-000574/sub-05/sub-05_ses-02/pipeline-aind+ephys/version-v1.2.4_codebase-v0.3.49_params-1cbdbee_config-7940dfd_attempt-1/logs/timeline.html"": ""71e535d0-1625-4097-80a1-63f66096b1a7"", ""derivatives/dandiset-000574/sub-05/sub-05_ses-02/pipeline-aind+ephys/version-v1.2.4_codebase-v0.3.49_params-1cbdbee_config-7940dfd_attempt-1/logs/trace.txt"": ""0ed135f8-fd4b-4068-a4fc-521d0427a0a6""}"	2026-09-08T17:29:36.742689-04:00	2026-09-08T17:29:37.905835-04:00
000574	sub-06/sub-06_ses-02.nwb	aind+ephys	v1.2.4	1cbdbee	7940dfd	1	v0.3.49	25568fef-967a-4c65-9577-707aba324e89	2558910770	True	True	False	True	"{""derivatives/dandiset-000574/sub-06/sub-06_ses-02/pipeline-aind+ephys/version-v1.2.4_codebase-v0.3.49_params-1cbdbee_config-7940dfd_attempt-1/dataset_description.json"": ""cd897050-fa32-433e-8816-88dd9a7fbb7d""}"		"{""derivatives/dandiset-000574/sub-06/sub-06_ses-02/pipeline-aind+ephys/version-v1.2.4_codebase-v0.3.49_params-1cbdbee_config-7940dfd_attempt-1/logs/dag.html"": ""374d93d6-f54a-49e3-9bd4-23cc49c2e489"", ""derivatives/dandiset-000574/sub-06/sub-06_ses-02/pipeline-aind+ephys/version-v1.2.4_codebase-v0.3.49_params-1cbdbee_config-7940dfd_attempt-1/logs/job-18109239_slurm.log"": ""78d2443a-cac6-4a86-aecb-43c3626df14b"", ""derivatives/dandiset-000574/sub-06/sub-06_ses-02/pipeline-aind+ephys/version-v1.2.4_codebase-v0.3.49_params-1cbdbee_config-7940dfd_attempt-1/logs/nextflow.log"": ""ecc865df-fd28-47d4-aaac-466e8dc86365"", ""derivatives/dandiset-000574/sub-06/sub-06_ses-02/pipeline-aind+ephys/version-v1.2.4_codebase-v0.3.49_params-1cbdbee_config-7940dfd_attempt-1/logs/report.html"": ""d3462ae0-9462-4441-acf5-0678c0423e5c"", ""derivatives/dandiset-000574/sub-06/sub-06_ses-02/pipeline-aind+ephys/version-v1.2.4_codebase-v0.3.49_params-1cbdbee_config-7940dfd_attempt-1/logs/timeline.html"": ""13b1b7a0-54cd-44a5-a99d-bfcf074c68a4"", ""derivatives/dandiset-000574/sub-06/sub-06_ses-02/pipeline-aind+ephys/version-v1.2.4_codebase-v0.3.49_params-1cbdbee_config-7940dfd_attempt-1/logs/trace.txt"": ""eb300be8-fb53-4da9-a528-4b2d09234a71""}"	2026-09-08T17:29:49.396960-04:00	2026-09-08T17:29:50.606143-04:00
000574	sub-06/sub-06_ses-06.nwb	aind+ephys	v1.2.4	1cbdbee	7940dfd	1	v0.3.49	fcfdcacd-06ac-4f44-a44c-a1321ea5543e	2446038189	True	True	False	True	"{""derivatives/dandiset-000574/sub-06/sub-06_ses-06/pipeline-aind+ephys/version-v1.2.4_codebase-v0.3.49_params-1cbdbee_config-7940dfd_attempt-1/dataset_description.json"": ""cd897050-fa32-433e-8816-88dd9a7fbb7d""}"		"{""derivatives/dandiset-000574/sub-06/sub-06_ses-06/pipeline-aind+ephys/version-v1.2.4_codebase-v0.3.49_params-1cbdbee_config-7940dfd_attempt-1/logs/dag.html"": ""374d93d6-f54a-49e3-9bd4-23cc49c2e489"", ""derivatives/dandiset-000574/sub-06/sub-06_ses-06/pipeline-aind+ephys/version-v1.2.4_codebase-v0.3.49_params-1cbdbee_config-7940dfd_attempt-1/logs/job-18214802_slurm.log"": ""8f6f2fe6-2709-488c-8920-f0ef21c5f938"", ""derivatives/dandiset-000574/sub-06/sub-06_ses-06/pipeline-aind+ephys/version-v1.2.4_codebase-v0.3.49_params-1cbdbee_config-7940dfd_attempt-1/logs/nextflow.log"": ""27a6d0ed-43db-459d-a71e-c9e8f70425ac"", ""derivatives/dandiset-000574/sub-06/sub-06_ses-06/pipeline-aind+ephys/version-v1.2.4_codebase-v0.3.49_params-1cbdbee_config-7940dfd_attempt-1/logs/report.html"": ""54993eae-6b50-4dba-9991-da97b81d5b08"", ""derivatives/dandiset-000574/sub-06/sub-06_ses-06/pipeline-aind+ephys/version-v1.2.4_codebase-v0.3.49_params-1cbdbee_config-7940dfd_attempt-1/logs/timeline.html"": ""441a3b67-b562-463a-bbbb-14df2aff774b"", ""derivatives/dandiset-000574/sub-06/sub-06_ses-06/pipeline-aind+ephys/version-v1.2.4_codebase-v0.3.49_params-1cbdbee_config-7940dfd_attempt-1/logs/trace.txt"": ""a8be179d-25ec-4b0f-a237-705ca6c1d0c4""}"	2026-09-08T17:30:01.044754-04:00	2026-09-08T17:30:02.583338-04:00
000574	sub-08/sub-08_ses-01.nwb	aind+ephys	v1.2.4	1cbdbee	7940dfd	1	v0.3.49	cbd16e1f-dff3-4bc1-9d6f-40c14db1a4cd	2434455619	True	True	False	True	"{""derivatives/dandiset-000574/sub-08/sub-08_ses-01/pipeline-aind+ephys/version-v1.2.4_codebase-v0.3.49_params-1cbdbee_config-7940dfd_attempt-1/dataset_description.json"": ""cd897050-fa32-433e-8816-88dd9a7fbb7d""}"		"{""derivatives/dandiset-000574/sub-08/sub-08_ses-01/pipeline-aind+ephys/version-v1.2.4_codebase-v0.3.49_params-1cbdbee_config-7940dfd_attempt-1/logs/dag.html"": ""374d93d6-f54a-49e3-9bd4-23cc49c2e489"", ""derivatives/dandiset-000574/sub-08/sub-08_ses-01/pipeline-aind+ephys/version-v1.2.4_codebase-v0.3.49_params-1cbdbee_config-7940dfd_attempt-1/logs/job-17582967_slurm.log"": ""63ef4ae0-6c04-4a81-a783-ad3352cb3cab"", ""derivatives/dandiset-000574/sub-08/sub-08_ses-01/pipeline-aind+ephys/version-v1.2.4_codebase-v0.3.49_params-1cbdbee_config-7940dfd_attempt-1/logs/nextflow.log"": ""99ed1594-a90e-4496-8102-6f6d72d8ae17"", ""derivatives/dandiset-000574/sub-08/sub-08_ses-01/pipeline-aind+ephys/version-v1.2.4_codebase-v0.3.49_params-1cbdbee_config-7940dfd_attempt-1/logs/report.html"": ""5fd84627-c054-44ca-a468-20c7234bef9f"", ""derivatives/dandiset-000574/sub-08/sub-08_ses-01/pipeline-aind+ephys/version-v1.2.4_codebase-v0.3.49_params-1cbdbee_config-7940dfd_attempt-1/logs/timeline.html"": ""48de0dae-5b5b-4fd0-8430-195dbf09ec0f"", ""derivatives/dandiset-000574/sub-08/sub-08_ses-01/pipeline-aind+ephys/version-v1.2.4_codebase-v0.3.49_params-1cbdbee_config-7940dfd_attempt-1/logs/trace.txt"": ""2aa04d96-cd05-48e6-976e-33bad5554878""}"	2026-09-08T17:30:15.210554-04:00	2026-09-08T17:30:16.436043-04:00
000620	sub-Elgar/sub-Elgar_ses-2022-08-21_ecephys.nwb	aind+ephys	v1.2.4	1cbdbee	7940dfd	1	v0.3.46	92ee9673-e34f-4aa6-8309-a22aa5e61255	141776994877	True	True	False	True	"{""derivatives/dandiset-000620/sub-Elgar/sub-Elgar_ses-2022-08-21_ecephys/pipeline-aind+ephys/version-v1.2.4_codebase-v0.3.46_params-1cbdbee_config-7940dfd_attempt-1/dataset_description.json"": ""a1e0f6b4-6770-46b3-86a0-011ce6aac50e""}"		"{""derivatives/dandiset-000620/sub-Elgar/sub-Elgar_ses-2022-08-21_ecephys/pipeline-aind+ephys/version-v1.2.4_codebase-v0.3.46_params-1cbdbee_config-7940dfd_attempt-1/logs/dag.html"": ""374d93d6-f54a-49e3-9bd4-23cc49c2e489"", ""derivatives/dandiset-000620/sub-Elgar/sub-Elgar_ses-2022-08-21_ecephys/pipeline-aind+ephys/version-v1.2.4_codebase-v0.3.46_params-1cbdbee_config-7940dfd_attempt-1/logs/job-16558575_slurm.log"": ""d38e4999-61f8-412b-b167-c95b9458e9c9"", ""derivatives/dandiset-000620/sub-Elgar/sub-Elgar_ses-2022-08-21_ecephys/pipeline-aind+ephys/version-v1.2.4_codebase-v0.3.46_params-1cbdbee_config-7940dfd_attempt-1/logs/nextflow.log"": ""e9144979-24ef-42cb-b4b7-5a924b5a9622"", ""derivatives/dandiset-000620/sub-Elgar/sub-Elgar_ses-2022-08-21_ecephys/pipeline-aind+ephys/version-v1.2.4_codebase-v0.3.46_params-1cbdbee_config-7940dfd_attempt-1/logs/report.html"": ""544f99c2-886f-4f91-8b4c-25473a3c05eb"", ""derivatives/dandiset-000620/sub-Elgar/sub-Elgar_ses-2022-08-21_ecephys/pipeline-aind+ephys/version-v1.2.4_codebase-v0.3.46_params-1cbdbee_config-7940dfd_attempt-1/logs/timeline.html"": ""e874b116-5af1-446f-bb30-0964352f39a7"", ""derivatives/dandiset-000620/sub-Elgar/sub-Elgar_ses-2022-08-21_ecephys/pipeline-aind+ephys/version-v1.2.4_codebase-v0.3.46_params-1cbdbee_config-7940dfd_attempt-1/logs/trace.txt"": ""f0a89325-4f39-4a3a-801c-97d89ccf4f59""}"	2026-09-08T17:30:28.052754-04:00	2026-09-08T17:30:29.392591-04:00
000620	sub-Elgar/sub-Elgar_ses-2022-09-04_ecephys.nwb	aind+ephys	v1.2.4	1cbdbee	7940dfd	1	v0.3.43	4c885da6-b37b-414d-a043-09f156277785	151174579246	True	True	False	True	"{""derivatives/dandiset-000620/sub-Elgar/sub-Elgar_ses-2022-09-04_ecephys/pipeline-aind+ephys/version-v1.2.4_codebase-v0.3.43_params-1cbdbee_config-7940dfd_attempt-1/dataset_description.json"": ""6f27c55a-a1c4-44fd-bd59-9d680cf07bee""}"		"{""derivatives/dandiset-000620/sub-Elgar/sub-Elgar_ses-2022-09-04_ecephys/pipeline-aind+ephys/version-v1.2.4_codebase-v0.3.43_params-1cbdbee_config-7940dfd_attempt-1/logs/dag.html"": ""374d93d6-f54a-49e3-9bd4-23cc49c2e489"", ""derivatives/dandiset-000620/sub-Elgar/sub-Elgar_ses-2022-09-04_ecephys/pipeline-aind+ephys/version-v1.2.4_codebase-v0.3.43_params-1cbdbee_config-7940dfd_attempt-1/logs/job-16440399_slurm.log"": ""d84a094f-ce3c-45b6-a3e4-36d0eb913b62"", ""derivatives/dandiset-000620/sub-Elgar/sub-Elgar_ses-2022-09-04_ecephys/pipeline-aind+ephys/version-v1.2.4_codebase-v0.3.43_params-1cbdbee_config-7940dfd_attempt-1/logs/nextflow.log"": ""c69843a3-2684-4c7e-8410-30929af377ab"", ""derivatives/dandiset-000620/sub-Elgar/sub-Elgar_ses-2022-09-04_ecephys/pipeline-aind+ephys/version-v1.2.4_codebase-v0.3.43_params-1cbdbee_config-7940dfd_attempt-1/logs/report.html"": ""b3da46c6-63fc-43b6-a05d-fe520d2a7e05"", ""derivatives/dandiset-000620/sub-Elgar/sub-Elgar_ses-2022-09-04_ecephys/pipeline-aind+ephys/version-v1.2.4_codebase-v0.3.43_params-1cbdbee_config-7940dfd_attempt-1/logs/timeline.html"": ""77add6dd-f2da-4f49-a469-faa98e9d1167"", ""derivatives/dandiset-000620/sub-Elgar/sub-Elgar_ses-2022-09-04_ecephys/pipeline-aind+ephys/version-v1.2.4_codebase-v0.3.43_params-1cbdbee_config-7940dfd_attempt-1/logs/trace.txt"": ""2ef8ee4d-ab2e-4a78-a95e-1bdfc79577fd""}"	2026-09-08T17:30:39.954521-04:00	2026-09-08T17:30:41.050783-04:00
000620	sub-Elgar/sub-Elgar_ses-2022-09-07_ecephys.nwb	aind+ephys	v1.2.4	1cbdbee	7940dfd	1	v0.3.49	79aeaabe-6b6c-4116-9f5c-4c345c757d65	207709696524	True	True	False	False	"{""derivatives/dandiset-000620/sub-Elgar/sub-Elgar_ses-2022-09-07_ecephys/pipeline-aind+ephys/version-v1.2.4_codebase-v0.3.49_params-1cbdbee_config-7940dfd_attempt-1/dataset_description.json"": ""16fe26ed-01ac-4501-97aa-cb9a3ad8c9f6""}"			2026-09-09T09:30:33.708395-04:00	
000620	sub-Elgar/sub-Elgar_ses-2022-09-09_ecephys.nwb	aind+ephys	v1.2.4	1cbdbee	7940dfd	1	v0.3.49	10de1718-c4af-41ca-b16f-f4ed2e60968b	125638103862	True	True	False	True	"{""derivatives/dandiset-000620/sub-Elgar/sub-Elgar_ses-2022-09-09_ecephys/pipeline-aind+ephys/version-v1.2.4_codebase-v0.3.49_params-1cbdbee_config-7940dfd_attempt-1/dataset_description.json"": ""16fe26ed-01ac-4501-97aa-cb9a3ad8c9f6""}"		"{""derivatives/dandiset-000620/sub-Elgar/sub-Elgar_ses-2022-09-09_ecephys/pipeline-aind+ephys/version-v1.2.4_codebase-v0.3.49_params-1cbdbee_config-7940dfd_attempt-1/logs/dag.html"": ""374d93d6-f54a-49e3-9bd4-23cc49c2e489"", ""derivatives/dandiset-000620/sub-Elgar/sub-Elgar_ses-2022-09-09_ecephys/pipeline-aind+ephys/version-v1.2.4_codebase-v0.3.49_params-1cbdbee_config-7940dfd_attempt-1/logs/job-17545463_slurm.log"": ""d921819f-b9be-4133-9c44-a21780651f5e"", ""derivatives/dandiset-000620/sub-Elgar/sub-Elgar_ses-2022-09-09_ecephys/pipeline-aind+ephys/version-v1.2.4_codebase-v0.3.49_params-1cbdbee_config-7940dfd_attempt-1/logs/nextflow.log"": ""1104d903-eb05-42f6-b9a8-118823849c22"", ""derivatives/dandiset-000620/sub-Elgar/sub-Elgar_ses-2022-09-09_ecephys/pipeline-aind+ephys/version-v1.2.4_codebase-v0.3.49_params-1cbdbee_config-7940dfd_attempt-1/logs/report.html"": ""c1d98241-de42-4858-b056-f18df993f826"", ""derivatives/dandiset-000620/sub-Elgar/sub-Elgar_ses-2022-09-09_ecephys/pipeline-aind+ephys/version-v1.2.4_codebase-v0.3.49_params-1cbdbee_config-7940dfd_attempt-1/logs/timeline.html"": ""4cbd8f4d-e546-4b2d-b37e-270191530095"", ""derivatives/dandiset-000620/sub-Elgar/sub-Elgar_ses-2022-09-09_ecephys/pipeline-aind+ephys/version-v1.2.4_codebase-v0.3.49_params-1cbdbee_config-7940dfd_attempt-1/logs/trace.txt"": ""8d77d7d9-f5fc-487b-9c44-a9fcd409ddfd""}"	2026-09-08T17:30:51.578738-04:00	2026-09-08T17:30:52.705507-04:00
000620	sub-Elgar/sub-Elgar_ses-2022-09-10_ecephys.nwb	aind+ephys	v1.2.2	1cbdbee	0d4bf36	1	v0.3.27	4aea70a3-3fb3-45fc-a9ff-8a55c0682267	91550083791	True	True	False	True	"{""derivatives/dandiset-000620/sub-Elgar/sub-Elgar_ses-2022-09-10_ecephys/pipeline-aind+ephys/version-v1.2.2_codebase-v0.3.27_params-1cbdbee_config-0d4bf36_attempt-1/dataset_description.json"": ""e3a23329-8ca5-4ddc-8074-474cb1f3a2e5""}"		"{""derivatives/dandiset-000620/sub-Elgar/sub-Elgar_ses-2022-09-10_ecephys/pipeline-aind+ephys/version-v1.2.2_codebase-v0.3.27_params-1cbdbee_config-0d4bf36_attempt-1/logs/dag.html"": ""374d93d6-f54a-49e3-9bd4-23cc49c2e489"", ""derivatives/dandiset-000620/sub-Elgar/sub-Elgar_ses-2022-09-10_ecephys/pipeline-aind+ephys/version-v1.2.2_codebase-v0.3.27_params-1cbdbee_config-0d4bf36_attempt-1/logs/job-15532984_slurm.log"": ""6daf9e2a-74b1-4659-b588-a4cd1f0cb636"", ""derivatives/dandiset-000620/sub-Elgar/sub-Elgar_ses-2022-09-10_ecephys/pipeline-aind+ephys/version-v1.2.2_codebase-v0.3.27_params-1cbdbee_config-0d4bf36_attempt-1/logs/nextflow.log"": ""b1d79d9c-eff5-4523-941e-07a7ce223b4b"", ""derivatives/dandiset-000620/sub-Elgar/sub-Elgar_ses-2022-09-10_ecephys/pipeline-aind+ephys/version-v1.2.2_codebase-v0.3.27_params-1cbdbee_config-0d4bf36_attempt-1/logs/report.html"": ""12ba4572-342c-4d63-9478-285985e14411"", ""derivatives/dandiset-000620/sub-Elgar/sub-Elgar_ses-2022-09-10_ecephys/pipeline-aind+ephys/version-v1.2.2_codebase-v0.3.27_params-1cbdbee_config-0d4bf36_attempt-1/logs/timeline.html"": ""a16d4b56-d6ba-44c6-81d1-17f21f562aff"", ""derivatives/dandiset-000620/sub-Elgar/sub-Elgar_ses-2022-09-10_ecephys/pipeline-aind+ephys/version-v1.2.2_codebase-v0.3.27_params-1cbdbee_config-0d4bf36_attempt-1/logs/trace.txt"": ""e03560b8-ddf0-4203-8d12-07266a37cce4""}"	2026-09-08T17:31:03.740276-04:00	2026-09-08T17:31:05.041975-04:00
000620	sub-Elgar/sub-Elgar_ses-2022-09-13_ecephys.nwb	aind+ephys	v1.2.4	1cbdbee	7940dfd	1	v0.3.49	28401a4e-732a-4ee2-ba46-ba17148145c5	29536081763	True	True	False	True	"{""derivatives/dandiset-000620/sub-Elgar/sub-Elgar_ses-2022-09-13_ecephys/pipeline-aind+ephys/version-v1.2.4_codebase-v0.3.49_params-1cbdbee_config-7940dfd_attempt-1/dataset_description.json"": ""16fe26ed-01ac-4501-97aa-cb9a3ad8c9f6""}"		"{""derivatives/dandiset-000620/sub-Elgar/sub-Elgar_ses-2022-09-13_ecephys/pipeline-aind+ephys/version-v1.2.4_codebase-v0.3.49_params-1cbdbee_config-7940dfd_attempt-1/logs/dag.html"": ""374d93d6-f54a-49e3-9bd4-23cc49c2e489"", ""derivatives/dandiset-000620/sub-Elgar/sub-Elgar_ses-2022-09-13_ecephys/pipeline-aind+ephys/version-v1.2.4_codebase-v0.3.49_params-1cbdbee_config-7940dfd_attempt-1/logs/job-17947786_slurm.log"": ""79482e83-96df-46ee-a83c-d81a8cc6c588"", ""derivatives/dandiset-000620/sub-Elgar/sub-Elgar_ses-2022-09-13_ecephys/pipeline-aind+ephys/version-v1.2.4_codebase-v0.3.49_params-1cbdbee_config-7940dfd_attempt-1/logs/nextflow.log"": ""d5cfe8af-adcc-4990-bbfd-11985873b4e1"", ""derivatives/dandiset-000620/sub-Elgar/sub-Elgar_ses-2022-09-13_ecephys/pipeline-aind+ephys/version-v1.2.4_codebase-v0.3.49_params-1cbdbee_config-7940dfd_attempt-1/logs/report.html"": ""edb71072-f29b-4741-b508-427adff3bc25"", ""derivatives/dandiset-000620/sub-Elgar/sub-Elgar_ses-2022-09-13_ecephys/pipeline-aind+ephys/version-v1.2.4_codebase-v0.3.49_params-1cbdbee_config-7940dfd_attempt-1/logs/timeline.html"": ""1de16fef-cb89-49d9-af43-b5ab23ee4206"", ""derivatives/dandiset-000620/sub-Elgar/sub-Elgar_ses-2022-09-13_ecephys/pipeline-aind+ephys/version-v1.2.4_codebase-v0.3.49_params-1cbdbee_config-7940dfd_attempt-1/logs/trace.txt"": ""ffa93f76-f20b-40c3-bea3-98a927dba499""}"	2026-09-08T17:31:17.032432-04:00	2026-09-08T17:31:18.058383-04:00
000620	sub-Elgar/sub-Elgar_ses-2022-09-14_ecephys.nwb	aind+ephys	v1.2.4	1cbdbee	7940dfd	1	v0.3.49	24999746-90d5-4c5c-ab52-b8b520c7b5e8	7796389648	True	True	False	False	"{""derivatives/dandiset-000620/sub-Elgar/sub-Elgar_ses-2022-09-14_ecephys/pipeline-aind+ephys/version-v1.2.4_codebase-v0.3.49_params-1cbdbee_config-7940dfd_attempt-1/dataset_description.json"": ""16fe26ed-01ac-4501-97aa-cb9a3ad8c9f6""}"			2026-09-09T09:30:43.979654-04:00	
000620	sub-Elgar/sub-Elgar_ses-2022-09-19_ecephys.nwb	aind+ephys	v1.2.4	1cbdbee	7940dfd	1	v0.3.49	9c6647d9-e16a-4cf3-9d18-5242c41ea56f	78274489095	True	True	False	True	"{""derivatives/dandiset-000620/sub-Elgar/sub-Elgar_ses-2022-09-19_ecephys/pipeline-aind+ephys/version-v1.2.4_codebase-v0.3.49_params-1cbdbee_config-7940dfd_attempt-1/dataset_description.json"": ""16fe26ed-01ac-4501-97aa-cb9a3ad8c9f6""}"		"{""derivatives/dandiset-000620/sub-Elgar/sub-Elgar_ses-2022-09-19_ecephys/pipeline-aind+ephys/version-v1.2.4_codebase-v0.3.49_params-1cbdbee_config-7940dfd_attempt-1/logs/dag.html"": ""374d93d6-f54a-49e3-9bd4-23cc49c2e489"", ""derivatives/dandiset-000620/sub-Elgar/sub-Elgar_ses-2022-09-19_ecephys/pipeline-aind+ephys/version-v1.2.4_codebase-v0.3.49_params-1cbdbee_config-7940dfd_attempt-1/logs/job-18680249_slurm.log"": ""b25c206e-183f-4515-8283-aaab869973c9"", ""derivatives/dandiset-000620/sub-Elgar/sub-Elgar_ses-2022-09-19_ecephys/pipeline-aind+ephys/version-v1.2.4_codebase-v0.3.49_params-1cbdbee_config-7940dfd_attempt-1/logs/nextflow.log"": ""7b01a0fc-a344-49ac-859e-455661eb36a3"", ""derivatives/dandiset-000620/sub-Elgar/sub-Elgar_ses-2022-09-19_ecephys/pipeline-aind+ephys/version-v1.2.4_codebase-v0.3.49_params-1cbdbee_config-7940dfd_attempt-1/logs/report.html"": ""79984224-6ec3-4c9e-97bc-1f7767c63ebc"", ""derivatives/dandiset-000620/sub-Elgar/sub-Elgar_ses-2022-09-19_ecephys/pipeline-aind+ephys/version-v1.2.4_codebase-v0.3.49_params-1cbdbee_config-7940dfd_attempt-1/logs/timeline.html"": ""950eb35c-666b-4960-b791-ed70d518351c"", ""derivatives/dandiset-000620/sub-Elgar/sub-Elgar_ses-2022-09-19_ecephys/pipeline-aind+ephys/version-v1.2.4_codebase-v0.3.49_params-1cbdbee_config-7940dfd_attempt-1/logs/trace.txt"": ""f7c75cde-b7ae-4e45-9eb0-44942a590a6d""}"	2026-09-08T17:31:28.678079-04:00	2026-09-08T17:31:29.763061-04:00
000620	sub-Perle/sub-Perle_ses-2022-05-26_ecephys.nwb	aind+ephys	v1.2.2	1cbdbee	7940dfd	1	v0.3.28	b26c0c44-02db-4719-abe4-59b906732ca9	82500222361	True	True	False	True	"{""derivatives/dandiset-000620/sub-Perle/sub-Perle_ses-2022-05-26_ecephys/pipeline-aind+ephys/version-v1.2.2_codebase-v0.3.28_params-1cbdbee_config-7940dfd_attempt-1/dataset_description.json"": ""d933aa91-aa00-4d09-8460-84c0c07ce111""}"		"{""derivatives/dandiset-000620/sub-Perle/sub-Perle_ses-2022-05-26_ecephys/pipeline-aind+ephys/version-v1.2.2_codebase-v0.3.28_params-1cbdbee_config-7940dfd_attempt-1/logs/dag.html"": ""374d93d6-f54a-49e3-9bd4-23cc49c2e489"", ""derivatives/dandiset-000620/sub-Perle/sub-Perle_ses-2022-05-26_ecephys/pipeline-aind+ephys/version-v1.2.2_codebase-v0.3.28_params-1cbdbee_config-7940dfd_attempt-1/logs/job-15548610_slurm.log"": ""aec5a777-0c69-43cd-a15b-9beef88294f4"", ""derivatives/dandiset-000620/sub-Perle/sub-Perle_ses-2022-05-26_ecephys/pipeline-aind+ephys/version-v1.2.2_codebase-v0.3.28_params-1cbdbee_config-7940dfd_attempt-1/logs/nextflow.log"": ""a5742c43-5987-4eb2-a2f5-d41e4cb30653"", ""derivatives/dandiset-000620/sub-Perle/sub-Perle_ses-2022-05-26_ecephys/pipeline-aind+ephys/version-v1.2.2_codebase-v0.3.28_params-1cbdbee_config-7940dfd_attempt-1/logs/report.html"": ""eeb74389-ce85-4fe1-8930-22454bb6531e"", ""derivatives/dandiset-000620/sub-Perle/sub-Perle_ses-2022-05-26_ecephys/pipeline-aind+ephys/version-v1.2.2_codebase-v0.3.28_params-1cbdbee_config-7940dfd_attempt-1/logs/timeline.html"": ""cadacb7a-a321-460b-9490-5986679c76e2"", ""derivatives/dandiset-000620/sub-Perle/sub-Perle_ses-2022-05-26_ecephys/pipeline-aind+ephys/version-v1.2.2_codebase-v0.3.28_params-1cbdbee_config-7940dfd_attempt-1/logs/trace.txt"": ""06ef6b7c-ca5f-45a7-ba54-22386190f1ed""}"	2026-09-08T17:31:39.972428-04:00	2026-09-08T17:31:41.105294-04:00
000620	sub-Perle/sub-Perle_ses-2022-05-27_ecephys.nwb	aind+ephys	v1.2.4	1cbdbee	7940dfd	1	v0.3.39	444d8580-a38a-4722-8d9c-aeb47e2dc2fd	98756207136	True	True	False	True	"{""derivatives/dandiset-000620/sub-Perle/sub-Perle_ses-2022-05-27_ecephys/pipeline-aind+ephys/version-v1.2.4_codebase-v0.3.39_params-1cbdbee_config-7940dfd_attempt-1/dataset_description.json"": ""cb4cec72-f7de-47e8-9d34-532c1d2a31e1""}"		"{""derivatives/dandiset-000620/sub-Perle/sub-Perle_ses-2022-05-27_ecephys/pipeline-aind+ephys/version-v1.2.4_codebase-v0.3.39_params-1cbdbee_config-7940dfd_attempt-1/logs/job-16168926_slurm.log"": ""995632c3-fec2-472f-8d04-0d1dad7476cb"", ""derivatives/dandiset-000620/sub-Perle/sub-Perle_ses-2022-05-27_ecephys/pipeline-aind+ephys/version-v1.2.4_codebase-v0.3.39_params-1cbdbee_config-7940dfd_attempt-1/logs/nextflow.log"": ""78bfc10f-3473-4c67-a10a-f41ef4d04d7d""}"	2026-06-21T15:32:50.166099-04:00	2026-06-21T15:32:50.675251-04:00
000620	sub-Perle/sub-Perle_ses-2022-05-27_ecephys.nwb	aind+ephys	v1.2.4	1cbdbee	7940dfd	1	v0.3.42	444d8580-a38a-4722-8d9c-aeb47e2dc2fd	98756207136	True	True	False	True	"{""derivatives/dandiset-000620/sub-Perle/sub-Perle_ses-2022-05-27_ecephys/pipeline-aind+ephys/version-v1.2.4_codebase-v0.3.42_params-1cbdbee_config-7940dfd_attempt-1/dataset_description.json"": ""f18b6a23-9a63-4df4-9aab-cf3dfef28701""}"		"{""derivatives/dandiset-000620/sub-Perle/sub-Perle_ses-2022-05-27_ecephys/pipeline-aind+ephys/version-v1.2.4_codebase-v0.3.42_params-1cbdbee_config-7940dfd_attempt-1/logs/job-16290463_slurm.log"": ""a5785871-6b9d-4431-b780-4a22ebd907bc"", ""derivatives/dandiset-000620/sub-Perle/sub-Perle_ses-2022-05-27_ecephys/pipeline-aind+ephys/version-v1.2.4_codebase-v0.3.42_params-1cbdbee_config-7940dfd_attempt-1/logs/nextflow.log"": ""ba96ebfe-70bd-40bf-bc23-c4405f3eed93""}"	2026-06-22T20:12:33.443047-04:00	2026-06-22T20:12:33.853736-04:00
000620	sub-Perle/sub-Perle_ses-2022-05-27_ecephys.nwb	aind+ephys	v1.2.4	1cbdbee	7940dfd	2	v0.3.39	444d8580-a38a-4722-8d9c-aeb47e2dc2fd	98756207136	True	True	False	True	"{""derivatives/dandiset-000620/sub-Perle/sub-Perle_ses-2022-05-27_ecephys/pipeline-aind+ephys/version-v1.2.4_codebase-v0.3.39_params-1cbdbee_config-7940dfd_attempt-2/dataset_description.json"": ""cb4cec72-f7de-47e8-9d34-532c1d2a31e1""}"		"{""derivatives/dandiset-000620/sub-Perle/sub-Perle_ses-2022-05-27_ecephys/pipeline-aind+ephys/version-v1.2.4_codebase-v0.3.39_params-1cbdbee_config-7940dfd_attempt-2/logs/dag.html"": ""374d93d6-f54a-49e3-9bd4-23cc49c2e489"", ""derivatives/dandiset-000620/sub-Perle/sub-Perle_ses-2022-05-27_ecephys/pipeline-aind+ephys/version-v1.2.4_codebase-v0.3.39_params-1cbdbee_config-7940dfd_attempt-2/logs/job-16168930_slurm.log"": ""752ef6c3-d6d6-4931-b97a-0c2119598408"", ""derivatives/dandiset-000620/sub-Perle/sub-Perle_ses-2022-05-27_ecephys/pipeline-aind+ephys/version-v1.2.4_codebase-v0.3.39_params-1cbdbee_config-7940dfd_attempt-2/logs/nextflow.log"": ""77de770f-2fb6-4d26-8f3d-d9d232fec46a"", ""derivatives/dandiset-000620/sub-Perle/sub-Perle_ses-2022-05-27_ecephys/pipeline-aind+ephys/version-v1.2.4_codebase-v0.3.39_params-1cbdbee_config-7940dfd_attempt-2/logs/report.html"": ""18853931-9406-45f4-9852-2ca0629df108"", ""derivatives/dandiset-000620/sub-Perle/sub-Perle_ses-2022-05-27_ecephys/pipeline-aind+ephys/version-v1.2.4_codebase-v0.3.39_params-1cbdbee_config-7940dfd_attempt-2/logs/timeline.html"": ""85672607-89a5-42c2-bdbf-22816db5ad25"", ""derivatives/dandiset-000620/sub-Perle/sub-Perle_ses-2022-05-27_ecephys/pipeline-aind+ephys/version-v1.2.4_codebase-v0.3.39_params-1cbdbee_config-7940dfd_attempt-2/logs/trace.txt"": ""53ad2a14-50b8-4dcd-b15a-59f5a7996315""}"	2026-09-08T17:31:51.564996-04:00	2026-09-08T17:31:52.718867-04:00
000620	sub-Perle/sub-Perle_ses-2022-05-27_ecephys.nwb	aind+ephys	v1.2.4	1cbdbee	7940dfd	3	v0.3.39	444d8580-a38a-4722-8d9c-aeb47e2dc2fd	98756207136	True	True	False	True	"{""derivatives/dandiset-000620/sub-Perle/sub-Perle_ses-2022-05-27_ecephys/pipeline-aind+ephys/version-v1.2.4_codebase-v0.3.39_params-1cbdbee_config-7940dfd_attempt-3/dataset_description.json"": ""cb4cec72-f7de-47e8-9d34-532c1d2a31e1""}"		"{""derivatives/dandiset-000620/sub-Perle/sub-Perle_ses-2022-05-27_ecephys/pipeline-aind+ephys/version-v1.2.4_codebase-v0.3.39_params-1cbdbee_config-7940dfd_attempt-3/logs/dag.html"": ""374d93d6-f54a-49e3-9bd4-23cc49c2e489"", ""derivatives/dandiset-000620/sub-Perle/sub-Perle_ses-2022-05-27_ecephys/pipeline-aind+ephys/version-v1.2.4_codebase-v0.3.39_params-1cbdbee_config-7940dfd_attempt-3/logs/job-16195057_slurm.log"": ""1482be8a-e2e2-4bf0-b476-7d4549eeb0ed"", ""derivatives/dandiset-000620/sub-Perle/sub-Perle_ses-2022-05-27_ecephys/pipeline-aind+ephys/version-v1.2.4_codebase-v0.3.39_params-1cbdbee_config-7940dfd_attempt-3/logs/nextflow.log"": ""4510549d-5638-4059-a153-92fa42a85d99"", ""derivatives/dandiset-000620/sub-Perle/sub-Perle_ses-2022-05-27_ecephys/pipeline-aind+ephys/version-v1.2.4_codebase-v0.3.39_params-1cbdbee_config-7940dfd_attempt-3/logs/report.html"": ""3ae9cf92-db08-46ac-8c9f-17b465abe9bf"", ""derivatives/dandiset-000620/sub-Perle/sub-Perle_ses-2022-05-27_ecephys/pipeline-aind+ephys/version-v1.2.4_codebase-v0.3.39_params-1cbdbee_config-7940dfd_attempt-3/logs/timeline.html"": ""110dccac-34b9-455a-ae56-c35cde0731dd"", ""derivatives/dandiset-000620/sub-Perle/sub-Perle_ses-2022-05-27_ecephys/pipeline-aind+ephys/version-v1.2.4_codebase-v0.3.39_params-1cbdbee_config-7940dfd_attempt-3/logs/trace.txt"": ""62768ea9-95dc-4f66-bc64-ebcd9f3f9a2f""}"	2026-09-08T17:32:03.170887-04:00	2026-09-08T17:32:04.401392-04:00
000620	sub-Perle/sub-Perle_ses-2022-05-27_ecephys.nwb	aind+ephys	v1.2.4	1cbdbee	7940dfd	1	v0.3.43	444d8580-a38a-4722-8d9c-aeb47e2dc2fd	98756207136	True	True	False	True	"{""derivatives/dandiset-000620/sub-Perle/sub-Perle_ses-2022-05-27_ecephys/pipeline-aind+ephys/version-v1.2.4_codebase-v0.3.43_params-1cbdbee_config-7940dfd_attempt-1/dataset_description.json"": ""6f27c55a-a1c4-44fd-bd59-9d680cf07bee""}"		"{""derivatives/dandiset-000620/sub-Perle/sub-Perle_ses-2022-05-27_ecephys/pipeline-aind+ephys/version-v1.2.4_codebase-v0.3.43_params-1cbdbee_config-7940dfd_attempt-1/logs/dag.html"": ""374d93d6-f54a-49e3-9bd4-23cc49c2e489"", ""derivatives/dandiset-000620/sub-Perle/sub-Perle_ses-2022-05-27_ecephys/pipeline-aind+ephys/version-v1.2.4_codebase-v0.3.43_params-1cbdbee_config-7940dfd_attempt-1/logs/job-16336521_slurm.log"": ""e9176c7a-b7d9-4bf7-a341-961aa51889b6"", ""derivatives/dandiset-000620/sub-Perle/sub-Perle_ses-2022-05-27_ecephys/pipeline-aind+ephys/version-v1.2.4_codebase-v0.3.43_params-1cbdbee_config-7940dfd_attempt-1/logs/nextflow.log"": ""6c5f3e91-453a-4901-ae2d-351a378fe1a1"", ""derivatives/dandiset-000620/sub-Perle/sub-Perle_ses-2022-05-27_ecephys/pipeline-aind+ephys/version-v1.2.4_codebase-v0.3.43_params-1cbdbee_config-7940dfd_attempt-1/logs/report.html"": ""5b7adca2-1d88-466c-a221-f53a193238a9"", ""derivatives/dandiset-000620/sub-Perle/sub-Perle_ses-2022-05-27_ecephys/pipeline-aind+ephys/version-v1.2.4_codebase-v0.3.43_params-1cbdbee_config-7940dfd_attempt-1/logs/timeline.html"": ""a2040b75-28f7-4067-a677-aeddf679c257"", ""derivatives/dandiset-000620/sub-Perle/sub-Perle_ses-2022-05-27_ecephys/pipeline-aind+ephys/version-v1.2.4_codebase-v0.3.43_params-1cbdbee_config-7940dfd_attempt-1/logs/trace.txt"": ""98aa41bb-fe63-4f05-acbd-4e76f99ad157""}"	2026-09-08T17:32:14.879492-04:00	2026-09-08T17:32:16.025573-04:00
000620	sub-Perle/sub-Perle_ses-2022-05-28_ecephys.nwb	aind+ephys	v1.2.4	1cbdbee	7940dfd	1	v0.3.46	8b7d0168-fb16-4702-8e98-d4d67adb8167	116584848038	True	True	False	True	"{""derivatives/dandiset-000620/sub-Perle/sub-Perle_ses-2022-05-28_ecephys/pipeline-aind+ephys/version-v1.2.4_codebase-v0.3.46_params-1cbdbee_config-7940dfd_attempt-1/dataset_description.json"": ""a1e0f6b4-6770-46b3-86a0-011ce6aac50e""}"		"{""derivatives/dandiset-000620/sub-Perle/sub-Perle_ses-2022-05-28_ecephys/pipeline-aind+ephys/version-v1.2.4_codebase-v0.3.46_params-1cbdbee_config-7940dfd_attempt-1/logs/dag.html"": ""374d93d6-f54a-49e3-9bd4-23cc49c2e489"", ""derivatives/dandiset-000620/sub-Perle/sub-Perle_ses-2022-05-28_ecephys/pipeline-aind+ephys/version-v1.2.4_codebase-v0.3.46_params-1cbdbee_config-7940dfd_attempt-1/logs/job-16603787_slurm.log"": ""3d356b84-d71f-4e22-bf41-e3284a83e67e"", ""derivatives/dandiset-000620/sub-Perle/sub-Perle_ses-2022-05-28_ecephys/pipeline-aind+ephys/version-v1.2.4_codebase-v0.3.46_params-1cbdbee_config-7940dfd_attempt-1/logs/nextflow.log"": ""939c7101-4505-4518-8a38-66b53f010784"", ""derivatives/dandiset-000620/sub-Perle/sub-Perle_ses-2022-05-28_ecephys/pipeline-aind+ephys/version-v1.2.4_codebase-v0.3.46_params-1cbdbee_config-7940dfd_attempt-1/logs/report.html"": ""7fb752bd-4608-49a1-89c0-feda64ee0763"", ""derivatives/dandiset-000620/sub-Perle/sub-Perle_ses-2022-05-28_ecephys/pipeline-aind+ephys/version-v1.2.4_codebase-v0.3.46_params-1cbdbee_config-7940dfd_attempt-1/logs/timeline.html"": ""938061eb-bf4a-461c-ab69-ea30ffcd9123"", ""derivatives/dandiset-000620/sub-Perle/sub-Perle_ses-2022-05-28_ecephys/pipeline-aind+ephys/version-v1.2.4_codebase-v0.3.46_params-1cbdbee_config-7940dfd_attempt-1/logs/trace.txt"": ""0acfd857-379d-4977-a94c-7c49ba73bef1""}"	2026-09-08T17:32:26.596336-04:00	2026-09-08T17:32:27.786201-04:00
000620	sub-Perle/sub-Perle_ses-2022-05-29_ecephys.nwb	aind+ephys	v1.2.4	1cbdbee	7940dfd	1	v0.3.43	5db9ed63-7819-401e-92ba-a9517fe29961	119287163053	True	True	False	True	"{""derivatives/dandiset-000620/sub-Perle/sub-Perle_ses-2022-05-29_ecephys/pipeline-aind+ephys/version-v1.2.4_codebase-v0.3.43_params-1cbdbee_config-7940dfd_attempt-1/dataset_description.json"": ""6f27c55a-a1c4-44fd-bd59-9d680cf07bee""}"		"{""derivatives/dandiset-000620/sub-Perle/sub-Perle_ses-2022-05-29_ecephys/pipeline-aind+ephys/version-v1.2.4_codebase-v0.3.43_params-1cbdbee_config-7940dfd_attempt-1/logs/dag.html"": ""374d93d6-f54a-49e3-9bd4-23cc49c2e489"", ""derivatives/dandiset-000620/sub-Perle/sub-Perle_ses-2022-05-29_ecephys/pipeline-aind+ephys/version-v1.2.4_codebase-v0.3.43_params-1cbdbee_config-7940dfd_attempt-1/logs/job-16417369_slurm.log"": ""de4760a7-0744-42d3-add4-2b8affcafae2"", ""derivatives/dandiset-000620/sub-Perle/sub-Perle_ses-2022-05-29_ecephys/pipeline-aind+ephys/version-v1.2.4_codebase-v0.3.43_params-1cbdbee_config-7940dfd_attempt-1/logs/nextflow.log"": ""2f20cc29-426d-45ed-9318-9f378f07852b"", ""derivatives/dandiset-000620/sub-Perle/sub-Perle_ses-2022-05-29_ecephys/pipeline-aind+ephys/version-v1.2.4_codebase-v0.3.43_params-1cbdbee_config-7940dfd_attempt-1/logs/report.html"": ""6c8993af-f687-4507-87e2-c8b5ab99e0ca"", ""derivatives/dandiset-000620/sub-Perle/sub-Perle_ses-2022-05-29_ecephys/pipeline-aind+ephys/version-v1.2.4_codebase-v0.3.43_params-1cbdbee_config-7940dfd_attempt-1/logs/timeline.html"": ""e9659cb9-62f7-433a-abb8-d2ce6a7a3cca"", ""derivatives/dandiset-000620/sub-Perle/sub-Perle_ses-2022-05-29_ecephys/pipeline-aind+ephys/version-v1.2.4_codebase-v0.3.43_params-1cbdbee_config-7940dfd_attempt-1/logs/trace.txt"": ""250bce21-0853-497f-acf5-7785680bb3d2""}"	2026-09-08T17:32:38.387726-04:00	2026-09-08T17:32:39.586409-04:00
000620	sub-Perle/sub-Perle_ses-2022-06-01_ecephys.nwb	aind+ephys	v1.2.4	1cbdbee	7940dfd	1	v0.3.46	ba477a41-126c-4399-a4a7-fb714ec7bba4	131523389552	True	True	False	True	"{""derivatives/dandiset-000620/sub-Perle/sub-Perle_ses-2022-06-01_ecephys/pipeline-aind+ephys/version-v1.2.4_codebase-v0.3.46_params-1cbdbee_config-7940dfd_attempt-1/dataset_description.json"": ""a1e0f6b4-6770-46b3-86a0-011ce6aac50e""}"		"{""derivatives/dandiset-000620/sub-Perle/sub-Perle_ses-2022-06-01_ecephys/pipeline-aind+ephys/version-v1.2.4_codebase-v0.3.46_params-1cbdbee_config-7940dfd_attempt-1/logs/dag.html"": ""374d93d6-f54a-49e3-9bd4-23cc49c2e489"", ""derivatives/dandiset-000620/sub-Perle/sub-Perle_ses-2022-06-01_ecephys/pipeline-aind+ephys/version-v1.2.4_codebase-v0.3.46_params-1cbdbee_config-7940dfd_attempt-1/logs/job-16607071_slurm.log"": ""5fb52d4e-4cb9-4148-b2fd-d19528d01b1a"", ""derivatives/dandiset-000620/sub-Perle/sub-Perle_ses-2022-06-01_ecephys/pipeline-aind+ephys/version-v1.2.4_codebase-v0.3.46_params-1cbdbee_config-7940dfd_attempt-1/logs/nextflow.log"": ""c733a01e-fd1e-4877-8d31-a6140184110f"", ""derivatives/dandiset-000620/sub-Perle/sub-Perle_ses-2022-06-01_ecephys/pipeline-aind+ephys/version-v1.2.4_codebase-v0.3.46_params-1cbdbee_config-7940dfd_attempt-1/logs/report.html"": ""8e3f4a53-22d3-4dbe-a1b5-08074d5fffa5"", ""derivatives/dandiset-000620/sub-Perle/sub-Perle_ses-2022-06-01_ecephys/pipeline-aind+ephys/version-v1.2.4_codebase-v0.3.46_params-1cbdbee_config-7940dfd_attempt-1/logs/timeline.html"": ""85a65b98-b1a1-4b6d-a4c0-3d8434a0f1ed"", ""derivatives/dandiset-000620/sub-Perle/sub-Perle_ses-2022-06-01_ecephys/pipeline-aind+ephys/version-v1.2.4_codebase-v0.3.46_params-1cbdbee_config-7940dfd_attempt-1/logs/trace.txt"": ""78af7103-eecd-41e0-a27b-c08655a1aeab""}"	2026-09-08T17:32:50.322409-04:00	2026-09-08T17:32:51.471056-04:00
000620	sub-Perle/sub-Perle_ses-2022-06-03_ecephys.nwb	aind+ephys	v1.2.4	1cbdbee	7940dfd	1	v0.3.46	5b826cb5-dc67-46c5-905c-6e0de81768a0	144526504628	True	True	False	True	"{""derivatives/dandiset-000620/sub-Perle/sub-Perle_ses-2022-06-03_ecephys/pipeline-aind+ephys/version-v1.2.4_codebase-v0.3.46_params-1cbdbee_config-7940dfd_attempt-1/dataset_description.json"": ""a1e0f6b4-6770-46b3-86a0-011ce6aac50e""}"		"{""derivatives/dandiset-000620/sub-Perle/sub-Perle_ses-2022-06-03_ecephys/pipeline-aind+ephys/version-v1.2.4_codebase-v0.3.46_params-1cbdbee_config-7940dfd_attempt-1/logs/dag.html"": ""374d93d6-f54a-49e3-9bd4-23cc49c2e489"", ""derivatives/dandiset-000620/sub-Perle/sub-Perle_ses-2022-06-03_ecephys/pipeline-aind+ephys/version-v1.2.4_codebase-v0.3.46_params-1cbdbee_config-7940dfd_attempt-1/logs/job-16608635_slurm.log"": ""219ebdda-1839-4d50-bbb3-8ed41015a17c"", ""derivatives/dandiset-000620/sub-Perle/sub-Perle_ses-2022-06-03_ecephys/pipeline-aind+ephys/version-v1.2.4_codebase-v0.3.46_params-1cbdbee_config-7940dfd_attempt-1/logs/nextflow.log"": ""4760eae9-b8b7-49bb-beb3-ac47c45a9ed9"", ""derivatives/dandiset-000620/sub-Perle/sub-Perle_ses-2022-06-03_ecephys/pipeline-aind+ephys/version-v1.2.4_codebase-v0.3.46_params-1cbdbee_config-7940dfd_attempt-1/logs/report.html"": ""1029e2bf-52af-48ea-98bf-3141add3e9d6"", ""derivatives/dandiset-000620/sub-Perle/sub-Perle_ses-2022-06-03_ecephys/pipeline-aind+ephys/version-v1.2.4_codebase-v0.3.46_params-1cbdbee_config-7940dfd_attempt-1/logs/timeline.html"": ""00f5fb4a-bed9-48a5-ba07-a3799e46ca74"", ""derivatives/dandiset-000620/sub-Perle/sub-Perle_ses-2022-06-03_ecephys/pipeline-aind+ephys/version-v1.2.4_codebase-v0.3.46_params-1cbdbee_config-7940dfd_attempt-1/logs/trace.txt"": ""7312cf74-1d59-481e-b07e-b078b8d8b084""}"	2026-09-08T17:33:02.261541-04:00	2026-09-08T17:33:03.478846-04:00
000620	sub-Perle/sub-Perle_ses-2022-06-05_ecephys.nwb	aind+ephys	v1.2.2	1cbdbee	7940dfd	1	v0.3.28	92d1f720-124e-4195-9055-0e3ae3e812a2	105824122356	True	True	False	True	"{""derivatives/dandiset-000620/sub-Perle/sub-Perle_ses-2022-06-05_ecephys/pipeline-aind+ephys/version-v1.2.2_codebase-v0.3.28_params-1cbdbee_config-7940dfd_attempt-1/dataset_description.json"": ""d933aa91-aa00-4d09-8460-84c0c07ce111""}"		"{""derivatives/dandiset-000620/sub-Perle/sub-Perle_ses-2022-06-05_ecephys/pipeline-aind+ephys/version-v1.2.2_codebase-v0.3.28_params-1cbdbee_config-7940dfd_attempt-1/logs/dag.html"": ""374d93d6-f54a-49e3-9bd4-23cc49c2e489"", ""derivatives/dandiset-000620/sub-Perle/sub-Perle_ses-2022-06-05_ecephys/pipeline-aind+ephys/version-v1.2.2_codebase-v0.3.28_params-1cbdbee_config-7940dfd_attempt-1/logs/job-15657097_slurm.log"": ""8c587e66-617b-4c77-8a2f-a98bc7409b24"", ""derivatives/dandiset-000620/sub-Perle/sub-Perle_ses-2022-06-05_ecephys/pipeline-aind+ephys/version-v1.2.2_codebase-v0.3.28_params-1cbdbee_config-7940dfd_attempt-1/logs/nextflow.log"": ""474e1466-3046-48cd-b8bc-2e7467963ebd"", ""derivatives/dandiset-000620/sub-Perle/sub-Perle_ses-2022-06-05_ecephys/pipeline-aind+ephys/version-v1.2.2_codebase-v0.3.28_params-1cbdbee_config-7940dfd_attempt-1/logs/report.html"": ""434f4847-52eb-4e0e-bdf2-5dcc1dbfefcf"", ""derivatives/dandiset-000620/sub-Perle/sub-Perle_ses-2022-06-05_ecephys/pipeline-aind+ephys/version-v1.2.2_codebase-v0.3.28_params-1cbdbee_config-7940dfd_attempt-1/logs/timeline.html"": ""e1f96041-b316-4387-8adc-42e1f1eac9a4"", ""derivatives/dandiset-000620/sub-Perle/sub-Perle_ses-2022-06-05_ecephys/pipeline-aind+ephys/version-v1.2.2_codebase-v0.3.28_params-1cbdbee_config-7940dfd_attempt-1/logs/trace.txt"": ""07e0b87b-001f-4821-bd80-aacae74340f1""}"	2026-09-08T17:33:14.192406-04:00	2026-09-08T17:33:15.274395-04:00
000620	sub-Perle/sub-Perle_ses-2022-06-07_ecephys.nwb	aind+ephys	v1.2.4	1cbdbee	7940dfd	1	v0.3.49	db542d25-ecb9-4a27-a784-548f38deffa4	96651697518	True	True	False	True	"{""derivatives/dandiset-000620/sub-Perle/sub-Perle_ses-2022-06-07_ecephys/pipeline-aind+ephys/version-v1.2.4_codebase-v0.3.49_params-1cbdbee_config-7940dfd_attempt-1/dataset_description.json"": ""16fe26ed-01ac-4501-97aa-cb9a3ad8c9f6""}"		"{""derivatives/dandiset-000620/sub-Perle/sub-Perle_ses-2022-06-07_ecephys/pipeline-aind+ephys/version-v1.2.4_codebase-v0.3.49_params-1cbdbee_config-7940dfd_attempt-1/logs/dag.html"": ""374d93d6-f54a-49e3-9bd4-23cc49c2e489"", ""derivatives/dandiset-000620/sub-Perle/sub-Perle_ses-2022-06-07_ecephys/pipeline-aind+ephys/version-v1.2.4_codebase-v0.3.49_params-1cbdbee_config-7940dfd_attempt-1/logs/job-17545963_slurm.log"": ""ca7cfbb7-8d21-4465-a74d-f85de1db3b48"", ""derivatives/dandiset-000620/sub-Perle/sub-Perle_ses-2022-06-07_ecephys/pipeline-aind+ephys/version-v1.2.4_codebase-v0.3.49_params-1cbdbee_config-7940dfd_attempt-1/logs/nextflow.log"": ""ea07d9f9-e941-4f15-b399-500718e98882"", ""derivatives/dandiset-000620/sub-Perle/sub-Perle_ses-2022-06-07_ecephys/pipeline-aind+ephys/version-v1.2.4_codebase-v0.3.49_params-1cbdbee_config-7940dfd_attempt-1/logs/report.html"": ""d4c321a4-3e58-4653-aa38-3d62dff02008"", ""derivatives/dandiset-000620/sub-Perle/sub-Perle_ses-2022-06-07_ecephys/pipeline-aind+ephys/version-v1.2.4_codebase-v0.3.49_params-1cbdbee_config-7940dfd_attempt-1/logs/timeline.html"": ""60563344-84db-4cf7-a5db-f1f0ba683ebb"", ""derivatives/dandiset-000620/sub-Perle/sub-Perle_ses-2022-06-07_ecephys/pipeline-aind+ephys/version-v1.2.4_codebase-v0.3.49_params-1cbdbee_config-7940dfd_attempt-1/logs/trace.txt"": ""f2b08fe9-16a9-4a73-8d5b-d0c8be0f5cc1""}"	2026-09-08T17:33:25.969318-04:00	2026-09-08T17:33:27.139336-04:00
000620	sub-Perle/sub-Perle_ses-2022-06-19_ecephys.nwb	aind+ephys	v1.2.2	1cbdbee	7940dfd	1	v0.3.28	52990181-9255-4c94-859a-9639b17b9db8	176153268625	True	True	False	True	"{""derivatives/dandiset-000620/sub-Perle/sub-Perle_ses-2022-06-19_ecephys/pipeline-aind+ephys/version-v1.2.2_codebase-v0.3.28_params-1cbdbee_config-7940dfd_attempt-1/dataset_description.json"": ""d933aa91-aa00-4d09-8460-84c0c07ce111""}"		"{""derivatives/dandiset-000620/sub-Perle/sub-Perle_ses-2022-06-19_ecephys/pipeline-aind+ephys/version-v1.2.2_codebase-v0.3.28_params-1cbdbee_config-7940dfd_attempt-1/logs/dag.html"": ""374d93d6-f54a-49e3-9bd4-23cc49c2e489"", ""derivatives/dandiset-000620/sub-Perle/sub-Perle_ses-2022-06-19_ecephys/pipeline-aind+ephys/version-v1.2.2_codebase-v0.3.28_params-1cbdbee_config-7940dfd_attempt-1/logs/job-15670896_slurm.log"": ""e1753cb6-28d4-4447-834f-5a3a3240f7a8"", ""derivatives/dandiset-000620/sub-Perle/sub-Perle_ses-2022-06-19_ecephys/pipeline-aind+ephys/version-v1.2.2_codebase-v0.3.28_params-1cbdbee_config-7940dfd_attempt-1/logs/nextflow.log"": ""a736813f-b1da-47d7-8ff7-f3c0bc031e51"", ""derivatives/dandiset-000620/sub-Perle/sub-Perle_ses-2022-06-19_ecephys/pipeline-aind+ephys/version-v1.2.2_codebase-v0.3.28_params-1cbdbee_config-7940dfd_attempt-1/logs/report.html"": ""a1d170e7-4f6f-4491-ab04-fdb907bdbc92"", ""derivatives/dandiset-000620/sub-Perle/sub-Perle_ses-2022-06-19_ecephys/pipeline-aind+ephys/version-v1.2.2_codebase-v0.3.28_params-1cbdbee_config-7940dfd_attempt-1/logs/timeline.html"": ""df690ad3-0c79-46c2-b625-01f69369f1dc"", ""derivatives/dandiset-000620/sub-Perle/sub-Perle_ses-2022-06-19_ecephys/pipeline-aind+ephys/version-v1.2.2_codebase-v0.3.28_params-1cbdbee_config-7940dfd_attempt-1/logs/trace.txt"": ""b443d62a-a1f2-4360-84c0-6349878016d5""}"	2026-09-08T17:33:38.074122-04:00	2026-09-08T17:33:39.168927-04:00
000687	sub-swil105/sub-swil105_ses-20220415T160508_ecephys.nwb	aind+ephys	v1.2.4	1cbdbee	7940dfd	1	v0.3.49	faa0f17c-67e3-41f0-87c8-daddfecc4025	490618430433	True	True	False	True	"{""derivatives/dandiset-000687/sub-swil105/sub-swil105_ses-20220415T160508_ecephys/pipeline-aind+ephys/version-v1.2.4_codebase-v0.3.49_params-1cbdbee_config-7940dfd_attempt-1/dataset_description.json"": ""dc274686-5bc5-456b-b442-6221722d1813""}"		"{""derivatives/dandiset-000687/sub-swil105/sub-swil105_ses-20220415T160508_ecephys/pipeline-aind+ephys/version-v1.2.4_codebase-v0.3.49_params-1cbdbee_config-7940dfd_attempt-1/logs/dag.html"": ""374d93d6-f54a-49e3-9bd4-23cc49c2e489"", ""derivatives/dandiset-000687/sub-swil105/sub-swil105_ses-20220415T160508_ecephys/pipeline-aind+ephys/version-v1.2.4_codebase-v0.3.49_params-1cbdbee_config-7940dfd_attempt-1/logs/job-17565992_slurm.log"": ""b834315d-44c9-4ecd-91f2-73f1637b9336"", ""derivatives/dandiset-000687/sub-swil105/sub-swil105_ses-20220415T160508_ecephys/pipeline-aind+ephys/version-v1.2.4_codebase-v0.3.49_params-1cbdbee_config-7940dfd_attempt-1/logs/nextflow.log"": ""51b18e83-518c-4d36-a652-fb0c21416308"", ""derivatives/dandiset-000687/sub-swil105/sub-swil105_ses-20220415T160508_ecephys/pipeline-aind+ephys/version-v1.2.4_codebase-v0.3.49_params-1cbdbee_config-7940dfd_attempt-1/logs/report.html"": ""e3108ba3-79c5-4bc6-8f1b-3c3f9a50c2d6"", ""derivatives/dandiset-000687/sub-swil105/sub-swil105_ses-20220415T160508_ecephys/pipeline-aind+ephys/version-v1.2.4_codebase-v0.3.49_params-1cbdbee_config-7940dfd_attempt-1/logs/timeline.html"": ""047d5b67-1c1f-426b-bfc3-dd78ca472c4a"", ""derivatives/dandiset-000687/sub-swil105/sub-swil105_ses-20220415T160508_ecephys/pipeline-aind+ephys/version-v1.2.4_codebase-v0.3.49_params-1cbdbee_config-7940dfd_attempt-1/logs/trace.txt"": ""0340d477-2f62-4dae-9661-8dcb3a79b2a7""}"	2026-09-08T17:33:50.346823-04:00	2026-09-08T17:33:51.680404-04:00
000687	sub-swil105/sub-swil105_ses-20220415T160508_ecephys.nwb	aind+ephys	v1.2.4	1cbdbee	7940dfd	2	v0.3.49	faa0f17c-67e3-41f0-87c8-daddfecc4025	490618430433	True	True	False	True	"{""derivatives/dandiset-000687/sub-swil105/sub-swil105_ses-20220415T160508_ecephys/pipeline-aind+ephys/version-v1.2.4_codebase-v0.3.49_params-1cbdbee_config-7940dfd_attempt-2/dataset_description.json"": ""dc274686-5bc5-456b-b442-6221722d1813""}"		"{""derivatives/dandiset-000687/sub-swil105/sub-swil105_ses-20220415T160508_ecephys/pipeline-aind+ephys/version-v1.2.4_codebase-v0.3.49_params-1cbdbee_config-7940dfd_attempt-2/logs/dag.html"": ""374d93d6-f54a-49e3-9bd4-23cc49c2e489"", ""derivatives/dandiset-000687/sub-swil105/sub-swil105_ses-20220415T160508_ecephys/pipeline-aind+ephys/version-v1.2.4_codebase-v0.3.49_params-1cbdbee_config-7940dfd_attempt-2/logs/job-17568867_slurm.log"": ""8d485f9f-d5a8-467e-b74c-a602b6037375"", ""derivatives/dandiset-000687/sub-swil105/sub-swil105_ses-20220415T160508_ecephys/pipeline-aind+ephys/version-v1.2.4_codebase-v0.3.49_params-1cbdbee_config-7940dfd_attempt-2/logs/nextflow.log"": ""db1add25-20a3-4bd4-aba2-09776e63cd11"", ""derivatives/dandiset-000687/sub-swil105/sub-swil105_ses-20220415T160508_ecephys/pipeline-aind+ephys/version-v1.2.4_codebase-v0.3.49_params-1cbdbee_config-7940dfd_attempt-2/logs/report.html"": ""6e034fe5-5c11-44f6-bab6-8861daf2406c"", ""derivatives/dandiset-000687/sub-swil105/sub-swil105_ses-20220415T160508_ecephys/pipeline-aind+ephys/version-v1.2.4_codebase-v0.3.49_params-1cbdbee_config-7940dfd_attempt-2/logs/timeline.html"": ""b9aea894-2a22-4c2d-ab6a-cbadc98ebffc"", ""derivatives/dandiset-000687/sub-swil105/sub-swil105_ses-20220415T160508_ecephys/pipeline-aind+ephys/version-v1.2.4_codebase-v0.3.49_params-1cbdbee_config-7940dfd_attempt-2/logs/trace.txt"": ""50752af8-a5f2-4144-87ea-9a3237d4cb79""}"	2026-09-08T17:34:03.766445-04:00	2026-09-08T17:34:05.084799-04:00
000687	sub-swil112/sub-swil112_ecephys.nwb	aind+ephys	v1.2.4	1cbdbee	7940dfd	1	v0.3.49	e44da25d-cf13-477c-9c41-4ee1ad74a64a	702390072021	True	True	False	True	"{""derivatives/dandiset-000687/sub-swil112/sub-swil112_ecephys/pipeline-aind+ephys/version-v1.2.4_codebase-v0.3.49_params-1cbdbee_config-7940dfd_attempt-1/dataset_description.json"": ""dc274686-5bc5-456b-b442-6221722d1813""}"		"{""derivatives/dandiset-000687/sub-swil112/sub-swil112_ecephys/pipeline-aind+ephys/version-v1.2.4_codebase-v0.3.49_params-1cbdbee_config-7940dfd_attempt-1/logs/dag.html"": ""374d93d6-f54a-49e3-9bd4-23cc49c2e489"", ""derivatives/dandiset-000687/sub-swil112/sub-swil112_ecephys/pipeline-aind+ephys/version-v1.2.4_codebase-v0.3.49_params-1cbdbee_config-7940dfd_attempt-1/logs/job-18958047_slurm.log"": ""f44a9dbb-8dec-4392-9abc-b722e4b3e473"", ""derivatives/dandiset-000687/sub-swil112/sub-swil112_ecephys/pipeline-aind+ephys/version-v1.2.4_codebase-v0.3.49_params-1cbdbee_config-7940dfd_attempt-1/logs/nextflow.log"": ""14891565-ccc7-4f5d-9728-8e341f3affec"", ""derivatives/dandiset-000687/sub-swil112/sub-swil112_ecephys/pipeline-aind+ephys/version-v1.2.4_codebase-v0.3.49_params-1cbdbee_config-7940dfd_attempt-1/logs/report.html"": ""7e59eb4b-909d-489d-8beb-f2433f05df35"", ""derivatives/dandiset-000687/sub-swil112/sub-swil112_ecephys/pipeline-aind+ephys/version-v1.2.4_codebase-v0.3.49_params-1cbdbee_config-7940dfd_attempt-1/logs/timeline.html"": ""bf81b9e6-c195-4c85-bff2-b17e73bf3580"", ""derivatives/dandiset-000687/sub-swil112/sub-swil112_ecephys/pipeline-aind+ephys/version-v1.2.4_codebase-v0.3.49_params-1cbdbee_config-7940dfd_attempt-1/logs/trace.txt"": ""5deb9ade-8a4d-4c3d-b64c-8082aad70ca9""}"	2026-09-08T17:34:15.712334-04:00	2026-09-08T17:34:17.163774-04:00
000687	sub-swil12/sub-swil12_ses-20220602T183004_ecephys.nwb	aind+ephys	v1.2.4	1cbdbee	7940dfd	1	v0.3.49	55f4e54c-b61d-476c-a0eb-445ae0d793cb	416134082045	True	True	False	True	"{""derivatives/dandiset-000687/sub-swil12/sub-swil12_ses-20220602T183004_ecephys/pipeline-aind+ephys/version-v1.2.4_codebase-v0.3.49_params-1cbdbee_config-7940dfd_attempt-1/dataset_description.json"": ""dc274686-5bc5-456b-b442-6221722d1813""}"		"{""derivatives/dandiset-000687/sub-swil12/sub-swil12_ses-20220602T183004_ecephys/pipeline-aind+ephys/version-v1.2.4_codebase-v0.3.49_params-1cbdbee_config-7940dfd_attempt-1/logs/dag.html"": ""374d93d6-f54a-49e3-9bd4-23cc49c2e489"", ""derivatives/dandiset-000687/sub-swil12/sub-swil12_ses-20220602T183004_ecephys/pipeline-aind+ephys/version-v1.2.4_codebase-v0.3.49_params-1cbdbee_config-7940dfd_attempt-1/logs/job-17866484_slurm.log"": ""852ef692-be78-4835-b91f-ad6a0a978a9d"", ""derivatives/dandiset-000687/sub-swil12/sub-swil12_ses-20220602T183004_ecephys/pipeline-aind+ephys/version-v1.2.4_codebase-v0.3.49_params-1cbdbee_config-7940dfd_attempt-1/logs/nextflow.log"": ""dfabecfd-359e-414e-9d35-995b71686944"", ""derivatives/dandiset-000687/sub-swil12/sub-swil12_ses-20220602T183004_ecephys/pipeline-aind+ephys/version-v1.2.4_codebase-v0.3.49_params-1cbdbee_config-7940dfd_attempt-1/logs/report.html"": ""b2da22c1-3767-4118-a085-2f48a1dc3f53"", ""derivatives/dandiset-000687/sub-swil12/sub-swil12_ses-20220602T183004_ecephys/pipeline-aind+ephys/version-v1.2.4_codebase-v0.3.49_params-1cbdbee_config-7940dfd_attempt-1/logs/timeline.html"": ""c7f1f53f-9f6e-4b91-8764-469d93e6238a"", ""derivatives/dandiset-000687/sub-swil12/sub-swil12_ses-20220602T183004_ecephys/pipeline-aind+ephys/version-v1.2.4_codebase-v0.3.49_params-1cbdbee_config-7940dfd_attempt-1/logs/trace.txt"": ""e7a35322-c633-43fa-ae44-bb71256b479e""}"	2026-09-08T17:34:30.079830-04:00	2026-09-08T17:34:31.266166-04:00
000687	sub-swil18/sub-swil18_ses-20220908T163938_ecephys.nwb	aind+ephys	v1.2.4	1cbdbee	7940dfd	1	v0.3.49	6b933fdc-7db3-45d2-994f-29f8af0ebc4b	719108363685	True	True	False	True	"{""derivatives/dandiset-000687/sub-swil18/sub-swil18_ses-20220908T163938_ecephys/pipeline-aind+ephys/version-v1.2.4_codebase-v0.3.49_params-1cbdbee_config-7940dfd_attempt-1/dataset_description.json"": ""dc274686-5bc5-456b-b442-6221722d1813""}"		"{""derivatives/dandiset-000687/sub-swil18/sub-swil18_ses-20220908T163938_ecephys/pipeline-aind+ephys/version-v1.2.4_codebase-v0.3.49_params-1cbdbee_config-7940dfd_attempt-1/logs/dag.html"": ""374d93d6-f54a-49e3-9bd4-23cc49c2e489"", ""derivatives/dandiset-000687/sub-swil18/sub-swil18_ses-20220908T163938_ecephys/pipeline-aind+ephys/version-v1.2.4_codebase-v0.3.49_params-1cbdbee_config-7940dfd_attempt-1/logs/job-17949059_slurm.log"": ""4ba145da-dcd7-4830-89c5-23a323e5e97d"", ""derivatives/dandiset-000687/sub-swil18/sub-swil18_ses-20220908T163938_ecephys/pipeline-aind+ephys/version-v1.2.4_codebase-v0.3.49_params-1cbdbee_config-7940dfd_attempt-1/logs/nextflow.log"": ""200b1451-25dd-4ca6-875e-211008c579a3"", ""derivatives/dandiset-000687/sub-swil18/sub-swil18_ses-20220908T163938_ecephys/pipeline-aind+ephys/version-v1.2.4_codebase-v0.3.49_params-1cbdbee_config-7940dfd_attempt-1/logs/report.html"": ""1fddd8ca-16c1-4e27-b739-90605f7d45ff"", ""derivatives/dandiset-000687/sub-swil18/sub-swil18_ses-20220908T163938_ecephys/pipeline-aind+ephys/version-v1.2.4_codebase-v0.3.49_params-1cbdbee_config-7940dfd_attempt-1/logs/timeline.html"": ""109b8cae-8cbd-4e07-826d-6e2eed344b06"", ""derivatives/dandiset-000687/sub-swil18/sub-swil18_ses-20220908T163938_ecephys/pipeline-aind+ephys/version-v1.2.4_codebase-v0.3.49_params-1cbdbee_config-7940dfd_attempt-1/logs/trace.txt"": ""f4e30bee-3d66-4b95-9bc6-1957158ae940""}"	2026-09-08T17:34:42.765616-04:00	2026-09-08T17:34:44.017705-04:00
000687	sub-swil19/sub-swil19_ses-20220901T160502_ecephys.nwb	aind+ephys	v1.2.4	1cbdbee	7940dfd	1	v0.3.49	3f736eb1-2049-41a5-959e-be04c459a4ed	463570669864	True	True	False	True	"{""derivatives/dandiset-000687/sub-swil19/sub-swil19_ses-20220901T160502_ecephys/pipeline-aind+ephys/version-v1.2.4_codebase-v0.3.49_params-1cbdbee_config-7940dfd_attempt-1/dataset_description.json"": ""dc274686-5bc5-456b-b442-6221722d1813""}"		"{""derivatives/dandiset-000687/sub-swil19/sub-swil19_ses-20220901T160502_ecephys/pipeline-aind+ephys/version-v1.2.4_codebase-v0.3.49_params-1cbdbee_config-7940dfd_attempt-1/logs/dag.html"": ""374d93d6-f54a-49e3-9bd4-23cc49c2e489"", ""derivatives/dandiset-000687/sub-swil19/sub-swil19_ses-20220901T160502_ecephys/pipeline-aind+ephys/version-v1.2.4_codebase-v0.3.49_params-1cbdbee_config-7940dfd_attempt-1/logs/job-18808915_slurm.log"": ""435523c9-b01b-4c8d-bd81-fecdf5723f48"", ""derivatives/dandiset-000687/sub-swil19/sub-swil19_ses-20220901T160502_ecephys/pipeline-aind+ephys/version-v1.2.4_codebase-v0.3.49_params-1cbdbee_config-7940dfd_attempt-1/logs/nextflow.log"": ""791a54c8-b960-4976-9fd9-86d86a215356"", ""derivatives/dandiset-000687/sub-swil19/sub-swil19_ses-20220901T160502_ecephys/pipeline-aind+ephys/version-v1.2.4_codebase-v0.3.49_params-1cbdbee_config-7940dfd_attempt-1/logs/report.html"": ""267e0265-481f-4e04-9124-dfa667bd2574"", ""derivatives/dandiset-000687/sub-swil19/sub-swil19_ses-20220901T160502_ecephys/pipeline-aind+ephys/version-v1.2.4_codebase-v0.3.49_params-1cbdbee_config-7940dfd_attempt-1/logs/timeline.html"": ""24e42c47-0b1f-4357-be92-91779f795998"", ""derivatives/dandiset-000687/sub-swil19/sub-swil19_ses-20220901T160502_ecephys/pipeline-aind+ephys/version-v1.2.4_codebase-v0.3.49_params-1cbdbee_config-7940dfd_attempt-1/logs/trace.txt"": ""61d85ce6-6ac1-49b8-99a3-7d5253a82643""}"	2026-09-08T17:34:55.104093-04:00	2026-09-08T17:34:56.225748-04:00
000687	sub-swil8/sub-swil8_ses-20210715T191215_ecephys.nwb	aind+ephys	v1.2.4	1cbdbee	7940dfd	1	v0.3.49	55046f9b-c80e-40e9-bff9-68a053180708	258608564327	True	True	False	True	"{""derivatives/dandiset-000687/sub-swil8/sub-swil8_ses-20210715T191215_ecephys/pipeline-aind+ephys/version-v1.2.4_codebase-v0.3.49_params-1cbdbee_config-7940dfd_attempt-1/dataset_description.json"": ""dc274686-5bc5-456b-b442-6221722d1813""}"		"{""derivatives/dandiset-000687/sub-swil8/sub-swil8_ses-20210715T191215_ecephys/pipeline-aind+ephys/version-v1.2.4_codebase-v0.3.49_params-1cbdbee_config-7940dfd_attempt-1/logs/dag.html"": ""374d93d6-f54a-49e3-9bd4-23cc49c2e489"", ""derivatives/dandiset-000687/sub-swil8/sub-swil8_ses-20210715T191215_ecephys/pipeline-aind+ephys/version-v1.2.4_codebase-v0.3.49_params-1cbdbee_config-7940dfd_attempt-1/logs/job-17569447_slurm.log"": ""57cec6d2-4f67-4cc9-8806-834aa17e5e4c"", ""derivatives/dandiset-000687/sub-swil8/sub-swil8_ses-20210715T191215_ecephys/pipeline-aind+ephys/version-v1.2.4_codebase-v0.3.49_params-1cbdbee_config-7940dfd_attempt-1/logs/nextflow.log"": ""d922ef61-8e10-4c7e-ae33-a4dc32e0a51b"", ""derivatives/dandiset-000687/sub-swil8/sub-swil8_ses-20210715T191215_ecephys/pipeline-aind+ephys/version-v1.2.4_codebase-v0.3.49_params-1cbdbee_config-7940dfd_attempt-1/logs/report.html"": ""5bba472b-14da-4a80-a8c3-979ed5f7d288"", ""derivatives/dandiset-000687/sub-swil8/sub-swil8_ses-20210715T191215_ecephys/pipeline-aind+ephys/version-v1.2.4_codebase-v0.3.49_params-1cbdbee_config-7940dfd_attempt-1/logs/timeline.html"": ""862de4e3-5049-43ab-b0a4-a0b1621567a8"", ""derivatives/dandiset-000687/sub-swil8/sub-swil8_ses-20210715T191215_ecephys/pipeline-aind+ephys/version-v1.2.4_codebase-v0.3.49_params-1cbdbee_config-7940dfd_attempt-1/logs/trace.txt"": ""f36ed3df-41d1-4e97-bd29-ad366ff28cd7""}"	2026-09-08T17:35:06.629224-04:00	2026-09-08T17:35:07.768101-04:00
000689	sub-H12/sub-H12_ses-12-2019-08-30-20-05-12-Disc4_ecephys.nwb	aind+ephys	v1.2.2	1cbdbee	7940dfd	2	v0.3.28	c4e3c2a6-06e1-42a5-8f77-4b5fe2c76644	17436571151	True	True	False	True	"{""derivatives/dandiset-000689/sub-H12/sub-H12_ses-12-2019-08-30-20-05-12-Disc4_ecephys/pipeline-aind+ephys/version-v1.2.2_codebase-v0.3.28_params-1cbdbee_config-7940dfd_attempt-2/dataset_description.json"": ""0c60502c-3ab2-475d-aaa6-4f867fbc37f2""}"		"{""derivatives/dandiset-000689/sub-H12/sub-H12_ses-12-2019-08-30-20-05-12-Disc4_ecephys/pipeline-aind+ephys/version-v1.2.2_codebase-v0.3.28_params-1cbdbee_config-7940dfd_attempt-2/logs/dag.html"": ""374d93d6-f54a-49e3-9bd4-23cc49c2e489"", ""derivatives/dandiset-000689/sub-H12/sub-H12_ses-12-2019-08-30-20-05-12-Disc4_ecephys/pipeline-aind+ephys/version-v1.2.2_codebase-v0.3.28_params-1cbdbee_config-7940dfd_attempt-2/logs/job-15758688_slurm.log"": ""c7a35e45-7e07-481a-87d3-76e103eb46ad"", ""derivatives/dandiset-000689/sub-H12/sub-H12_ses-12-2019-08-30-20-05-12-Disc4_ecephys/pipeline-aind+ephys/version-v1.2.2_codebase-v0.3.28_params-1cbdbee_config-7940dfd_attempt-2/logs/nextflow.log"": ""cb33ac25-4422-49cc-89d9-aa60dc0b5027"", ""derivatives/dandiset-000689/sub-H12/sub-H12_ses-12-2019-08-30-20-05-12-Disc4_ecephys/pipeline-aind+ephys/version-v1.2.2_codebase-v0.3.28_params-1cbdbee_config-7940dfd_attempt-2/logs/report.html"": ""0838cd4c-b082-4fd7-ae9e-0cde84c604b3"", ""derivatives/dandiset-000689/sub-H12/sub-H12_ses-12-2019-08-30-20-05-12-Disc4_ecephys/pipeline-aind+ephys/version-v1.2.2_codebase-v0.3.28_params-1cbdbee_config-7940dfd_attempt-2/logs/timeline.html"": ""daebf99a-dea5-4fa3-a731-97c68a73edf5"", ""derivatives/dandiset-000689/sub-H12/sub-H12_ses-12-2019-08-30-20-05-12-Disc4_ecephys/pipeline-aind+ephys/version-v1.2.2_codebase-v0.3.28_params-1cbdbee_config-7940dfd_attempt-2/logs/trace.txt"": ""ae3e7348-c423-4449-bc71-b4f93ac9f994""}"	2026-09-08T17:35:18.099516-04:00	2026-09-08T17:35:19.214787-04:00
000689	sub-H12/sub-H12_ses-12-2019-08-30-20-05-12-Disc4_ecephys.nwb	aind+ephys	v1.2.4	1cbdbee	7940dfd	1	v0.3.49	c4e3c2a6-06e1-42a5-8f77-4b5fe2c76644	17436571151	True	True	False	True	"{""derivatives/dandiset-000689/sub-H12/sub-H12_ses-12-2019-08-30-20-05-12-Disc4_ecephys/pipeline-aind+ephys/version-v1.2.4_codebase-v0.3.49_params-1cbdbee_config-7940dfd_attempt-1/dataset_description.json"": ""7c16efcb-161e-4e53-827e-4e4bf936f94a""}"		"{""derivatives/dandiset-000689/sub-H12/sub-H12_ses-12-2019-08-30-20-05-12-Disc4_ecephys/pipeline-aind+ephys/version-v1.2.4_codebase-v0.3.49_params-1cbdbee_config-7940dfd_attempt-1/logs/dag.html"": ""374d93d6-f54a-49e3-9bd4-23cc49c2e489"", ""derivatives/dandiset-000689/sub-H12/sub-H12_ses-12-2019-08-30-20-05-12-Disc4_ecephys/pipeline-aind+ephys/version-v1.2.4_codebase-v0.3.49_params-1cbdbee_config-7940dfd_attempt-1/logs/job-17570530_slurm.log"": ""b400dd25-beb8-4467-8d7d-9a41399f153e"", ""derivatives/dandiset-000689/sub-H12/sub-H12_ses-12-2019-08-30-20-05-12-Disc4_ecephys/pipeline-aind+ephys/version-v1.2.4_codebase-v0.3.49_params-1cbdbee_config-7940dfd_attempt-1/logs/nextflow.log"": ""3a5f2890-0560-4315-8910-6921bd061e6f"", ""derivatives/dandiset-000689/sub-H12/sub-H12_ses-12-2019-08-30-20-05-12-Disc4_ecephys/pipeline-aind+ephys/version-v1.2.4_codebase-v0.3.49_params-1cbdbee_config-7940dfd_attempt-1/logs/report.html"": ""b2347bc7-bbb5-4969-80d7-f04fa1c4a378"", ""derivatives/dandiset-000689/sub-H12/sub-H12_ses-12-2019-08-30-20-05-12-Disc4_ecephys/pipeline-aind+ephys/version-v1.2.4_codebase-v0.3.49_params-1cbdbee_config-7940dfd_attempt-1/logs/timeline.html"": ""a1c7f145-ade7-4425-bb4b-d1788d7aa191"", ""derivatives/dandiset-000689/sub-H12/sub-H12_ses-12-2019-08-30-20-05-12-Disc4_ecephys/pipeline-aind+ephys/version-v1.2.4_codebase-v0.3.49_params-1cbdbee_config-7940dfd_attempt-1/logs/trace.txt"": ""51bbf98e-dd57-4d5d-b6bb-a2c87503f8bc""}"	2026-09-08T17:35:30.641742-04:00	2026-09-08T17:35:31.949753-04:00
000689	sub-H12/sub-H12_ses-12-2019-08-30-20-05-12-Disc4_ecephys.nwb	aind+ephys	v1.2.4	1cbdbee	7940dfd	2	v0.3.49	c4e3c2a6-06e1-42a5-8f77-4b5fe2c76644	17436571151	True	True	False	True	"{""derivatives/dandiset-000689/sub-H12/sub-H12_ses-12-2019-08-30-20-05-12-Disc4_ecephys/pipeline-aind+ephys/version-v1.2.4_codebase-v0.3.49_params-1cbdbee_config-7940dfd_attempt-2/dataset_description.json"": ""7c16efcb-161e-4e53-827e-4e4bf936f94a""}"		"{""derivatives/dandiset-000689/sub-H12/sub-H12_ses-12-2019-08-30-20-05-12-Disc4_ecephys/pipeline-aind+ephys/version-v1.2.4_codebase-v0.3.49_params-1cbdbee_config-7940dfd_attempt-2/logs/dag.html"": ""374d93d6-f54a-49e3-9bd4-23cc49c2e489"", ""derivatives/dandiset-000689/sub-H12/sub-H12_ses-12-2019-08-30-20-05-12-Disc4_ecephys/pipeline-aind+ephys/version-v1.2.4_codebase-v0.3.49_params-1cbdbee_config-7940dfd_attempt-2/logs/job-17571118_slurm.log"": ""d4219ed9-1b47-421a-83d0-19a5e28dc197"", ""derivatives/dandiset-000689/sub-H12/sub-H12_ses-12-2019-08-30-20-05-12-Disc4_ecephys/pipeline-aind+ephys/version-v1.2.4_codebase-v0.3.49_params-1cbdbee_config-7940dfd_attempt-2/logs/nextflow.log"": ""6807c372-8599-4ab9-bc13-a28b0f49c6b4"", ""derivatives/dandiset-000689/sub-H12/sub-H12_ses-12-2019-08-30-20-05-12-Disc4_ecephys/pipeline-aind+ephys/version-v1.2.4_codebase-v0.3.49_params-1cbdbee_config-7940dfd_attempt-2/logs/report.html"": ""5ef503ee-544e-4503-860e-1cddec19151f"", ""derivatives/dandiset-000689/sub-H12/sub-H12_ses-12-2019-08-30-20-05-12-Disc4_ecephys/pipeline-aind+ephys/version-v1.2.4_codebase-v0.3.49_params-1cbdbee_config-7940dfd_attempt-2/logs/timeline.html"": ""46871b7e-a77b-4ce8-abe7-29e7892f6802"", ""derivatives/dandiset-000689/sub-H12/sub-H12_ses-12-2019-08-30-20-05-12-Disc4_ecephys/pipeline-aind+ephys/version-v1.2.4_codebase-v0.3.49_params-1cbdbee_config-7940dfd_attempt-2/logs/trace.txt"": ""72b8b510-53b6-49cc-a9bf-22ad9a5566d7""}"	2026-09-08T17:35:43.345888-04:00	2026-09-08T17:35:44.487387-04:00
000689	sub-H12/sub-H12_ses-12-2019-08-30-20-05-12-Disc4_ecephys.nwb	aind+ephys	v1.2.4	1cbdbee	7940dfd	3	v0.3.49	c4e3c2a6-06e1-42a5-8f77-4b5fe2c76644	17436571151	True	True	False	True	"{""derivatives/dandiset-000689/sub-H12/sub-H12_ses-12-2019-08-30-20-05-12-Disc4_ecephys/pipeline-aind+ephys/version-v1.2.4_codebase-v0.3.49_params-1cbdbee_config-7940dfd_attempt-3/dataset_description.json"": ""7c16efcb-161e-4e53-827e-4e4bf936f94a""}"		"{""derivatives/dandiset-000689/sub-H12/sub-H12_ses-12-2019-08-30-20-05-12-Disc4_ecephys/pipeline-aind+ephys/version-v1.2.4_codebase-v0.3.49_params-1cbdbee_config-7940dfd_attempt-3/logs/dag.html"": ""374d93d6-f54a-49e3-9bd4-23cc49c2e489"", ""derivatives/dandiset-000689/sub-H12/sub-H12_ses-12-2019-08-30-20-05-12-Disc4_ecephys/pipeline-aind+ephys/version-v1.2.4_codebase-v0.3.49_params-1cbdbee_config-7940dfd_attempt-3/logs/job-17583642_slurm.log"": ""943aa27a-c69c-4d38-81b6-1b956edbc4b2"", ""derivatives/dandiset-000689/sub-H12/sub-H12_ses-12-2019-08-30-20-05-12-Disc4_ecephys/pipeline-aind+ephys/version-v1.2.4_codebase-v0.3.49_params-1cbdbee_config-7940dfd_attempt-3/logs/nextflow.log"": ""0dba0056-265f-4c45-890c-81e71c7e86b3"", ""derivatives/dandiset-000689/sub-H12/sub-H12_ses-12-2019-08-30-20-05-12-Disc4_ecephys/pipeline-aind+ephys/version-v1.2.4_codebase-v0.3.49_params-1cbdbee_config-7940dfd_attempt-3/logs/report.html"": ""a2d307ce-a31e-4180-a725-50d2426ddcf1"", ""derivatives/dandiset-000689/sub-H12/sub-H12_ses-12-2019-08-30-20-05-12-Disc4_ecephys/pipeline-aind+ephys/version-v1.2.4_codebase-v0.3.49_params-1cbdbee_config-7940dfd_attempt-3/logs/timeline.html"": ""5de10a01-cc39-4c67-89bb-a8a64ebdc47c"", ""derivatives/dandiset-000689/sub-H12/sub-H12_ses-12-2019-08-30-20-05-12-Disc4_ecephys/pipeline-aind+ephys/version-v1.2.4_codebase-v0.3.49_params-1cbdbee_config-7940dfd_attempt-3/logs/trace.txt"": ""6d5bdfc1-92b1-4fc6-b216-b1280b53121e""}"	2026-09-08T17:35:55.530907-04:00	2026-09-08T17:35:56.970294-04:00
000696	sub-TR11/sub-TR11_ecephys.nwb	aind+ephys	v1.2.4	1cbdbee	7940dfd	1	v0.3.49	2a43d93f-d7b5-43a9-8984-77163fcccdf9	699207211405	True	True	False	True	"{""derivatives/dandiset-000696/sub-TR11/sub-TR11_ecephys/pipeline-aind+ephys/version-v1.2.4_codebase-v0.3.49_params-1cbdbee_config-7940dfd_attempt-1/dataset_description.json"": ""b34db771-3797-4556-90a1-a9ca115bc8bc""}"		"{""derivatives/dandiset-000696/sub-TR11/sub-TR11_ecephys/pipeline-aind+ephys/version-v1.2.4_codebase-v0.3.49_params-1cbdbee_config-7940dfd_attempt-1/logs/dag.html"": ""374d93d6-f54a-49e3-9bd4-23cc49c2e489"", ""derivatives/dandiset-000696/sub-TR11/sub-TR11_ecephys/pipeline-aind+ephys/version-v1.2.4_codebase-v0.3.49_params-1cbdbee_config-7940dfd_attempt-1/logs/job-18216470_slurm.log"": ""36bdbaa0-373c-4872-adb4-2045195a4282"", ""derivatives/dandiset-000696/sub-TR11/sub-TR11_ecephys/pipeline-aind+ephys/version-v1.2.4_codebase-v0.3.49_params-1cbdbee_config-7940dfd_attempt-1/logs/nextflow.log"": ""e2fbab63-2ba0-45b2-b3be-e327a1432b16"", ""derivatives/dandiset-000696/sub-TR11/sub-TR11_ecephys/pipeline-aind+ephys/version-v1.2.4_codebase-v0.3.49_params-1cbdbee_config-7940dfd_attempt-1/logs/report.html"": ""05e6c26f-af1c-47c4-a2ec-49dba5fda968"", ""derivatives/dandiset-000696/sub-TR11/sub-TR11_ecephys/pipeline-aind+ephys/version-v1.2.4_codebase-v0.3.49_params-1cbdbee_config-7940dfd_attempt-1/logs/timeline.html"": ""00260c68-ce0c-49bb-b6b0-46dd31d8fa08"", ""derivatives/dandiset-000696/sub-TR11/sub-TR11_ecephys/pipeline-aind+ephys/version-v1.2.4_codebase-v0.3.49_params-1cbdbee_config-7940dfd_attempt-1/logs/trace.txt"": ""19ad4e71-5352-43bf-89fb-67dfbf9ef898""}"	2026-09-08T17:36:09.166260-04:00	2026-09-08T17:36:10.555177-04:00
000696	sub-TR12-512ch/sub-TR12-512ch_ecephys.nwb	aind+ephys	v1.2.4	1cbdbee	7940dfd	1	v0.3.49	40b46abc-cadb-4201-9072-cae401d4cfe3	749222240484	True	True	False	True	"{""derivatives/dandiset-000696/sub-TR12-512ch/sub-TR12-512ch_ecephys/pipeline-aind+ephys/version-v1.2.4_codebase-v0.3.49_params-1cbdbee_config-7940dfd_attempt-1/dataset_description.json"": ""b34db771-3797-4556-90a1-a9ca115bc8bc""}"		"{""derivatives/dandiset-000696/sub-TR12-512ch/sub-TR12-512ch_ecephys/pipeline-aind+ephys/version-v1.2.4_codebase-v0.3.49_params-1cbdbee_config-7940dfd_attempt-1/logs/dag.html"": ""374d93d6-f54a-49e3-9bd4-23cc49c2e489"", ""derivatives/dandiset-000696/sub-TR12-512ch/sub-TR12-512ch_ecephys/pipeline-aind+ephys/version-v1.2.4_codebase-v0.3.49_params-1cbdbee_config-7940dfd_attempt-1/logs/job-17731585_slurm.log"": ""cdd7d7f2-7ac4-4523-a4b3-db18e836b350"", ""derivatives/dandiset-000696/sub-TR12-512ch/sub-TR12-512ch_ecephys/pipeline-aind+ephys/version-v1.2.4_codebase-v0.3.49_params-1cbdbee_config-7940dfd_attempt-1/logs/nextflow.log"": ""f7313d21-ccb7-4761-a1fc-42a29e848fde"", ""derivatives/dandiset-000696/sub-TR12-512ch/sub-TR12-512ch_ecephys/pipeline-aind+ephys/version-v1.2.4_codebase-v0.3.49_params-1cbdbee_config-7940dfd_attempt-1/logs/report.html"": ""9d18186d-68e3-4e8e-b3d3-18a3f585a714"", ""derivatives/dandiset-000696/sub-TR12-512ch/sub-TR12-512ch_ecephys/pipeline-aind+ephys/version-v1.2.4_codebase-v0.3.49_params-1cbdbee_config-7940dfd_attempt-1/logs/timeline.html"": ""ecb831a9-2027-439c-a800-248a6f074f63"", ""derivatives/dandiset-000696/sub-TR12-512ch/sub-TR12-512ch_ecephys/pipeline-aind+ephys/version-v1.2.4_codebase-v0.3.49_params-1cbdbee_config-7940dfd_attempt-1/logs/trace.txt"": ""18cf2363-b969-4b2f-b847-68b0f799667d""}"	2026-09-08T17:36:22.325917-04:00	2026-09-08T17:36:23.681339-04:00
000696	sub-TR13/sub-TR13_ecephys.nwb	aind+ephys	v1.2.4	1cbdbee	7940dfd	1	v0.3.49	d6a04562-4991-47c0-81cb-cd59ab7e88a8	894709842642	True	True	False	True	"{""derivatives/dandiset-000696/sub-TR13/sub-TR13_ecephys/pipeline-aind+ephys/version-v1.2.4_codebase-v0.3.49_params-1cbdbee_config-7940dfd_attempt-1/dataset_description.json"": ""b34db771-3797-4556-90a1-a9ca115bc8bc""}"		"{""derivatives/dandiset-000696/sub-TR13/sub-TR13_ecephys/pipeline-aind+ephys/version-v1.2.4_codebase-v0.3.49_params-1cbdbee_config-7940dfd_attempt-1/logs/dag.html"": ""374d93d6-f54a-49e3-9bd4-23cc49c2e489"", ""derivatives/dandiset-000696/sub-TR13/sub-TR13_ecephys/pipeline-aind+ephys/version-v1.2.4_codebase-v0.3.49_params-1cbdbee_config-7940dfd_attempt-1/logs/job-18112012_slurm.log"": ""d65fd18a-346e-46a1-a83b-61536503b4a3"", ""derivatives/dandiset-000696/sub-TR13/sub-TR13_ecephys/pipeline-aind+ephys/version-v1.2.4_codebase-v0.3.49_params-1cbdbee_config-7940dfd_attempt-1/logs/nextflow.log"": ""bf45f842-1f42-4edb-b53a-46497cf52952"", ""derivatives/dandiset-000696/sub-TR13/sub-TR13_ecephys/pipeline-aind+ephys/version-v1.2.4_codebase-v0.3.49_params-1cbdbee_config-7940dfd_attempt-1/logs/report.html"": ""0535661a-622b-427f-9d59-b403b456459f"", ""derivatives/dandiset-000696/sub-TR13/sub-TR13_ecephys/pipeline-aind+ephys/version-v1.2.4_codebase-v0.3.49_params-1cbdbee_config-7940dfd_attempt-1/logs/timeline.html"": ""25c1a50c-2238-48b6-a6c3-22218a30f729"", ""derivatives/dandiset-000696/sub-TR13/sub-TR13_ecephys/pipeline-aind+ephys/version-v1.2.4_codebase-v0.3.49_params-1cbdbee_config-7940dfd_attempt-1/logs/trace.txt"": ""b1ef70de-c178-47ac-ae0a-4551c7e7f8d0""}"	2026-09-08T17:36:34.567505-04:00	2026-09-08T17:36:35.777962-04:00
000696	sub-TR15-512ch/sub-TR15-512ch_ecephys.nwb	aind+ephys	v1.2.4	1cbdbee	7940dfd	1	v0.3.49	a7c6bf06-b3fc-4ac5-80d9-fd0b38f41fdc	868725509382	True	True	False	True	"{""derivatives/dandiset-000696/sub-TR15-512ch/sub-TR15-512ch_ecephys/pipeline-aind+ephys/version-v1.2.4_codebase-v0.3.49_params-1cbdbee_config-7940dfd_attempt-1/dataset_description.json"": ""b34db771-3797-4556-90a1-a9ca115bc8bc""}"		"{""derivatives/dandiset-000696/sub-TR15-512ch/sub-TR15-512ch_ecephys/pipeline-aind+ephys/version-v1.2.4_codebase-v0.3.49_params-1cbdbee_config-7940dfd_attempt-1/logs/dag.html"": ""374d93d6-f54a-49e3-9bd4-23cc49c2e489"", ""derivatives/dandiset-000696/sub-TR15-512ch/sub-TR15-512ch_ecephys/pipeline-aind+ephys/version-v1.2.4_codebase-v0.3.49_params-1cbdbee_config-7940dfd_attempt-1/logs/job-17409950_slurm.log"": ""1932eb66-f27f-4382-bf0c-c3fa1a9300e6"", ""derivatives/dandiset-000696/sub-TR15-512ch/sub-TR15-512ch_ecephys/pipeline-aind+ephys/version-v1.2.4_codebase-v0.3.49_params-1cbdbee_config-7940dfd_attempt-1/logs/nextflow.log"": ""237f3c91-1fda-4448-acd9-96b99c23c5df"", ""derivatives/dandiset-000696/sub-TR15-512ch/sub-TR15-512ch_ecephys/pipeline-aind+ephys/version-v1.2.4_codebase-v0.3.49_params-1cbdbee_config-7940dfd_attempt-1/logs/report.html"": ""f41ac2c4-af36-4db6-b5e0-97076d2c8fad"", ""derivatives/dandiset-000696/sub-TR15-512ch/sub-TR15-512ch_ecephys/pipeline-aind+ephys/version-v1.2.4_codebase-v0.3.49_params-1cbdbee_config-7940dfd_attempt-1/logs/timeline.html"": ""8b4a94ba-0e97-4d81-b346-48a0e232745c"", ""derivatives/dandiset-000696/sub-TR15-512ch/sub-TR15-512ch_ecephys/pipeline-aind+ephys/version-v1.2.4_codebase-v0.3.49_params-1cbdbee_config-7940dfd_attempt-1/logs/trace.txt"": ""ff888fff-45c0-4fcb-a4a1-836d32b4fa93""}"	2026-09-08T17:36:48.151440-04:00	2026-09-08T17:36:49.602520-04:00
000696	sub-TR17/sub-TR17_ecephys.nwb	aind+ephys	v1.2.4	1cbdbee	7940dfd	1	v0.3.49	a55e5453-8536-4332-927f-b79ee8168066	969329781669	True	True	False	True	"{""derivatives/dandiset-000696/sub-TR17/sub-TR17_ecephys/pipeline-aind+ephys/version-v1.2.4_codebase-v0.3.49_params-1cbdbee_config-7940dfd_attempt-1/dataset_description.json"": ""b34db771-3797-4556-90a1-a9ca115bc8bc""}"		"{""derivatives/dandiset-000696/sub-TR17/sub-TR17_ecephys/pipeline-aind+ephys/version-v1.2.4_codebase-v0.3.49_params-1cbdbee_config-7940dfd_attempt-1/logs/dag.html"": ""374d93d6-f54a-49e3-9bd4-23cc49c2e489"", ""derivatives/dandiset-000696/sub-TR17/sub-TR17_ecephys/pipeline-aind+ephys/version-v1.2.4_codebase-v0.3.49_params-1cbdbee_config-7940dfd_attempt-1/logs/job-18680263_slurm.log"": ""8264e3f0-53cf-4955-a449-a7ddc7640cbf"", ""derivatives/dandiset-000696/sub-TR17/sub-TR17_ecephys/pipeline-aind+ephys/version-v1.2.4_codebase-v0.3.49_params-1cbdbee_config-7940dfd_attempt-1/logs/nextflow.log"": ""fde27a23-14cd-4c72-9910-861e08cea83e"", ""derivatives/dandiset-000696/sub-TR17/sub-TR17_ecephys/pipeline-aind+ephys/version-v1.2.4_codebase-v0.3.49_params-1cbdbee_config-7940dfd_attempt-1/logs/report.html"": ""5a8bdbdc-8ce6-4803-af8e-d0056ff97091"", ""derivatives/dandiset-000696/sub-TR17/sub-TR17_ecephys/pipeline-aind+ephys/version-v1.2.4_codebase-v0.3.49_params-1cbdbee_config-7940dfd_attempt-1/logs/timeline.html"": ""0c8aee03-4178-4aa2-8ea4-25c72f5a3d76"", ""derivatives/dandiset-000696/sub-TR17/sub-TR17_ecephys/pipeline-aind+ephys/version-v1.2.4_codebase-v0.3.49_params-1cbdbee_config-7940dfd_attempt-1/logs/trace.txt"": ""8fa369c3-eb1a-4336-898b-0da392254d69""}"	2026-09-08T17:37:03.140741-04:00	2026-09-08T17:37:04.486998-04:00
000696	sub-TR19/sub-TR19_ecephys.nwb	aind+ephys	v1.2.4	1cbdbee	7940dfd	1	v0.3.49	6bd9eef8-0c35-4d61-8712-1975e61e7d85	951878426952	True	True	False	True	"{""derivatives/dandiset-000696/sub-TR19/sub-TR19_ecephys/pipeline-aind+ephys/version-v1.2.4_codebase-v0.3.49_params-1cbdbee_config-7940dfd_attempt-1/dataset_description.json"": ""b34db771-3797-4556-90a1-a9ca115bc8bc""}"		"{""derivatives/dandiset-000696/sub-TR19/sub-TR19_ecephys/pipeline-aind+ephys/version-v1.2.4_codebase-v0.3.49_params-1cbdbee_config-7940dfd_attempt-1/logs/dag.html"": ""374d93d6-f54a-49e3-9bd4-23cc49c2e489"", ""derivatives/dandiset-000696/sub-TR19/sub-TR19_ecephys/pipeline-aind+ephys/version-v1.2.4_codebase-v0.3.49_params-1cbdbee_config-7940dfd_attempt-1/logs/job-18300561_slurm.log"": ""bd39afec-2034-4243-8799-b4616c6589b2"", ""derivatives/dandiset-000696/sub-TR19/sub-TR19_ecephys/pipeline-aind+ephys/version-v1.2.4_codebase-v0.3.49_params-1cbdbee_config-7940dfd_attempt-1/logs/nextflow.log"": ""d24f0a54-85cb-4867-896e-0d00d650751c"", ""derivatives/dandiset-000696/sub-TR19/sub-TR19_ecephys/pipeline-aind+ephys/version-v1.2.4_codebase-v0.3.49_params-1cbdbee_config-7940dfd_attempt-1/logs/report.html"": ""81362eeb-71d2-45a4-9b68-46b522e2416a"", ""derivatives/dandiset-000696/sub-TR19/sub-TR19_ecephys/pipeline-aind+ephys/version-v1.2.4_codebase-v0.3.49_params-1cbdbee_config-7940dfd_attempt-1/logs/timeline.html"": ""f0dcf546-4fe5-4ec2-8544-fa6ff1498f5d"", ""derivatives/dandiset-000696/sub-TR19/sub-TR19_ecephys/pipeline-aind+ephys/version-v1.2.4_codebase-v0.3.49_params-1cbdbee_config-7940dfd_attempt-1/logs/trace.txt"": ""099df081-be7c-420c-aba6-8c1bc0192b1b""}"	2026-09-08T17:37:17.566830-04:00	2026-09-08T17:37:18.943576-04:00
000696	sub-TR8/sub-TR8_ecephys.nwb	aind+ephys	v1.2.4	1cbdbee	7940dfd	1	v0.3.49	c33afa61-fe92-48aa-919b-dbddf151dd44	688718731273	True	True	False	True	"{""derivatives/dandiset-000696/sub-TR8/sub-TR8_ecephys/pipeline-aind+ephys/version-v1.2.4_codebase-v0.3.49_params-1cbdbee_config-7940dfd_attempt-1/dataset_description.json"": ""b34db771-3797-4556-90a1-a9ca115bc8bc""}"		"{""derivatives/dandiset-000696/sub-TR8/sub-TR8_ecephys/pipeline-aind+ephys/version-v1.2.4_codebase-v0.3.49_params-1cbdbee_config-7940dfd_attempt-1/logs/dag.html"": ""374d93d6-f54a-49e3-9bd4-23cc49c2e489"", ""derivatives/dandiset-000696/sub-TR8/sub-TR8_ecephys/pipeline-aind+ephys/version-v1.2.4_codebase-v0.3.49_params-1cbdbee_config-7940dfd_attempt-1/logs/job-18813568_slurm.log"": ""7e8f0370-ad63-42d9-b8c7-d352369bb6d3"", ""derivatives/dandiset-000696/sub-TR8/sub-TR8_ecephys/pipeline-aind+ephys/version-v1.2.4_codebase-v0.3.49_params-1cbdbee_config-7940dfd_attempt-1/logs/nextflow.log"": ""8e080528-be02-45c3-bcaa-0d1954153a9e"", ""derivatives/dandiset-000696/sub-TR8/sub-TR8_ecephys/pipeline-aind+ephys/version-v1.2.4_codebase-v0.3.49_params-1cbdbee_config-7940dfd_attempt-1/logs/report.html"": ""8acfbe71-0bca-49cb-b91b-8adbfa5da335"", ""derivatives/dandiset-000696/sub-TR8/sub-TR8_ecephys/pipeline-aind+ephys/version-v1.2.4_codebase-v0.3.49_params-1cbdbee_config-7940dfd_attempt-1/logs/timeline.html"": ""baca726e-e3b3-4caf-9949-79897d5e4072"", ""derivatives/dandiset-000696/sub-TR8/sub-TR8_ecephys/pipeline-aind+ephys/version-v1.2.4_codebase-v0.3.49_params-1cbdbee_config-7940dfd_attempt-1/logs/trace.txt"": ""0014fc85-15c2-45f3-90ff-8a8f941cdeda""}"	2026-09-08T17:37:35.225804-04:00	2026-09-08T17:37:36.534830-04:00
000710	sub-VR32/sub-VR32_ecephys.nwb	aind+ephys	v1.2.4	1cbdbee	7940dfd	1	v0.3.49	7415a88a-8255-4468-a7e3-94c716b8d558	510590195863	True	True	False	True	"{""derivatives/dandiset-000710/sub-VR32/sub-VR32_ecephys/pipeline-aind+ephys/version-v1.2.4_codebase-v0.3.49_params-1cbdbee_config-7940dfd_attempt-1/dataset_description.json"": ""4885ce3d-4e86-49f9-9a84-59733e0de0a6""}"		"{""derivatives/dandiset-000710/sub-VR32/sub-VR32_ecephys/pipeline-aind+ephys/version-v1.2.4_codebase-v0.3.49_params-1cbdbee_config-7940dfd_attempt-1/logs/dag.html"": ""374d93d6-f54a-49e3-9bd4-23cc49c2e489"", ""derivatives/dandiset-000710/sub-VR32/sub-VR32_ecephys/pipeline-aind+ephys/version-v1.2.4_codebase-v0.3.49_params-1cbdbee_config-7940dfd_attempt-1/logs/job-17953910_slurm.log"": ""f00ed526-d924-494f-8186-d1ffd5549402"", ""derivatives/dandiset-000710/sub-VR32/sub-VR32_ecephys/pipeline-aind+ephys/version-v1.2.4_codebase-v0.3.49_params-1cbdbee_config-7940dfd_attempt-1/logs/nextflow.log"": ""d9f42972-47f5-4532-af76-8f401f76d273"", ""derivatives/dandiset-000710/sub-VR32/sub-VR32_ecephys/pipeline-aind+ephys/version-v1.2.4_codebase-v0.3.49_params-1cbdbee_config-7940dfd_attempt-1/logs/report.html"": ""09a574e0-9567-474e-9685-2b7e25b6c5fa"", ""derivatives/dandiset-000710/sub-VR32/sub-VR32_ecephys/pipeline-aind+ephys/version-v1.2.4_codebase-v0.3.49_params-1cbdbee_config-7940dfd_attempt-1/logs/timeline.html"": ""ed0fd201-ed47-4550-be13-cc8fd528c391"", ""derivatives/dandiset-000710/sub-VR32/sub-VR32_ecephys/pipeline-aind+ephys/version-v1.2.4_codebase-v0.3.49_params-1cbdbee_config-7940dfd_attempt-1/logs/trace.txt"": ""815ea19d-ef14-405b-8f98-7138f6e38c07""}"	2026-09-08T17:37:49.530847-04:00	2026-09-08T17:37:50.982183-04:00
000710	sub-VR33/sub-VR33_ecephys.nwb	aind+ephys	v1.2.4	1cbdbee	7940dfd	1	v0.3.49	d72cb2b8-60d1-4fca-8cf3-ae23401edcbc	467655419047	True	True	False	True	"{""derivatives/dandiset-000710/sub-VR33/sub-VR33_ecephys/pipeline-aind+ephys/version-v1.2.4_codebase-v0.3.49_params-1cbdbee_config-7940dfd_attempt-1/dataset_description.json"": ""4885ce3d-4e86-49f9-9a84-59733e0de0a6""}"		"{""derivatives/dandiset-000710/sub-VR33/sub-VR33_ecephys/pipeline-aind+ephys/version-v1.2.4_codebase-v0.3.49_params-1cbdbee_config-7940dfd_attempt-1/logs/dag.html"": ""374d93d6-f54a-49e3-9bd4-23cc49c2e489"", ""derivatives/dandiset-000710/sub-VR33/sub-VR33_ecephys/pipeline-aind+ephys/version-v1.2.4_codebase-v0.3.49_params-1cbdbee_config-7940dfd_attempt-1/logs/job-18033610_slurm.log"": ""7b552829-78d6-4040-9376-fe8a81fdea4b"", ""derivatives/dandiset-000710/sub-VR33/sub-VR33_ecephys/pipeline-aind+ephys/version-v1.2.4_codebase-v0.3.49_params-1cbdbee_config-7940dfd_attempt-1/logs/nextflow.log"": ""d995a2e8-a00f-4996-b3fe-712b0347856c"", ""derivatives/dandiset-000710/sub-VR33/sub-VR33_ecephys/pipeline-aind+ephys/version-v1.2.4_codebase-v0.3.49_params-1cbdbee_config-7940dfd_attempt-1/logs/report.html"": ""b8faecab-35c9-4b67-9cdd-3563d191df57"", ""derivatives/dandiset-000710/sub-VR33/sub-VR33_ecephys/pipeline-aind+ephys/version-v1.2.4_codebase-v0.3.49_params-1cbdbee_config-7940dfd_attempt-1/logs/timeline.html"": ""828eb034-b92c-4ac5-bee7-7031645829ec"", ""derivatives/dandiset-000710/sub-VR33/sub-VR33_ecephys/pipeline-aind+ephys/version-v1.2.4_codebase-v0.3.49_params-1cbdbee_config-7940dfd_attempt-1/logs/trace.txt"": ""1d83f7f4-5ec7-47a0-bed5-f708e32b7c17""}"	2026-09-08T17:38:01.821519-04:00	2026-09-08T17:38:03.255303-04:00
000710	sub-VR34/sub-VR34_ecephys.nwb	aind+ephys	v1.2.4	1cbdbee	7940dfd	1	v0.3.49	64389356-ed28-4b5c-bec7-d4215eaaa743	662405332994	True	True	False	True	"{""derivatives/dandiset-000710/sub-VR34/sub-VR34_ecephys/pipeline-aind+ephys/version-v1.2.4_codebase-v0.3.49_params-1cbdbee_config-7940dfd_attempt-1/dataset_description.json"": ""4885ce3d-4e86-49f9-9a84-59733e0de0a6""}"		"{""derivatives/dandiset-000710/sub-VR34/sub-VR34_ecephys/pipeline-aind+ephys/version-v1.2.4_codebase-v0.3.49_params-1cbdbee_config-7940dfd_attempt-1/logs/dag.html"": ""374d93d6-f54a-49e3-9bd4-23cc49c2e489"", ""derivatives/dandiset-000710/sub-VR34/sub-VR34_ecephys/pipeline-aind+ephys/version-v1.2.4_codebase-v0.3.49_params-1cbdbee_config-7940dfd_attempt-1/logs/job-17411428_slurm.log"": ""6cd131dc-a7d0-4ab2-b285-a97dc4455a91"", ""derivatives/dandiset-000710/sub-VR34/sub-VR34_ecephys/pipeline-aind+ephys/version-v1.2.4_codebase-v0.3.49_params-1cbdbee_config-7940dfd_attempt-1/logs/nextflow.log"": ""32897237-8cbe-46ec-b363-2744966f1d3b"", ""derivatives/dandiset-000710/sub-VR34/sub-VR34_ecephys/pipeline-aind+ephys/version-v1.2.4_codebase-v0.3.49_params-1cbdbee_config-7940dfd_attempt-1/logs/report.html"": ""a8d9c163-33dc-41fc-abc5-e8569b80ecd3"", ""derivatives/dandiset-000710/sub-VR34/sub-VR34_ecephys/pipeline-aind+ephys/version-v1.2.4_codebase-v0.3.49_params-1cbdbee_config-7940dfd_attempt-1/logs/timeline.html"": ""82adea7a-4a91-47c8-b5de-921ff3763f18"", ""derivatives/dandiset-000710/sub-VR34/sub-VR34_ecephys/pipeline-aind+ephys/version-v1.2.4_codebase-v0.3.49_params-1cbdbee_config-7940dfd_attempt-1/logs/trace.txt"": ""41f13d9e-4009-4f02-83ab-1ec71c7da671""}"	2026-09-08T17:38:13.986010-04:00	2026-09-08T17:38:15.179869-04:00
000710	sub-VR34/sub-VR34_ecephys.nwb	aind+ephys	v1.2.4	1cbdbee	7940dfd	2	v0.3.49	64389356-ed28-4b5c-bec7-d4215eaaa743	662405332994	True	True	False	True	"{""derivatives/dandiset-000710/sub-VR34/sub-VR34_ecephys/pipeline-aind+ephys/version-v1.2.4_codebase-v0.3.49_params-1cbdbee_config-7940dfd_attempt-2/dataset_description.json"": ""4885ce3d-4e86-49f9-9a84-59733e0de0a6""}"		"{""derivatives/dandiset-000710/sub-VR34/sub-VR34_ecephys/pipeline-aind+ephys/version-v1.2.4_codebase-v0.3.49_params-1cbdbee_config-7940dfd_attempt-2/logs/dag.html"": ""374d93d6-f54a-49e3-9bd4-23cc49c2e489"", ""derivatives/dandiset-000710/sub-VR34/sub-VR34_ecephys/pipeline-aind+ephys/version-v1.2.4_codebase-v0.3.49_params-1cbdbee_config-7940dfd_attempt-2/logs/job-17571670_slurm.log"": ""6206c00e-280b-4e25-9af2-cb3b494febe2"", ""derivatives/dandiset-000710/sub-VR34/sub-VR34_ecephys/pipeline-aind+ephys/version-v1.2.4_codebase-v0.3.49_params-1cbdbee_config-7940dfd_attempt-2/logs/nextflow.log"": ""511bfe92-99bd-452a-9809-a24751a3fc47"", ""derivatives/dandiset-000710/sub-VR34/sub-VR34_ecephys/pipeline-aind+ephys/version-v1.2.4_codebase-v0.3.49_params-1cbdbee_config-7940dfd_attempt-2/logs/report.html"": ""46981ef2-692a-458b-a0fe-12588a728a37"", ""derivatives/dandiset-000710/sub-VR34/sub-VR34_ecephys/pipeline-aind+ephys/version-v1.2.4_codebase-v0.3.49_params-1cbdbee_config-7940dfd_attempt-2/logs/timeline.html"": ""4be62d2f-3fc3-46df-8fbf-51fc1445db1d"", ""derivatives/dandiset-000710/sub-VR34/sub-VR34_ecephys/pipeline-aind+ephys/version-v1.2.4_codebase-v0.3.49_params-1cbdbee_config-7940dfd_attempt-2/logs/trace.txt"": ""744e18dc-5c19-48cf-bfee-8a9809adeea3""}"	2026-09-08T17:38:25.734464-04:00	2026-09-08T17:38:26.845932-04:00
000710	sub-VR35/sub-VR35_ecephys.nwb	aind+ephys	v1.2.4	1cbdbee	7940dfd	1	v0.3.49	fcb75623-3784-49f6-a9d4-fe996bb7ea90	398179665597	True	True	False	True	"{""derivatives/dandiset-000710/sub-VR35/sub-VR35_ecephys/pipeline-aind+ephys/version-v1.2.4_codebase-v0.3.49_params-1cbdbee_config-7940dfd_attempt-1/dataset_description.json"": ""4885ce3d-4e86-49f9-9a84-59733e0de0a6""}"		"{""derivatives/dandiset-000710/sub-VR35/sub-VR35_ecephys/pipeline-aind+ephys/version-v1.2.4_codebase-v0.3.49_params-1cbdbee_config-7940dfd_attempt-1/logs/dag.html"": ""374d93d6-f54a-49e3-9bd4-23cc49c2e489"", ""derivatives/dandiset-000710/sub-VR35/sub-VR35_ecephys/pipeline-aind+ephys/version-v1.2.4_codebase-v0.3.49_params-1cbdbee_config-7940dfd_attempt-1/logs/job-17571674_slurm.log"": ""e668432a-1e31-4218-b668-5dc9288aab7e"", ""derivatives/dandiset-000710/sub-VR35/sub-VR35_ecephys/pipeline-aind+ephys/version-v1.2.4_codebase-v0.3.49_params-1cbdbee_config-7940dfd_attempt-1/logs/nextflow.log"": ""6d0daf5c-b334-49b8-bdb6-c6b3e0fea477"", ""derivatives/dandiset-000710/sub-VR35/sub-VR35_ecephys/pipeline-aind+ephys/version-v1.2.4_codebase-v0.3.49_params-1cbdbee_config-7940dfd_attempt-1/logs/report.html"": ""ae861fdd-4845-47bd-9418-848d5f22d996"", ""derivatives/dandiset-000710/sub-VR35/sub-VR35_ecephys/pipeline-aind+ephys/version-v1.2.4_codebase-v0.3.49_params-1cbdbee_config-7940dfd_attempt-1/logs/timeline.html"": ""139e1da8-07a1-40cf-bd6b-ddd5d1c41420"", ""derivatives/dandiset-000710/sub-VR35/sub-VR35_ecephys/pipeline-aind+ephys/version-v1.2.4_codebase-v0.3.49_params-1cbdbee_config-7940dfd_attempt-1/logs/trace.txt"": ""dc6e7c9f-89ee-4fe1-a808-43402895830f""}"	2026-09-08T17:38:37.516109-04:00	2026-09-08T17:38:38.631235-04:00
000710	sub-VR35/sub-VR35_ecephys.nwb	aind+ephys	v1.2.4	1cbdbee	7940dfd	2	v0.3.49	fcb75623-3784-49f6-a9d4-fe996bb7ea90	398179665597	True	True	False	True	"{""derivatives/dandiset-000710/sub-VR35/sub-VR35_ecephys/pipeline-aind+ephys/version-v1.2.4_codebase-v0.3.49_params-1cbdbee_config-7940dfd_attempt-2/dataset_description.json"": ""4885ce3d-4e86-49f9-9a84-59733e0de0a6""}"		"{""derivatives/dandiset-000710/sub-VR35/sub-VR35_ecephys/pipeline-aind+ephys/version-v1.2.4_codebase-v0.3.49_params-1cbdbee_config-7940dfd_attempt-2/logs/dag.html"": ""374d93d6-f54a-49e3-9bd4-23cc49c2e489"", ""derivatives/dandiset-000710/sub-VR35/sub-VR35_ecephys/pipeline-aind+ephys/version-v1.2.4_codebase-v0.3.49_params-1cbdbee_config-7940dfd_attempt-2/logs/job-17573389_slurm.log"": ""40f005a5-7a12-4853-bfbe-bf9b2e3ae2cd"", ""derivatives/dandiset-000710/sub-VR35/sub-VR35_ecephys/pipeline-aind+ephys/version-v1.2.4_codebase-v0.3.49_params-1cbdbee_config-7940dfd_attempt-2/logs/nextflow.log"": ""1fed36e6-696f-4b21-a15a-009e990988d2"", ""derivatives/dandiset-000710/sub-VR35/sub-VR35_ecephys/pipeline-aind+ephys/version-v1.2.4_codebase-v0.3.49_params-1cbdbee_config-7940dfd_attempt-2/logs/report.html"": ""5b66eaea-567e-4198-985d-aa9d6a4d3061"", ""derivatives/dandiset-000710/sub-VR35/sub-VR35_ecephys/pipeline-aind+ephys/version-v1.2.4_codebase-v0.3.49_params-1cbdbee_config-7940dfd_attempt-2/logs/timeline.html"": ""8ec40e8d-8394-4d2b-874a-5c4cb8bf796d"", ""derivatives/dandiset-000710/sub-VR35/sub-VR35_ecephys/pipeline-aind+ephys/version-v1.2.4_codebase-v0.3.49_params-1cbdbee_config-7940dfd_attempt-2/logs/trace.txt"": ""a807a153-465c-4e11-b5fb-b092eb3d8fb4""}"	2026-09-08T17:38:49.111973-04:00	2026-09-08T17:38:50.195232-04:00
000710	sub-VR35/sub-VR35_ecephys.nwb	aind+ephys	v1.2.4	1cbdbee	7940dfd	3	v0.3.49	fcb75623-3784-49f6-a9d4-fe996bb7ea90	398179665597	True	True	False	True	"{""derivatives/dandiset-000710/sub-VR35/sub-VR35_ecephys/pipeline-aind+ephys/version-v1.2.4_codebase-v0.3.49_params-1cbdbee_config-7940dfd_attempt-3/dataset_description.json"": ""4885ce3d-4e86-49f9-9a84-59733e0de0a6""}"		"{""derivatives/dandiset-000710/sub-VR35/sub-VR35_ecephys/pipeline-aind+ephys/version-v1.2.4_codebase-v0.3.49_params-1cbdbee_config-7940dfd_attempt-3/logs/dag.html"": ""374d93d6-f54a-49e3-9bd4-23cc49c2e489"", ""derivatives/dandiset-000710/sub-VR35/sub-VR35_ecephys/pipeline-aind+ephys/version-v1.2.4_codebase-v0.3.49_params-1cbdbee_config-7940dfd_attempt-3/logs/job-17574134_slurm.log"": ""88c40c72-f993-4418-9586-4ade8f69afd2"", ""derivatives/dandiset-000710/sub-VR35/sub-VR35_ecephys/pipeline-aind+ephys/version-v1.2.4_codebase-v0.3.49_params-1cbdbee_config-7940dfd_attempt-3/logs/nextflow.log"": ""d2fe1b44-a82c-431f-aa7f-9eed54ac9c58"", ""derivatives/dandiset-000710/sub-VR35/sub-VR35_ecephys/pipeline-aind+ephys/version-v1.2.4_codebase-v0.3.49_params-1cbdbee_config-7940dfd_attempt-3/logs/report.html"": ""7c1559ff-7608-4fe8-a6bb-74f0f0e3c5cd"", ""derivatives/dandiset-000710/sub-VR35/sub-VR35_ecephys/pipeline-aind+ephys/version-v1.2.4_codebase-v0.3.49_params-1cbdbee_config-7940dfd_attempt-3/logs/timeline.html"": ""75ff381f-dac7-47a5-9b72-f690bc6f8eca"", ""derivatives/dandiset-000710/sub-VR35/sub-VR35_ecephys/pipeline-aind+ephys/version-v1.2.4_codebase-v0.3.49_params-1cbdbee_config-7940dfd_attempt-3/logs/trace.txt"": ""4266b333-8dbc-4a63-9af1-07bbf4ee75cd""}"	2026-09-08T17:39:00.575726-04:00	2026-09-08T17:39:01.756915-04:00
000717	sub-mock/sub-mock_ses-ecephys1.nwb	aind+ephys	v1.2.2	1cbdbee	7940dfd	1	v0.3.28	dc302863-52b3-4675-9b5e-cf5f8c7636a7	197784	True	True	False	True	"{""derivatives/dandiset-000717/sub-mock/sub-mock_ses-ecephys1/pipeline-aind+ephys/version-v1.2.2_codebase-v0.3.28_params-1cbdbee_config-7940dfd_attempt-1/dataset_description.json"": ""844d8117-bf50-400e-8a67-6fc0eed7516b""}"		"{""derivatives/dandiset-000717/sub-mock/sub-mock_ses-ecephys1/pipeline-aind+ephys/version-v1.2.2_codebase-v0.3.28_params-1cbdbee_config-7940dfd_attempt-1/logs/dag.html"": ""374d93d6-f54a-49e3-9bd4-23cc49c2e489"", ""derivatives/dandiset-000717/sub-mock/sub-mock_ses-ecephys1/pipeline-aind+ephys/version-v1.2.2_codebase-v0.3.28_params-1cbdbee_config-7940dfd_attempt-1/logs/job-15578500_slurm.log"": ""81cbacde-4490-4fef-9225-54aa6774a21b"", ""derivatives/dandiset-000717/sub-mock/sub-mock_ses-ecephys1/pipeline-aind+ephys/version-v1.2.2_codebase-v0.3.28_params-1cbdbee_config-7940dfd_attempt-1/logs/nextflow.log"": ""b25586a8-a552-4862-889a-3647db47984d"", ""derivatives/dandiset-000717/sub-mock/sub-mock_ses-ecephys1/pipeline-aind+ephys/version-v1.2.2_codebase-v0.3.28_params-1cbdbee_config-7940dfd_attempt-1/logs/report.html"": ""f1dff9fa-67e5-4210-abc3-c4224910c55a"", ""derivatives/dandiset-000717/sub-mock/sub-mock_ses-ecephys1/pipeline-aind+ephys/version-v1.2.2_codebase-v0.3.28_params-1cbdbee_config-7940dfd_attempt-1/logs/timeline.html"": ""84752602-90c2-42b8-9235-4018ac24474e"", ""derivatives/dandiset-000717/sub-mock/sub-mock_ses-ecephys1/pipeline-aind+ephys/version-v1.2.2_codebase-v0.3.28_params-1cbdbee_config-7940dfd_attempt-1/logs/trace.txt"": ""25f487ff-5bfd-43d0-99a6-6558a87446c6""}"	2026-09-08T17:39:12.382483-04:00	2026-09-08T17:39:13.396376-04:00
000717	sub-mock/sub-mock_ses-ecephys1.nwb	aind+ephys	v1.2.2	1cbdbee	7940dfd	2	v0.3.28	dc302863-52b3-4675-9b5e-cf5f8c7636a7	197784	True	True	False	True	"{""derivatives/dandiset-000717/sub-mock/sub-mock_ses-ecephys1/pipeline-aind+ephys/version-v1.2.2_codebase-v0.3.28_params-1cbdbee_config-7940dfd_attempt-2/dataset_description.json"": ""844d8117-bf50-400e-8a67-6fc0eed7516b""}"		"{""derivatives/dandiset-000717/sub-mock/sub-mock_ses-ecephys1/pipeline-aind+ephys/version-v1.2.2_codebase-v0.3.28_params-1cbdbee_config-7940dfd_attempt-2/logs/dag.html"": ""374d93d6-f54a-49e3-9bd4-23cc49c2e489"", ""derivatives/dandiset-000717/sub-mock/sub-mock_ses-ecephys1/pipeline-aind+ephys/version-v1.2.2_codebase-v0.3.28_params-1cbdbee_config-7940dfd_attempt-2/logs/job-15584474_slurm.log"": ""06850f4d-e156-4ded-a33a-b99ee25939f1"", ""derivatives/dandiset-000717/sub-mock/sub-mock_ses-ecephys1/pipeline-aind+ephys/version-v1.2.2_codebase-v0.3.28_params-1cbdbee_config-7940dfd_attempt-2/logs/nextflow.log"": ""8cc23920-e082-43f7-9bdd-c7c4f7af8e45"", ""derivatives/dandiset-000717/sub-mock/sub-mock_ses-ecephys1/pipeline-aind+ephys/version-v1.2.2_codebase-v0.3.28_params-1cbdbee_config-7940dfd_attempt-2/logs/report.html"": ""b85234d8-0561-40f5-a69d-5deb3936891b"", ""derivatives/dandiset-000717/sub-mock/sub-mock_ses-ecephys1/pipeline-aind+ephys/version-v1.2.2_codebase-v0.3.28_params-1cbdbee_config-7940dfd_attempt-2/logs/timeline.html"": ""100186cf-3129-4cab-b030-3a3146199ccc"", ""derivatives/dandiset-000717/sub-mock/sub-mock_ses-ecephys1/pipeline-aind+ephys/version-v1.2.2_codebase-v0.3.28_params-1cbdbee_config-7940dfd_attempt-2/logs/trace.txt"": ""3f1a2111-afa1-4c03-8b0c-822f13e94b7c""}"	2026-09-08T17:39:26.297429-04:00	2026-09-08T17:39:27.875207-04:00
000717	sub-mock/sub-mock_ses-ecephys1.nwb	aind+ephys	v1.2.2	1cbdbee	7940dfd	3	v0.3.28	dc302863-52b3-4675-9b5e-cf5f8c7636a7	197784	True	True	False	True	"{""derivatives/dandiset-000717/sub-mock/sub-mock_ses-ecephys1/pipeline-aind+ephys/version-v1.2.2_codebase-v0.3.28_params-1cbdbee_config-7940dfd_attempt-3/dataset_description.json"": ""844d8117-bf50-400e-8a67-6fc0eed7516b""}"		"{""derivatives/dandiset-000717/sub-mock/sub-mock_ses-ecephys1/pipeline-aind+ephys/version-v1.2.2_codebase-v0.3.28_params-1cbdbee_config-7940dfd_attempt-3/logs/dag.html"": ""374d93d6-f54a-49e3-9bd4-23cc49c2e489"", ""derivatives/dandiset-000717/sub-mock/sub-mock_ses-ecephys1/pipeline-aind+ephys/version-v1.2.2_codebase-v0.3.28_params-1cbdbee_config-7940dfd_attempt-3/logs/job-15657222_slurm.log"": ""b216e791-b42e-4afc-9bc7-27867389777f"", ""derivatives/dandiset-000717/sub-mock/sub-mock_ses-ecephys1/pipeline-aind+ephys/version-v1.2.2_codebase-v0.3.28_params-1cbdbee_config-7940dfd_attempt-3/logs/nextflow.log"": ""6dd7e6bb-df4c-49bf-81f3-32e539bba2b3"", ""derivatives/dandiset-000717/sub-mock/sub-mock_ses-ecephys1/pipeline-aind+ephys/version-v1.2.2_codebase-v0.3.28_params-1cbdbee_config-7940dfd_attempt-3/logs/report.html"": ""0082e472-c2ae-4618-931e-b47506542c8d"", ""derivatives/dandiset-000717/sub-mock/sub-mock_ses-ecephys1/pipeline-aind+ephys/version-v1.2.2_codebase-v0.3.28_params-1cbdbee_config-7940dfd_attempt-3/logs/timeline.html"": ""e403d6f9-d5e0-4c91-84b8-d60d2c5a3814"", ""derivatives/dandiset-000717/sub-mock/sub-mock_ses-ecephys1/pipeline-aind+ephys/version-v1.2.2_codebase-v0.3.28_params-1cbdbee_config-7940dfd_attempt-3/logs/trace.txt"": ""749f6608-82ed-4420-9414-4cc4377ecbbc""}"	2026-09-08T17:39:38.606717-04:00	2026-09-08T17:39:39.748088-04:00
000876	sub-M388/sub-M388_ecephys.nwb	aind+ephys	v1.2.2	1cbdbee	0d4bf36	1	v0.3.27	c12ad4e5-8e90-4253-a82c-7cb11c27653e	18608927811	True	True	False	True	"{""derivatives/dandiset-000876/sub-M388/sub-M388_ecephys/pipeline-aind+ephys/version-v1.2.2_codebase-v0.3.27_params-1cbdbee_config-0d4bf36_attempt-1/dataset_description.json"": ""3d133a3c-9ace-4b96-9dfb-ab877be0cc93""}"		"{""derivatives/dandiset-000876/sub-M388/sub-M388_ecephys/pipeline-aind+ephys/version-v1.2.2_codebase-v0.3.27_params-1cbdbee_config-0d4bf36_attempt-1/logs/dag.html"": ""374d93d6-f54a-49e3-9bd4-23cc49c2e489"", ""derivatives/dandiset-000876/sub-M388/sub-M388_ecephys/pipeline-aind+ephys/version-v1.2.2_codebase-v0.3.27_params-1cbdbee_config-0d4bf36_attempt-1/logs/job-15543328_slurm.log"": ""c49872f8-8d7c-4f70-b36a-52d83e1e77ef"", ""derivatives/dandiset-000876/sub-M388/sub-M388_ecephys/pipeline-aind+ephys/version-v1.2.2_codebase-v0.3.27_params-1cbdbee_config-0d4bf36_attempt-1/logs/nextflow.log"": ""b789ddc3-4113-4ccb-898f-e2cf6a90e05f"", ""derivatives/dandiset-000876/sub-M388/sub-M388_ecephys/pipeline-aind+ephys/version-v1.2.2_codebase-v0.3.27_params-1cbdbee_config-0d4bf36_attempt-1/logs/report.html"": ""740b6491-102f-4ab6-8349-e4f62bb2f9df"", ""derivatives/dandiset-000876/sub-M388/sub-M388_ecephys/pipeline-aind+ephys/version-v1.2.2_codebase-v0.3.27_params-1cbdbee_config-0d4bf36_attempt-1/logs/timeline.html"": ""d515495b-eea4-4415-a8e9-f088d52678c6"", ""derivatives/dandiset-000876/sub-M388/sub-M388_ecephys/pipeline-aind+ephys/version-v1.2.2_codebase-v0.3.27_params-1cbdbee_config-0d4bf36_attempt-1/logs/trace.txt"": ""44bb9318-df33-4224-b056-d450d049a020""}"	2026-09-08T17:39:51.244439-04:00	2026-09-08T17:39:52.656914-04:00
000876	sub-M388/sub-M388_ecephys.nwb	aind+ephys	v1.2.2	1cbdbee	7940dfd	1	v0.3.28	c12ad4e5-8e90-4253-a82c-7cb11c27653e	18608927811	True	True	False	True	"{""derivatives/dandiset-000876/sub-M388/sub-M388_ecephys/pipeline-aind+ephys/version-v1.2.2_codebase-v0.3.28_params-1cbdbee_config-7940dfd_attempt-1/dataset_description.json"": ""54af4f9f-f282-4048-9185-07cc860e0510""}"		"{""derivatives/dandiset-000876/sub-M388/sub-M388_ecephys/pipeline-aind+ephys/version-v1.2.2_codebase-v0.3.28_params-1cbdbee_config-7940dfd_attempt-1/logs/dag.html"": ""374d93d6-f54a-49e3-9bd4-23cc49c2e489"", ""derivatives/dandiset-000876/sub-M388/sub-M388_ecephys/pipeline-aind+ephys/version-v1.2.2_codebase-v0.3.28_params-1cbdbee_config-7940dfd_attempt-1/logs/job-15550524_slurm.log"": ""5bf32751-abd1-4662-9aeb-e62f64b558a4"", ""derivatives/dandiset-000876/sub-M388/sub-M388_ecephys/pipeline-aind+ephys/version-v1.2.2_codebase-v0.3.28_params-1cbdbee_config-7940dfd_attempt-1/logs/nextflow.log"": ""866b7251-9b7e-401c-8e10-cf4628230897"", ""derivatives/dandiset-000876/sub-M388/sub-M388_ecephys/pipeline-aind+ephys/version-v1.2.2_codebase-v0.3.28_params-1cbdbee_config-7940dfd_attempt-1/logs/report.html"": ""790f298c-53fe-45b9-9e4d-b9202f046ea2"", ""derivatives/dandiset-000876/sub-M388/sub-M388_ecephys/pipeline-aind+ephys/version-v1.2.2_codebase-v0.3.28_params-1cbdbee_config-7940dfd_attempt-1/logs/timeline.html"": ""40074087-1606-4024-ad6b-101167edd7bd"", ""derivatives/dandiset-000876/sub-M388/sub-M388_ecephys/pipeline-aind+ephys/version-v1.2.2_codebase-v0.3.28_params-1cbdbee_config-7940dfd_attempt-1/logs/trace.txt"": ""137673dd-4347-4c40-8d97-a6442ae25e6d""}"	2026-09-08T17:40:06.007985-04:00	2026-09-08T17:40:07.345446-04:00
000876	sub-M388/sub-M388_ecephys.nwb	aind+ephys	v1.2.2	1cbdbee	7940dfd	2	v0.3.28	c12ad4e5-8e90-4253-a82c-7cb11c27653e	18608927811	True	True	False	True	"{""derivatives/dandiset-000876/sub-M388/sub-M388_ecephys/pipeline-aind+ephys/version-v1.2.2_codebase-v0.3.28_params-1cbdbee_config-7940dfd_attempt-2/dataset_description.json"": ""54af4f9f-f282-4048-9185-07cc860e0510""}"		"{""derivatives/dandiset-000876/sub-M388/sub-M388_ecephys/pipeline-aind+ephys/version-v1.2.2_codebase-v0.3.28_params-1cbdbee_config-7940dfd_attempt-2/logs/dag.html"": ""374d93d6-f54a-49e3-9bd4-23cc49c2e489"", ""derivatives/dandiset-000876/sub-M388/sub-M388_ecephys/pipeline-aind+ephys/version-v1.2.2_codebase-v0.3.28_params-1cbdbee_config-7940dfd_attempt-2/logs/job-15578502_slurm.log"": ""6a221b4f-c72d-4ded-a602-e558912535d9"", ""derivatives/dandiset-000876/sub-M388/sub-M388_ecephys/pipeline-aind+ephys/version-v1.2.2_codebase-v0.3.28_params-1cbdbee_config-7940dfd_attempt-2/logs/nextflow.log"": ""758c0d28-201b-4243-b6b3-ba8c683b2a2e"", ""derivatives/dandiset-000876/sub-M388/sub-M388_ecephys/pipeline-aind+ephys/version-v1.2.2_codebase-v0.3.28_params-1cbdbee_config-7940dfd_attempt-2/logs/report.html"": ""2d3cbc63-3317-4093-b829-171dd5549044"", ""derivatives/dandiset-000876/sub-M388/sub-M388_ecephys/pipeline-aind+ephys/version-v1.2.2_codebase-v0.3.28_params-1cbdbee_config-7940dfd_attempt-2/logs/timeline.html"": ""c8d3753d-2fbe-4943-8fd3-0588438b7610"", ""derivatives/dandiset-000876/sub-M388/sub-M388_ecephys/pipeline-aind+ephys/version-v1.2.2_codebase-v0.3.28_params-1cbdbee_config-7940dfd_attempt-2/logs/trace.txt"": ""3007a577-2864-4b5d-af7a-f8e0c52286c9""}"	2026-09-08T17:40:19.250243-04:00	2026-09-08T17:40:20.453169-04:00
000876	sub-M388/sub-M388_ecephys.nwb	aind+ephys	v1.2.4	1cbdbee	7940dfd	1	v0.3.49	c12ad4e5-8e90-4253-a82c-7cb11c27653e	18608927811	True	True	False	True	"{""derivatives/dandiset-000876/sub-M388/sub-M388_ecephys/pipeline-aind+ephys/version-v1.2.4_codebase-v0.3.49_params-1cbdbee_config-7940dfd_attempt-1/dataset_description.json"": ""0b48f343-3334-4cb8-a171-08c632c2f1d5""}"		"{""derivatives/dandiset-000876/sub-M388/sub-M388_ecephys/pipeline-aind+ephys/version-v1.2.4_codebase-v0.3.49_params-1cbdbee_config-7940dfd_attempt-1/logs/dag.html"": ""374d93d6-f54a-49e3-9bd4-23cc49c2e489"", ""derivatives/dandiset-000876/sub-M388/sub-M388_ecephys/pipeline-aind+ephys/version-v1.2.4_codebase-v0.3.49_params-1cbdbee_config-7940dfd_attempt-1/logs/job-18465266_slurm.log"": ""e948c8be-2aca-49b5-a979-3e07b0d94b7d"", ""derivatives/dandiset-000876/sub-M388/sub-M388_ecephys/pipeline-aind+ephys/version-v1.2.4_codebase-v0.3.49_params-1cbdbee_config-7940dfd_attempt-1/logs/nextflow.log"": ""b7a35aba-7eb7-4c1e-8120-8818e4d28aa8"", ""derivatives/dandiset-000876/sub-M388/sub-M388_ecephys/pipeline-aind+ephys/version-v1.2.4_codebase-v0.3.49_params-1cbdbee_config-7940dfd_attempt-1/logs/report.html"": ""6001b526-9e8a-4081-97d2-9b7536b6b49f"", ""derivatives/dandiset-000876/sub-M388/sub-M388_ecephys/pipeline-aind+ephys/version-v1.2.4_codebase-v0.3.49_params-1cbdbee_config-7940dfd_attempt-1/logs/timeline.html"": ""e8e639ce-d244-4653-9489-8d60fa7d4d8d"", ""derivatives/dandiset-000876/sub-M388/sub-M388_ecephys/pipeline-aind+ephys/version-v1.2.4_codebase-v0.3.49_params-1cbdbee_config-7940dfd_attempt-1/logs/trace.txt"": ""85db4743-525f-4135-a661-53fe971d7921""}"	2026-09-08T17:40:31.528470-04:00	2026-09-08T17:40:32.577543-04:00
000876	sub-M388/sub-M388_ecephys.nwb	aind+ephys	v1.2.4	1cbdbee	7940dfd	2	v0.3.49	c12ad4e5-8e90-4253-a82c-7cb11c27653e	18608927811	True	True	False	True	"{""derivatives/dandiset-000876/sub-M388/sub-M388_ecephys/pipeline-aind+ephys/version-v1.2.4_codebase-v0.3.49_params-1cbdbee_config-7940dfd_attempt-2/dataset_description.json"": ""0b48f343-3334-4cb8-a171-08c632c2f1d5""}"		"{""derivatives/dandiset-000876/sub-M388/sub-M388_ecephys/pipeline-aind+ephys/version-v1.2.4_codebase-v0.3.49_params-1cbdbee_config-7940dfd_attempt-2/logs/dag.html"": ""374d93d6-f54a-49e3-9bd4-23cc49c2e489"", ""derivatives/dandiset-000876/sub-M388/sub-M388_ecephys/pipeline-aind+ephys/version-v1.2.4_codebase-v0.3.49_params-1cbdbee_config-7940dfd_attempt-2/logs/job-18685538_slurm.log"": ""40247b37-5a26-47bb-bd13-4f5823484ea3"", ""derivatives/dandiset-000876/sub-M388/sub-M388_ecephys/pipeline-aind+ephys/version-v1.2.4_codebase-v0.3.49_params-1cbdbee_config-7940dfd_attempt-2/logs/nextflow.log"": ""f130181d-1295-4b49-bcc0-381a371a1873"", ""derivatives/dandiset-000876/sub-M388/sub-M388_ecephys/pipeline-aind+ephys/version-v1.2.4_codebase-v0.3.49_params-1cbdbee_config-7940dfd_attempt-2/logs/report.html"": ""b9314cba-ae92-4d7a-baa3-b7bd5332934e"", ""derivatives/dandiset-000876/sub-M388/sub-M388_ecephys/pipeline-aind+ephys/version-v1.2.4_codebase-v0.3.49_params-1cbdbee_config-7940dfd_attempt-2/logs/timeline.html"": ""13b0c5b2-a7e1-4846-8f3c-1b6ac99debd0"", ""derivatives/dandiset-000876/sub-M388/sub-M388_ecephys/pipeline-aind+ephys/version-v1.2.4_codebase-v0.3.49_params-1cbdbee_config-7940dfd_attempt-2/logs/trace.txt"": ""3c39bbee-7f5f-4735-80ed-b996bcb82bdd""}"	2026-09-08T17:40:42.925601-04:00	2026-09-08T17:40:43.952472-04:00
000897	sub-amadeus/sub-amadeus_ses-08292019_ecephys.nwb	aind+ephys	v1.2.4	1cbdbee	7940dfd	1	v0.3.49	d6a569fc-5ca8-451a-8443-071f6add7742	13940823323	True	True	False	True	"{""derivatives/dandiset-000897/sub-amadeus/sub-amadeus_ses-08292019_ecephys/pipeline-aind+ephys/version-v1.2.4_codebase-v0.3.49_params-1cbdbee_config-7940dfd_attempt-1/dataset_description.json"": ""1b931747-db10-4891-8c6e-50d5083e4da2""}"		"{""derivatives/dandiset-000897/sub-amadeus/sub-amadeus_ses-08292019_ecephys/pipeline-aind+ephys/version-v1.2.4_codebase-v0.3.49_params-1cbdbee_config-7940dfd_attempt-1/logs/dag.html"": ""374d93d6-f54a-49e3-9bd4-23cc49c2e489"", ""derivatives/dandiset-000897/sub-amadeus/sub-amadeus_ses-08292019_ecephys/pipeline-aind+ephys/version-v1.2.4_codebase-v0.3.49_params-1cbdbee_config-7940dfd_attempt-1/logs/job-18961119_slurm.log"": ""3561072d-cafd-410f-bf37-e52bd775de9f"", ""derivatives/dandiset-000897/sub-amadeus/sub-amadeus_ses-08292019_ecephys/pipeline-aind+ephys/version-v1.2.4_codebase-v0.3.49_params-1cbdbee_config-7940dfd_attempt-1/logs/nextflow.log"": ""1613196d-c858-4872-b52f-f06b31961cd6"", ""derivatives/dandiset-000897/sub-amadeus/sub-amadeus_ses-08292019_ecephys/pipeline-aind+ephys/version-v1.2.4_codebase-v0.3.49_params-1cbdbee_config-7940dfd_attempt-1/logs/report.html"": ""d44adfb7-8cd3-4d65-9ad7-295746fd2d5c"", ""derivatives/dandiset-000897/sub-amadeus/sub-amadeus_ses-08292019_ecephys/pipeline-aind+ephys/version-v1.2.4_codebase-v0.3.49_params-1cbdbee_config-7940dfd_attempt-1/logs/timeline.html"": ""07048f80-83e1-4ba1-9d27-e3e11772385a"", ""derivatives/dandiset-000897/sub-amadeus/sub-amadeus_ses-08292019_ecephys/pipeline-aind+ephys/version-v1.2.4_codebase-v0.3.49_params-1cbdbee_config-7940dfd_attempt-1/logs/trace.txt"": ""622aec64-09e1-4b47-a80a-0d2cc282e0d1""}"	2026-09-08T17:40:54.204502-04:00	2026-09-08T17:40:55.381779-04:00
000897	sub-amadeus/sub-amadeus_ses-09172019_ecephys.nwb	aind+ephys	v1.2.2	1cbdbee	7940dfd	1	v0.3.34	1d19e6a3-dd7a-497c-9235-cd441d7434c1	13488593491	True	True	False	True	"{""derivatives/dandiset-000897/sub-amadeus/sub-amadeus_ses-09172019_ecephys/pipeline-aind+ephys/version-v1.2.2_codebase-v0.3.34_params-1cbdbee_config-7940dfd_attempt-1/dataset_description.json"": ""5f55804d-1cdc-4f3c-83e1-3efec3078071""}"		"{""derivatives/dandiset-000897/sub-amadeus/sub-amadeus_ses-09172019_ecephys/pipeline-aind+ephys/version-v1.2.2_codebase-v0.3.34_params-1cbdbee_config-7940dfd_attempt-1/logs/dag.html"": ""374d93d6-f54a-49e3-9bd4-23cc49c2e489"", ""derivatives/dandiset-000897/sub-amadeus/sub-amadeus_ses-09172019_ecephys/pipeline-aind+ephys/version-v1.2.2_codebase-v0.3.34_params-1cbdbee_config-7940dfd_attempt-1/logs/job-15914912_slurm.log"": ""ce5c7585-37cd-4aeb-8707-859a88e22ac0"", ""derivatives/dandiset-000897/sub-amadeus/sub-amadeus_ses-09172019_ecephys/pipeline-aind+ephys/version-v1.2.2_codebase-v0.3.34_params-1cbdbee_config-7940dfd_attempt-1/logs/nextflow.log"": ""8d719bba-25ba-46f6-a971-a7dc4e55b844"", ""derivatives/dandiset-000897/sub-amadeus/sub-amadeus_ses-09172019_ecephys/pipeline-aind+ephys/version-v1.2.2_codebase-v0.3.34_params-1cbdbee_config-7940dfd_attempt-1/logs/report.html"": ""b4cf1868-b4c4-45f2-a7e5-c971b06a6cdf"", ""derivatives/dandiset-000897/sub-amadeus/sub-amadeus_ses-09172019_ecephys/pipeline-aind+ephys/version-v1.2.2_codebase-v0.3.34_params-1cbdbee_config-7940dfd_attempt-1/logs/timeline.html"": ""b3df9131-655b-43a0-baf3-672c890166dc"", ""derivatives/dandiset-000897/sub-amadeus/sub-amadeus_ses-09172019_ecephys/pipeline-aind+ephys/version-v1.2.2_codebase-v0.3.34_params-1cbdbee_config-7940dfd_attempt-1/logs/trace.txt"": ""9f2fa588-304b-45bf-87f8-a8f71b7f4e01""}"	2026-09-08T17:41:06.020071-04:00	2026-09-08T17:41:07.220758-04:00
000897	sub-mahler/sub-mahler_ses-04122021_ecephys.nwb	aind+ephys	v1.2.4	1cbdbee	7940dfd	1	v0.3.43	c02a104c-c5ad-47d8-9668-043fe694d68b	36722779208	True	True	False	True	"{""derivatives/dandiset-000897/sub-mahler/sub-mahler_ses-04122021_ecephys/pipeline-aind+ephys/version-v1.2.4_codebase-v0.3.43_params-1cbdbee_config-7940dfd_attempt-1/dataset_description.json"": ""2005635a-960e-4bed-88fd-7bdaf37eedb7""}"		"{""derivatives/dandiset-000897/sub-mahler/sub-mahler_ses-04122021_ecephys/pipeline-aind+ephys/version-v1.2.4_codebase-v0.3.43_params-1cbdbee_config-7940dfd_attempt-1/logs/dag.html"": ""374d93d6-f54a-49e3-9bd4-23cc49c2e489"", ""derivatives/dandiset-000897/sub-mahler/sub-mahler_ses-04122021_ecephys/pipeline-aind+ephys/version-v1.2.4_codebase-v0.3.43_params-1cbdbee_config-7940dfd_attempt-1/logs/job-16440400_slurm.log"": ""7e4bafda-ddf1-4f82-8ddd-a1598e7f9738"", ""derivatives/dandiset-000897/sub-mahler/sub-mahler_ses-04122021_ecephys/pipeline-aind+ephys/version-v1.2.4_codebase-v0.3.43_params-1cbdbee_config-7940dfd_attempt-1/logs/nextflow.log"": ""0b9830ca-3d38-4854-8fc4-299521bc10bc"", ""derivatives/dandiset-000897/sub-mahler/sub-mahler_ses-04122021_ecephys/pipeline-aind+ephys/version-v1.2.4_codebase-v0.3.43_params-1cbdbee_config-7940dfd_attempt-1/logs/report.html"": ""91b2ec98-574f-4196-9b8e-1d17612afe42"", ""derivatives/dandiset-000897/sub-mahler/sub-mahler_ses-04122021_ecephys/pipeline-aind+ephys/version-v1.2.4_codebase-v0.3.43_params-1cbdbee_config-7940dfd_attempt-1/logs/timeline.html"": ""f49f8f4f-9a6b-4213-8d1e-458e461d94da"", ""derivatives/dandiset-000897/sub-mahler/sub-mahler_ses-04122021_ecephys/pipeline-aind+ephys/version-v1.2.4_codebase-v0.3.43_params-1cbdbee_config-7940dfd_attempt-1/logs/trace.txt"": ""368c766c-e33c-41dd-8131-78a5abbca34d""}"	2026-09-08T17:41:17.849363-04:00	2026-09-08T17:41:19.194716-04:00
000897	sub-mahler/sub-mahler_ses-04132021_ecephys.nwb	aind+ephys	v1.2.4	1cbdbee	7940dfd	1	v0.3.39	166dd388-a1e1-4289-a9dd-b3cd0de0a095	16268494585	True	True	False	True	"{""derivatives/dandiset-000897/sub-mahler/sub-mahler_ses-04132021_ecephys/pipeline-aind+ephys/version-v1.2.4_codebase-v0.3.39_params-1cbdbee_config-7940dfd_attempt-1/dataset_description.json"": ""e59c3bbb-89ce-4c24-b7ab-30f3a6cf5a7f""}"		"{""derivatives/dandiset-000897/sub-mahler/sub-mahler_ses-04132021_ecephys/pipeline-aind+ephys/version-v1.2.4_codebase-v0.3.39_params-1cbdbee_config-7940dfd_attempt-1/logs/job-16195059_slurm.log"": ""264c9f1e-ec0b-4605-b037-089c0167a574"", ""derivatives/dandiset-000897/sub-mahler/sub-mahler_ses-04132021_ecephys/pipeline-aind+ephys/version-v1.2.4_codebase-v0.3.39_params-1cbdbee_config-7940dfd_attempt-1/logs/nextflow.log"": ""ed344908-7ead-497b-8c7f-0ff99ab34ec0""}"	2026-06-21T12:25:04.526851-04:00	2026-06-21T12:25:05.054933-04:00
000897	sub-mahler/sub-mahler_ses-04132021_ecephys.nwb	aind+ephys	v1.2.4	1cbdbee	7940dfd	1	v0.3.42	166dd388-a1e1-4289-a9dd-b3cd0de0a095	16268494585	True	True	False	True	"{""derivatives/dandiset-000897/sub-mahler/sub-mahler_ses-04132021_ecephys/pipeline-aind+ephys/version-v1.2.4_codebase-v0.3.42_params-1cbdbee_config-7940dfd_attempt-1/dataset_description.json"": ""80640270-a83b-4661-b820-2385d6c5485a""}"		"{""derivatives/dandiset-000897/sub-mahler/sub-mahler_ses-04132021_ecephys/pipeline-aind+ephys/version-v1.2.4_codebase-v0.3.42_params-1cbdbee_config-7940dfd_attempt-1/logs/job-16217492_slurm.log"": ""56e7dddf-1a0f-48cd-a083-ac797513444f"", ""derivatives/dandiset-000897/sub-mahler/sub-mahler_ses-04132021_ecephys/pipeline-aind+ephys/version-v1.2.4_codebase-v0.3.42_params-1cbdbee_config-7940dfd_attempt-1/logs/nextflow.log"": ""de593ec7-42b7-4c2d-9c51-6716e3488f39""}"	2026-06-22T16:36:00.514648-04:00	2026-06-22T16:36:00.929031-04:00
000897	sub-mahler/sub-mahler_ses-04132021_ecephys.nwb	aind+ephys	v1.2.4	1cbdbee	7940dfd	2	v0.3.42	166dd388-a1e1-4289-a9dd-b3cd0de0a095	16268494585	True	True	False	True	"{""derivatives/dandiset-000897/sub-mahler/sub-mahler_ses-04132021_ecephys/pipeline-aind+ephys/version-v1.2.4_codebase-v0.3.42_params-1cbdbee_config-7940dfd_attempt-2/dataset_description.json"": ""80640270-a83b-4661-b820-2385d6c5485a""}"		"{""derivatives/dandiset-000897/sub-mahler/sub-mahler_ses-04132021_ecephys/pipeline-aind+ephys/version-v1.2.4_codebase-v0.3.42_params-1cbdbee_config-7940dfd_attempt-2/logs/job-16256900_slurm.log"": ""ebd39c6a-f732-4666-9458-8629c1fff96a"", ""derivatives/dandiset-000897/sub-mahler/sub-mahler_ses-04132021_ecephys/pipeline-aind+ephys/version-v1.2.4_codebase-v0.3.42_params-1cbdbee_config-7940dfd_attempt-2/logs/nextflow.log"": ""b2cac80f-bb84-441c-a40d-2796187137a9""}"	2026-06-22T16:36:22.135566-04:00	2026-06-22T16:36:22.691342-04:00
000897	sub-mahler/sub-mahler_ses-04132021_ecephys.nwb	aind+ephys	v1.2.4	1cbdbee	7940dfd	1	v0.3.43	166dd388-a1e1-4289-a9dd-b3cd0de0a095	16268494585	True	True	False	True	"{""derivatives/dandiset-000897/sub-mahler/sub-mahler_ses-04132021_ecephys/pipeline-aind+ephys/version-v1.2.4_codebase-v0.3.43_params-1cbdbee_config-7940dfd_attempt-1/dataset_description.json"": ""2005635a-960e-4bed-88fd-7bdaf37eedb7""}"		"{""derivatives/dandiset-000897/sub-mahler/sub-mahler_ses-04132021_ecephys/pipeline-aind+ephys/version-v1.2.4_codebase-v0.3.43_params-1cbdbee_config-7940dfd_attempt-1/logs/dag.html"": ""374d93d6-f54a-49e3-9bd4-23cc49c2e489"", ""derivatives/dandiset-000897/sub-mahler/sub-mahler_ses-04132021_ecephys/pipeline-aind+ephys/version-v1.2.4_codebase-v0.3.43_params-1cbdbee_config-7940dfd_attempt-1/logs/job-16419342_slurm.log"": ""6c3cfe20-20c0-4009-a977-2d9d6aec848d"", ""derivatives/dandiset-000897/sub-mahler/sub-mahler_ses-04132021_ecephys/pipeline-aind+ephys/version-v1.2.4_codebase-v0.3.43_params-1cbdbee_config-7940dfd_attempt-1/logs/nextflow.log"": ""02d833d3-79d0-443a-9f20-7915b6136217"", ""derivatives/dandiset-000897/sub-mahler/sub-mahler_ses-04132021_ecephys/pipeline-aind+ephys/version-v1.2.4_codebase-v0.3.43_params-1cbdbee_config-7940dfd_attempt-1/logs/report.html"": ""8e0d6426-f5ba-4082-94c6-3441437e15a7"", ""derivatives/dandiset-000897/sub-mahler/sub-mahler_ses-04132021_ecephys/pipeline-aind+ephys/version-v1.2.4_codebase-v0.3.43_params-1cbdbee_config-7940dfd_attempt-1/logs/timeline.html"": ""6343951d-4dd6-410c-819b-a561f8bebf38"", ""derivatives/dandiset-000897/sub-mahler/sub-mahler_ses-04132021_ecephys/pipeline-aind+ephys/version-v1.2.4_codebase-v0.3.43_params-1cbdbee_config-7940dfd_attempt-1/logs/trace.txt"": ""8d2cf80a-6962-4286-bf7e-7727ba0735d4""}"	2026-09-08T17:41:30.157514-04:00	2026-09-08T17:41:31.239293-04:00
000897	sub-mahler/sub-mahler_ses-04142021_ecephys.nwb	aind+ephys	v1.2.4	1cbdbee	7940dfd	1	v0.3.43	9c60bd9b-bb4a-4355-9595-388769e7ee23	33496486594	True	True	False	True	"{""derivatives/dandiset-000897/sub-mahler/sub-mahler_ses-04142021_ecephys/pipeline-aind+ephys/version-v1.2.4_codebase-v0.3.43_params-1cbdbee_config-7940dfd_attempt-1/dataset_description.json"": ""2005635a-960e-4bed-88fd-7bdaf37eedb7""}"		"{""derivatives/dandiset-000897/sub-mahler/sub-mahler_ses-04142021_ecephys/pipeline-aind+ephys/version-v1.2.4_codebase-v0.3.43_params-1cbdbee_config-7940dfd_attempt-1/logs/dag.html"": ""374d93d6-f54a-49e3-9bd4-23cc49c2e489"", ""derivatives/dandiset-000897/sub-mahler/sub-mahler_ses-04142021_ecephys/pipeline-aind+ephys/version-v1.2.4_codebase-v0.3.43_params-1cbdbee_config-7940dfd_attempt-1/logs/job-16422459_slurm.log"": ""8ce3d861-9fda-4cca-80a4-f37c7427d8fd"", ""derivatives/dandiset-000897/sub-mahler/sub-mahler_ses-04142021_ecephys/pipeline-aind+ephys/version-v1.2.4_codebase-v0.3.43_params-1cbdbee_config-7940dfd_attempt-1/logs/nextflow.log"": ""6b2b91ad-4ebb-42a2-ae12-76aee2c9f90a"", ""derivatives/dandiset-000897/sub-mahler/sub-mahler_ses-04142021_ecephys/pipeline-aind+ephys/version-v1.2.4_codebase-v0.3.43_params-1cbdbee_config-7940dfd_attempt-1/logs/report.html"": ""82c55b05-5698-4a6e-8d61-a38a339e5e76"", ""derivatives/dandiset-000897/sub-mahler/sub-mahler_ses-04142021_ecephys/pipeline-aind+ephys/version-v1.2.4_codebase-v0.3.43_params-1cbdbee_config-7940dfd_attempt-1/logs/timeline.html"": ""da050f23-dd79-4518-8767-616c7939f3f4"", ""derivatives/dandiset-000897/sub-mahler/sub-mahler_ses-04142021_ecephys/pipeline-aind+ephys/version-v1.2.4_codebase-v0.3.43_params-1cbdbee_config-7940dfd_attempt-1/logs/trace.txt"": ""58ac7c0c-f4e6-450a-9442-91bee6e2e631""}"	2026-09-08T17:41:42.466269-04:00	2026-09-08T17:41:43.795700-04:00
000897	sub-mahler/sub-mahler_ses-04142021_ecephys.nwb	aind+ephys	v1.2.4	1cbdbee	7940dfd	2	v0.3.43	9c60bd9b-bb4a-4355-9595-388769e7ee23	33496486594	True	True	False	True	"{""derivatives/dandiset-000897/sub-mahler/sub-mahler_ses-04142021_ecephys/pipeline-aind+ephys/version-v1.2.4_codebase-v0.3.43_params-1cbdbee_config-7940dfd_attempt-2/dataset_description.json"": ""2005635a-960e-4bed-88fd-7bdaf37eedb7""}"		"{""derivatives/dandiset-000897/sub-mahler/sub-mahler_ses-04142021_ecephys/pipeline-aind+ephys/version-v1.2.4_codebase-v0.3.43_params-1cbdbee_config-7940dfd_attempt-2/logs/dag.html"": ""374d93d6-f54a-49e3-9bd4-23cc49c2e489"", ""derivatives/dandiset-000897/sub-mahler/sub-mahler_ses-04142021_ecephys/pipeline-aind+ephys/version-v1.2.4_codebase-v0.3.43_params-1cbdbee_config-7940dfd_attempt-2/logs/job-16425489_slurm.log"": ""a083942d-cf97-4116-acb3-fd3ee51b6d18"", ""derivatives/dandiset-000897/sub-mahler/sub-mahler_ses-04142021_ecephys/pipeline-aind+ephys/version-v1.2.4_codebase-v0.3.43_params-1cbdbee_config-7940dfd_attempt-2/logs/nextflow.log"": ""07b54c2d-89c8-46c5-ac9f-8aefb125e271"", ""derivatives/dandiset-000897/sub-mahler/sub-mahler_ses-04142021_ecephys/pipeline-aind+ephys/version-v1.2.4_codebase-v0.3.43_params-1cbdbee_config-7940dfd_attempt-2/logs/report.html"": ""cf8761fe-917d-4688-a258-d922b8754e18"", ""derivatives/dandiset-000897/sub-mahler/sub-mahler_ses-04142021_ecephys/pipeline-aind+ephys/version-v1.2.4_codebase-v0.3.43_params-1cbdbee_config-7940dfd_attempt-2/logs/timeline.html"": ""f3127afc-410c-411d-810b-90f66880786b"", ""derivatives/dandiset-000897/sub-mahler/sub-mahler_ses-04142021_ecephys/pipeline-aind+ephys/version-v1.2.4_codebase-v0.3.43_params-1cbdbee_config-7940dfd_attempt-2/logs/trace.txt"": ""88845a67-943c-4cce-a067-09d4c1d2a397""}"	2026-09-08T17:41:57.053910-04:00	2026-09-08T17:41:58.399093-04:00
000897	sub-mahler/sub-mahler_ses-04222021_ecephys.nwb	aind+ephys	v1.2.4	1cbdbee	7940dfd	1	v0.3.49	afb332ac-85c7-438f-9411-1ede07ec7040	28915581345	True	True	False	False	"{""derivatives/dandiset-000897/sub-mahler/sub-mahler_ses-04222021_ecephys/pipeline-aind+ephys/version-v1.2.4_codebase-v0.3.49_params-1cbdbee_config-7940dfd_attempt-1/dataset_description.json"": ""1b931747-db10-4891-8c6e-50d5083e4da2""}"			2026-09-09T09:30:55.121575-04:00	
000897	sub-mahler/sub-mahler_ses-04252021_ecephys.nwb	aind+ephys	v1.2.4	1cbdbee	7940dfd	1	v0.3.49	77f22d46-6e1f-49f9-8283-ece7dd08cbd6	28545681416	True	True	False	True	"{""derivatives/dandiset-000897/sub-mahler/sub-mahler_ses-04252021_ecephys/pipeline-aind+ephys/version-v1.2.4_codebase-v0.3.49_params-1cbdbee_config-7940dfd_attempt-1/dataset_description.json"": ""1b931747-db10-4891-8c6e-50d5083e4da2""}"		"{""derivatives/dandiset-000897/sub-mahler/sub-mahler_ses-04252021_ecephys/pipeline-aind+ephys/version-v1.2.4_codebase-v0.3.49_params-1cbdbee_config-7940dfd_attempt-1/logs/dag.html"": ""374d93d6-f54a-49e3-9bd4-23cc49c2e489"", ""derivatives/dandiset-000897/sub-mahler/sub-mahler_ses-04252021_ecephys/pipeline-aind+ephys/version-v1.2.4_codebase-v0.3.49_params-1cbdbee_config-7940dfd_attempt-1/logs/job-18217688_slurm.log"": ""f9e4926d-002b-4e27-afdc-c1b9759c48e2"", ""derivatives/dandiset-000897/sub-mahler/sub-mahler_ses-04252021_ecephys/pipeline-aind+ephys/version-v1.2.4_codebase-v0.3.49_params-1cbdbee_config-7940dfd_attempt-1/logs/nextflow.log"": ""7cd1a40d-3a54-402e-8d3a-c9f7b8863847"", ""derivatives/dandiset-000897/sub-mahler/sub-mahler_ses-04252021_ecephys/pipeline-aind+ephys/version-v1.2.4_codebase-v0.3.49_params-1cbdbee_config-7940dfd_attempt-1/logs/report.html"": ""4eb58464-dd51-4c26-b40c-01a1a66fe902"", ""derivatives/dandiset-000897/sub-mahler/sub-mahler_ses-04252021_ecephys/pipeline-aind+ephys/version-v1.2.4_codebase-v0.3.49_params-1cbdbee_config-7940dfd_attempt-1/logs/timeline.html"": ""a2bef3e7-fc7d-4062-b268-b67e2d624b7a"", ""derivatives/dandiset-000897/sub-mahler/sub-mahler_ses-04252021_ecephys/pipeline-aind+ephys/version-v1.2.4_codebase-v0.3.49_params-1cbdbee_config-7940dfd_attempt-1/logs/trace.txt"": ""3f8b8774-8c3b-4bfe-ab37-818b9b76c48f""}"	2026-09-08T17:42:12.645797-04:00	2026-09-08T17:42:13.960494-04:00
000897	sub-mahler/sub-mahler_ses-05042021_ecephys.nwb	aind+ephys	v1.2.4	1cbdbee	7940dfd	1	v0.3.42	d9632bf3-02c5-4fdc-8710-cb8f0b6bc6c6	29455811898	True	True	False	True	"{""derivatives/dandiset-000897/sub-mahler/sub-mahler_ses-05042021_ecephys/pipeline-aind+ephys/version-v1.2.4_codebase-v0.3.42_params-1cbdbee_config-7940dfd_attempt-1/dataset_description.json"": ""80640270-a83b-4661-b820-2385d6c5485a""}"		"{""derivatives/dandiset-000897/sub-mahler/sub-mahler_ses-05042021_ecephys/pipeline-aind+ephys/version-v1.2.4_codebase-v0.3.42_params-1cbdbee_config-7940dfd_attempt-1/logs/job-16290464_slurm.log"": ""09b0aea2-ee09-47fe-ba1d-c3df48a81481"", ""derivatives/dandiset-000897/sub-mahler/sub-mahler_ses-05042021_ecephys/pipeline-aind+ephys/version-v1.2.4_codebase-v0.3.42_params-1cbdbee_config-7940dfd_attempt-1/logs/nextflow.log"": ""958b9bad-41ea-4d9b-98dc-dafdc8178c36""}"	2026-06-22T20:12:56.904646-04:00	2026-06-22T20:12:57.299539-04:00
000897	sub-mahler/sub-mahler_ses-05042021_ecephys.nwb	aind+ephys	v1.2.2	1cbdbee	0d4bf36	1	v0.3.27	d9632bf3-02c5-4fdc-8710-cb8f0b6bc6c6	29455811898	True	True	False	True	"{""derivatives/dandiset-000897/sub-mahler/sub-mahler_ses-05042021_ecephys/pipeline-aind+ephys/version-v1.2.2_codebase-v0.3.27_params-1cbdbee_config-0d4bf36_attempt-1/dataset_description.json"": ""977d73df-5f20-4965-98f3-006946758813""}"		"{""derivatives/dandiset-000897/sub-mahler/sub-mahler_ses-05042021_ecephys/pipeline-aind+ephys/version-v1.2.2_codebase-v0.3.27_params-1cbdbee_config-0d4bf36_attempt-1/logs/dag.html"": ""374d93d6-f54a-49e3-9bd4-23cc49c2e489"", ""derivatives/dandiset-000897/sub-mahler/sub-mahler_ses-05042021_ecephys/pipeline-aind+ephys/version-v1.2.2_codebase-v0.3.27_params-1cbdbee_config-0d4bf36_attempt-1/logs/job-15550528_slurm.log"": ""635307df-8a38-4ddd-9863-0b69e83f857a"", ""derivatives/dandiset-000897/sub-mahler/sub-mahler_ses-05042021_ecephys/pipeline-aind+ephys/version-v1.2.2_codebase-v0.3.27_params-1cbdbee_config-0d4bf36_attempt-1/logs/nextflow.log"": ""7a1ec99e-d0db-4be3-9525-6937dc45ae18"", ""derivatives/dandiset-000897/sub-mahler/sub-mahler_ses-05042021_ecephys/pipeline-aind+ephys/version-v1.2.2_codebase-v0.3.27_params-1cbdbee_config-0d4bf36_attempt-1/logs/report.html"": ""1938494c-5755-4524-b334-302f982fb630"", ""derivatives/dandiset-000897/sub-mahler/sub-mahler_ses-05042021_ecephys/pipeline-aind+ephys/version-v1.2.2_codebase-v0.3.27_params-1cbdbee_config-0d4bf36_attempt-1/logs/timeline.html"": ""20c3a914-96b9-4caa-a64a-9234bc2098ec"", ""derivatives/dandiset-000897/sub-mahler/sub-mahler_ses-05042021_ecephys/pipeline-aind+ephys/version-v1.2.2_codebase-v0.3.27_params-1cbdbee_config-0d4bf36_attempt-1/logs/trace.txt"": ""bbdf611f-5627-4992-8dbe-28dcb20955fd""}"	2026-09-08T17:42:28.618857-04:00	2026-09-08T17:42:29.773208-04:00
000897	sub-mahler/sub-mahler_ses-05062021_ecephys.nwb	aind+ephys	v1.2.2	1cbdbee	7940dfd	1	v0.3.28	28e62128-4169-4962-a815-3b70f7aa5063	28496831405	True	True	False	True	"{""derivatives/dandiset-000897/sub-mahler/sub-mahler_ses-05062021_ecephys/pipeline-aind+ephys/version-v1.2.2_codebase-v0.3.28_params-1cbdbee_config-7940dfd_attempt-1/dataset_description.json"": ""0d15a750-6013-47d2-85f6-13746bbb7c80""}"		"{""derivatives/dandiset-000897/sub-mahler/sub-mahler_ses-05062021_ecephys/pipeline-aind+ephys/version-v1.2.2_codebase-v0.3.28_params-1cbdbee_config-7940dfd_attempt-1/logs/dag.html"": ""374d93d6-f54a-49e3-9bd4-23cc49c2e489"", ""derivatives/dandiset-000897/sub-mahler/sub-mahler_ses-05062021_ecephys/pipeline-aind+ephys/version-v1.2.2_codebase-v0.3.28_params-1cbdbee_config-7940dfd_attempt-1/logs/job-15660684_slurm.log"": ""07480951-37cc-490b-b485-fc16942d7b21"", ""derivatives/dandiset-000897/sub-mahler/sub-mahler_ses-05062021_ecephys/pipeline-aind+ephys/version-v1.2.2_codebase-v0.3.28_params-1cbdbee_config-7940dfd_attempt-1/logs/nextflow.log"": ""45094094-bb1f-40fa-bdc8-b91ee4b83e8e"", ""derivatives/dandiset-000897/sub-mahler/sub-mahler_ses-05062021_ecephys/pipeline-aind+ephys/version-v1.2.2_codebase-v0.3.28_params-1cbdbee_config-7940dfd_attempt-1/logs/report.html"": ""5b8059e1-8ed3-410f-9d83-49fda2364e05"", ""derivatives/dandiset-000897/sub-mahler/sub-mahler_ses-05062021_ecephys/pipeline-aind+ephys/version-v1.2.2_codebase-v0.3.28_params-1cbdbee_config-7940dfd_attempt-1/logs/timeline.html"": ""a7a5c90b-2d10-41c2-9a29-4118ef0793ef"", ""derivatives/dandiset-000897/sub-mahler/sub-mahler_ses-05062021_ecephys/pipeline-aind+ephys/version-v1.2.2_codebase-v0.3.28_params-1cbdbee_config-7940dfd_attempt-1/logs/trace.txt"": ""f1b20df7-a469-4d97-ae18-d174dabfa8a5""}"	2026-09-08T17:42:40.701488-04:00	2026-09-08T17:42:42.085816-04:00
000897	sub-mahler/sub-mahler_ses-05072021_ecephys.nwb	aind+ephys	v1.2.2	1cbdbee	7940dfd	1	v0.3.28	94a63328-a946-4099-9dbe-33c6a86e3d03	31625700087	True	True	False	True	"{""derivatives/dandiset-000897/sub-mahler/sub-mahler_ses-05072021_ecephys/pipeline-aind+ephys/version-v1.2.2_codebase-v0.3.28_params-1cbdbee_config-7940dfd_attempt-1/dataset_description.json"": ""0d15a750-6013-47d2-85f6-13746bbb7c80""}"		"{""derivatives/dandiset-000897/sub-mahler/sub-mahler_ses-05072021_ecephys/pipeline-aind+ephys/version-v1.2.2_codebase-v0.3.28_params-1cbdbee_config-7940dfd_attempt-1/logs/dag.html"": ""374d93d6-f54a-49e3-9bd4-23cc49c2e489"", ""derivatives/dandiset-000897/sub-mahler/sub-mahler_ses-05072021_ecephys/pipeline-aind+ephys/version-v1.2.2_codebase-v0.3.28_params-1cbdbee_config-7940dfd_attempt-1/logs/job-15682971_slurm.log"": ""1ff43abd-3496-4c4e-912d-2a977dfb5c89"", ""derivatives/dandiset-000897/sub-mahler/sub-mahler_ses-05072021_ecephys/pipeline-aind+ephys/version-v1.2.2_codebase-v0.3.28_params-1cbdbee_config-7940dfd_attempt-1/logs/nextflow.log"": ""fce70899-55a7-4992-90f3-b237efd324e3"", ""derivatives/dandiset-000897/sub-mahler/sub-mahler_ses-05072021_ecephys/pipeline-aind+ephys/version-v1.2.2_codebase-v0.3.28_params-1cbdbee_config-7940dfd_attempt-1/logs/report.html"": ""765ffe1e-ed47-408b-afd0-877b5fb3494f"", ""derivatives/dandiset-000897/sub-mahler/sub-mahler_ses-05072021_ecephys/pipeline-aind+ephys/version-v1.2.2_codebase-v0.3.28_params-1cbdbee_config-7940dfd_attempt-1/logs/timeline.html"": ""048b2916-6135-4da8-8bbc-d941414e88fe"", ""derivatives/dandiset-000897/sub-mahler/sub-mahler_ses-05072021_ecephys/pipeline-aind+ephys/version-v1.2.2_codebase-v0.3.28_params-1cbdbee_config-7940dfd_attempt-1/logs/trace.txt"": ""25b3dd94-2511-455b-95dc-c6c031c58f1e""}"	2026-09-08T17:42:53.823455-04:00	2026-09-08T17:42:55.006488-04:00
000939	sub-A1808/sub-A1808_ses-190807_behavior+ecephys+ogen.nwb	aind+ephys	v1.2.4	1cbdbee	7940dfd	1	v0.3.43	ae0a66f8-ccab-4fa9-a21d-077a89080a7d	21038908418	True	True	False	True	"{""derivatives/dandiset-000939/sub-A1808/sub-A1808_ses-190807_behavior+ecephys+ogen/pipeline-aind+ephys/version-v1.2.4_codebase-v0.3.43_params-1cbdbee_config-7940dfd_attempt-1/dataset_description.json"": ""c0586a77-2b0c-4109-918f-05e77ff4dcd8""}"		"{""derivatives/dandiset-000939/sub-A1808/sub-A1808_ses-190807_behavior+ecephys+ogen/pipeline-aind+ephys/version-v1.2.4_codebase-v0.3.43_params-1cbdbee_config-7940dfd_attempt-1/logs/dag.html"": ""374d93d6-f54a-49e3-9bd4-23cc49c2e489"", ""derivatives/dandiset-000939/sub-A1808/sub-A1808_ses-190807_behavior+ecephys+ogen/pipeline-aind+ephys/version-v1.2.4_codebase-v0.3.43_params-1cbdbee_config-7940dfd_attempt-1/logs/job-16440837_slurm.log"": ""833d9918-4059-4fd1-af44-92a89d4bd7aa"", ""derivatives/dandiset-000939/sub-A1808/sub-A1808_ses-190807_behavior+ecephys+ogen/pipeline-aind+ephys/version-v1.2.4_codebase-v0.3.43_params-1cbdbee_config-7940dfd_attempt-1/logs/nextflow.log"": ""253921e8-1b73-4449-8d13-6966462ebf0a"", ""derivatives/dandiset-000939/sub-A1808/sub-A1808_ses-190807_behavior+ecephys+ogen/pipeline-aind+ephys/version-v1.2.4_codebase-v0.3.43_params-1cbdbee_config-7940dfd_attempt-1/logs/report.html"": ""15bffeab-a4a2-4e01-add1-f5f6f7a705a3"", ""derivatives/dandiset-000939/sub-A1808/sub-A1808_ses-190807_behavior+ecephys+ogen/pipeline-aind+ephys/version-v1.2.4_codebase-v0.3.43_params-1cbdbee_config-7940dfd_attempt-1/logs/timeline.html"": ""9b3f2c82-2b2b-42a5-98cc-d6bbaf0940ee"", ""derivatives/dandiset-000939/sub-A1808/sub-A1808_ses-190807_behavior+ecephys+ogen/pipeline-aind+ephys/version-v1.2.4_codebase-v0.3.43_params-1cbdbee_config-7940dfd_attempt-1/logs/trace.txt"": ""e309923b-02a5-4734-82f6-ac9703ebae8d""}"	2026-09-08T17:43:05.647555-04:00	2026-09-08T17:43:06.782789-04:00
000939	sub-A1813/sub-A1813_ses-190408_behavior+ecephys+ogen.nwb	aind+ephys	v1.2.4	1cbdbee	7940dfd	1	v0.3.49	f395168c-11e6-4cb8-b775-5fd28b03c2a2	24185684139	True	True	False	True	"{""derivatives/dandiset-000939/sub-A1813/sub-A1813_ses-190408_behavior+ecephys+ogen/pipeline-aind+ephys/version-v1.2.4_codebase-v0.3.49_params-1cbdbee_config-7940dfd_attempt-1/dataset_description.json"": ""faf0f8b5-10dc-430a-881d-20bb066f90c1""}"		"{""derivatives/dandiset-000939/sub-A1813/sub-A1813_ses-190408_behavior+ecephys+ogen/pipeline-aind+ephys/version-v1.2.4_codebase-v0.3.49_params-1cbdbee_config-7940dfd_attempt-1/logs/dag.html"": ""374d93d6-f54a-49e3-9bd4-23cc49c2e489"", ""derivatives/dandiset-000939/sub-A1813/sub-A1813_ses-190408_behavior+ecephys+ogen/pipeline-aind+ephys/version-v1.2.4_codebase-v0.3.49_params-1cbdbee_config-7940dfd_attempt-1/logs/job-18896299_slurm.log"": ""28e47e2f-31b5-4acd-ad6b-b1d9bcda094a"", ""derivatives/dandiset-000939/sub-A1813/sub-A1813_ses-190408_behavior+ecephys+ogen/pipeline-aind+ephys/version-v1.2.4_codebase-v0.3.49_params-1cbdbee_config-7940dfd_attempt-1/logs/nextflow.log"": ""ffb9e1c5-45a1-4973-a1ff-a0a20a7132b0"", ""derivatives/dandiset-000939/sub-A1813/sub-A1813_ses-190408_behavior+ecephys+ogen/pipeline-aind+ephys/version-v1.2.4_codebase-v0.3.49_params-1cbdbee_config-7940dfd_attempt-1/logs/report.html"": ""c507d4a3-610a-4a93-9da2-36b5287079a8"", ""derivatives/dandiset-000939/sub-A1813/sub-A1813_ses-190408_behavior+ecephys+ogen/pipeline-aind+ephys/version-v1.2.4_codebase-v0.3.49_params-1cbdbee_config-7940dfd_attempt-1/logs/timeline.html"": ""11f5274a-01ac-4ccc-81b9-735f008a6b6e"", ""derivatives/dandiset-000939/sub-A1813/sub-A1813_ses-190408_behavior+ecephys+ogen/pipeline-aind+ephys/version-v1.2.4_codebase-v0.3.49_params-1cbdbee_config-7940dfd_attempt-1/logs/trace.txt"": ""fa6968f8-adc6-4634-afbc-599a9a1cf55e""}"	2026-09-08T17:43:17.101522-04:00	2026-09-08T17:43:18.164525-04:00
000939	sub-A1821/sub-A1821_ses-190910_behavior+ecephys+ogen.nwb	aind+ephys	v1.2.4	1cbdbee	7940dfd	1	v0.3.39	2c839593-d391-4018-9939-9e973e35d02b	23556741136	True	True	False	True	"{""derivatives/dandiset-000939/sub-A1821/sub-A1821_ses-190910_behavior+ecephys+ogen/pipeline-aind+ephys/version-v1.2.4_codebase-v0.3.39_params-1cbdbee_config-7940dfd_attempt-1/dataset_description.json"": ""851a97e5-45a9-47b8-93d3-66d2d0e0f2fc""}"		"{""derivatives/dandiset-000939/sub-A1821/sub-A1821_ses-190910_behavior+ecephys+ogen/pipeline-aind+ephys/version-v1.2.4_codebase-v0.3.39_params-1cbdbee_config-7940dfd_attempt-1/logs/job-16168934_slurm.log"": ""3763ab9c-4d0f-4f10-b67a-c7b8389a73d9"", ""derivatives/dandiset-000939/sub-A1821/sub-A1821_ses-190910_behavior+ecephys+ogen/pipeline-aind+ephys/version-v1.2.4_codebase-v0.3.39_params-1cbdbee_config-7940dfd_attempt-1/logs/nextflow.log"": ""62365c9d-487d-4d61-aea3-36fb5cbf325e""}"	2026-06-21T12:35:08.810168-04:00	2026-06-21T12:35:09.176697-04:00
000939	sub-A1821/sub-A1821_ses-190910_behavior+ecephys+ogen.nwb	aind+ephys	v1.2.4	1cbdbee	7940dfd	1	v0.3.42	2c839593-d391-4018-9939-9e973e35d02b	23556741136	True	True	False	True	"{""derivatives/dandiset-000939/sub-A1821/sub-A1821_ses-190910_behavior+ecephys+ogen/pipeline-aind+ephys/version-v1.2.4_codebase-v0.3.42_params-1cbdbee_config-7940dfd_attempt-1/dataset_description.json"": ""ead2b13d-5051-4224-abfd-35de4fb88c8c""}"		"{""derivatives/dandiset-000939/sub-A1821/sub-A1821_ses-190910_behavior+ecephys+ogen/pipeline-aind+ephys/version-v1.2.4_codebase-v0.3.42_params-1cbdbee_config-7940dfd_attempt-1/logs/job-16217493_slurm.log"": ""dc6f8ad9-20fe-476c-a6b0-923e9c8b1e61"", ""derivatives/dandiset-000939/sub-A1821/sub-A1821_ses-190910_behavior+ecephys+ogen/pipeline-aind+ephys/version-v1.2.4_codebase-v0.3.42_params-1cbdbee_config-7940dfd_attempt-1/logs/nextflow.log"": ""653296e7-82e3-4136-a6b2-7685dbd24654""}"	2026-06-22T16:36:44.732728-04:00	2026-06-22T16:36:45.183125-04:00
000939	sub-A1821/sub-A1821_ses-190910_behavior+ecephys+ogen.nwb	aind+ephys	v1.2.4	1cbdbee	7940dfd	1	v0.3.43	2c839593-d391-4018-9939-9e973e35d02b	23556741136	True	True	False	True	"{""derivatives/dandiset-000939/sub-A1821/sub-A1821_ses-190910_behavior+ecephys+ogen/pipeline-aind+ephys/version-v1.2.4_codebase-v0.3.43_params-1cbdbee_config-7940dfd_attempt-1/dataset_description.json"": ""c0586a77-2b0c-4109-918f-05e77ff4dcd8""}"		"{""derivatives/dandiset-000939/sub-A1821/sub-A1821_ses-190910_behavior+ecephys+ogen/pipeline-aind+ephys/version-v1.2.4_codebase-v0.3.43_params-1cbdbee_config-7940dfd_attempt-1/logs/dag.html"": ""374d93d6-f54a-49e3-9bd4-23cc49c2e489"", ""derivatives/dandiset-000939/sub-A1821/sub-A1821_ses-190910_behavior+ecephys+ogen/pipeline-aind+ephys/version-v1.2.4_codebase-v0.3.43_params-1cbdbee_config-7940dfd_attempt-1/logs/job-16355461_slurm.log"": ""4d23814e-42ba-45cc-8297-8751d68e1798"", ""derivatives/dandiset-000939/sub-A1821/sub-A1821_ses-190910_behavior+ecephys+ogen/pipeline-aind+ephys/version-v1.2.4_codebase-v0.3.43_params-1cbdbee_config-7940dfd_attempt-1/logs/nextflow.log"": ""abecf227-1d51-4999-b6c1-a3a205f98032"", ""derivatives/dandiset-000939/sub-A1821/sub-A1821_ses-190910_behavior+ecephys+ogen/pipeline-aind+ephys/version-v1.2.4_codebase-v0.3.43_params-1cbdbee_config-7940dfd_attempt-1/logs/report.html"": ""1fbe1f2b-4eb7-4e16-b882-867191decda3"", ""derivatives/dandiset-000939/sub-A1821/sub-A1821_ses-190910_behavior+ecephys+ogen/pipeline-aind+ephys/version-v1.2.4_codebase-v0.3.43_params-1cbdbee_config-7940dfd_attempt-1/logs/timeline.html"": ""48467339-37c1-4f7b-81bc-d97f29bb7937"", ""derivatives/dandiset-000939/sub-A1821/sub-A1821_ses-190910_behavior+ecephys+ogen/pipeline-aind+ephys/version-v1.2.4_codebase-v0.3.43_params-1cbdbee_config-7940dfd_attempt-1/logs/trace.txt"": ""a2f2d293-d943-4fbc-a075-5f45b070fd94""}"	2026-09-08T17:43:28.907454-04:00	2026-09-08T17:43:30.001840-04:00
000939	sub-A1824/sub-A1824_ses-190827_behavior+ecephys+ogen.nwb	aind+ephys	v1.2.2	1cbdbee	7940dfd	1	v0.3.34	dd5d5b5a-849d-4ac3-9d25-687128063e82	18570596064	True	True	False	True	"{""derivatives/dandiset-000939/sub-A1824/sub-A1824_ses-190827_behavior+ecephys+ogen/pipeline-aind+ephys/version-v1.2.2_codebase-v0.3.34_params-1cbdbee_config-7940dfd_attempt-1/dataset_description.json"": ""d6d12c52-5bc7-4df6-8923-43e02cb1e56c""}"		"{""derivatives/dandiset-000939/sub-A1824/sub-A1824_ses-190827_behavior+ecephys+ogen/pipeline-aind+ephys/version-v1.2.2_codebase-v0.3.34_params-1cbdbee_config-7940dfd_attempt-1/logs/dag.html"": ""374d93d6-f54a-49e3-9bd4-23cc49c2e489"", ""derivatives/dandiset-000939/sub-A1824/sub-A1824_ses-190827_behavior+ecephys+ogen/pipeline-aind+ephys/version-v1.2.2_codebase-v0.3.34_params-1cbdbee_config-7940dfd_attempt-1/logs/job-15914917_slurm.log"": ""f0b7ce3d-9112-4702-aab4-86ceeb8dc000"", ""derivatives/dandiset-000939/sub-A1824/sub-A1824_ses-190827_behavior+ecephys+ogen/pipeline-aind+ephys/version-v1.2.2_codebase-v0.3.34_params-1cbdbee_config-7940dfd_attempt-1/logs/nextflow.log"": ""a3666d88-a0ab-4e57-8184-186f6736919e"", ""derivatives/dandiset-000939/sub-A1824/sub-A1824_ses-190827_behavior+ecephys+ogen/pipeline-aind+ephys/version-v1.2.2_codebase-v0.3.34_params-1cbdbee_config-7940dfd_attempt-1/logs/report.html"": ""5245bc73-63b5-4ad5-8142-4ba7ef29dd11"", ""derivatives/dandiset-000939/sub-A1824/sub-A1824_ses-190827_behavior+ecephys+ogen/pipeline-aind+ephys/version-v1.2.2_codebase-v0.3.34_params-1cbdbee_config-7940dfd_attempt-1/logs/timeline.html"": ""45450754-bf25-47f9-8bb7-82b8fc5a12d4"", ""derivatives/dandiset-000939/sub-A1824/sub-A1824_ses-190827_behavior+ecephys+ogen/pipeline-aind+ephys/version-v1.2.2_codebase-v0.3.34_params-1cbdbee_config-7940dfd_attempt-1/logs/trace.txt"": ""94c05110-ac1e-4b18-b071-9703c6f2942f""}"	2026-09-08T17:43:40.172677-04:00	2026-09-08T17:43:41.330194-04:00
000939	sub-A1824/sub-A1824_ses-190827_behavior+ecephys+ogen.nwb	aind+ephys	v1.2.2	1cbdbee	7940dfd	2	v0.3.34	dd5d5b5a-849d-4ac3-9d25-687128063e82	18570596064	True	True	False	True	"{""derivatives/dandiset-000939/sub-A1824/sub-A1824_ses-190827_behavior+ecephys+ogen/pipeline-aind+ephys/version-v1.2.2_codebase-v0.3.34_params-1cbdbee_config-7940dfd_attempt-2/dataset_description.json"": ""d6d12c52-5bc7-4df6-8923-43e02cb1e56c""}"		"{""derivatives/dandiset-000939/sub-A1824/sub-A1824_ses-190827_behavior+ecephys+ogen/pipeline-aind+ephys/version-v1.2.2_codebase-v0.3.34_params-1cbdbee_config-7940dfd_attempt-2/logs/dag.html"": ""374d93d6-f54a-49e3-9bd4-23cc49c2e489"", ""derivatives/dandiset-000939/sub-A1824/sub-A1824_ses-190827_behavior+ecephys+ogen/pipeline-aind+ephys/version-v1.2.2_codebase-v0.3.34_params-1cbdbee_config-7940dfd_attempt-2/logs/job-15945200_slurm.log"": ""401b43d7-2fcc-4f77-a2b2-bccb1390d7b6"", ""derivatives/dandiset-000939/sub-A1824/sub-A1824_ses-190827_behavior+ecephys+ogen/pipeline-aind+ephys/version-v1.2.2_codebase-v0.3.34_params-1cbdbee_config-7940dfd_attempt-2/logs/nextflow.log"": ""748c9020-dd78-4782-8a9e-cbc6eb488850"", ""derivatives/dandiset-000939/sub-A1824/sub-A1824_ses-190827_behavior+ecephys+ogen/pipeline-aind+ephys/version-v1.2.2_codebase-v0.3.34_params-1cbdbee_config-7940dfd_attempt-2/logs/report.html"": ""c148353e-193b-4610-ae3c-e7dbbc8e8d23"", ""derivatives/dandiset-000939/sub-A1824/sub-A1824_ses-190827_behavior+ecephys+ogen/pipeline-aind+ephys/version-v1.2.2_codebase-v0.3.34_params-1cbdbee_config-7940dfd_attempt-2/logs/timeline.html"": ""a12aca2d-f228-4800-b32a-a70099f98fb2"", ""derivatives/dandiset-000939/sub-A1824/sub-A1824_ses-190827_behavior+ecephys+ogen/pipeline-aind+ephys/version-v1.2.2_codebase-v0.3.34_params-1cbdbee_config-7940dfd_attempt-2/logs/trace.txt"": ""08f93523-55db-486c-986b-2a308d48661d""}"	2026-09-08T17:43:51.411520-04:00	2026-09-08T17:43:52.578112-04:00
000939	sub-A1824/sub-A1824_ses-190827_behavior+ecephys+ogen.nwb	aind+ephys	v1.2.2	1cbdbee	7940dfd	3	v0.3.34	dd5d5b5a-849d-4ac3-9d25-687128063e82	18570596064	True	True	False	True	"{""derivatives/dandiset-000939/sub-A1824/sub-A1824_ses-190827_behavior+ecephys+ogen/pipeline-aind+ephys/version-v1.2.2_codebase-v0.3.34_params-1cbdbee_config-7940dfd_attempt-3/dataset_description.json"": ""d6d12c52-5bc7-4df6-8923-43e02cb1e56c""}"		"{""derivatives/dandiset-000939/sub-A1824/sub-A1824_ses-190827_behavior+ecephys+ogen/pipeline-aind+ephys/version-v1.2.2_codebase-v0.3.34_params-1cbdbee_config-7940dfd_attempt-3/logs/job-15971459_slurm.log"": ""2d3609c9-9084-471b-88ea-b6d982b370dd"", ""derivatives/dandiset-000939/sub-A1824/sub-A1824_ses-190827_behavior+ecephys+ogen/pipeline-aind+ephys/version-v1.2.2_codebase-v0.3.34_params-1cbdbee_config-7940dfd_attempt-3/logs/nextflow.log"": ""97bb0273-19b3-4c8f-954d-a89dfaf3f0c9""}"	2026-09-08T17:44:02.643567-04:00	2026-09-08T17:44:03.222762-04:00
000939	sub-A3701/sub-A3701_ses-191119_behavior+ecephys.nwb	aind+ephys	v1.2.4	1cbdbee	7940dfd	1	v0.3.42	fc9e39de-f3f2-4398-bb9f-269bf9b9aeae	30194668712	True	True	False	True	"{""derivatives/dandiset-000939/sub-A3701/sub-A3701_ses-191119_behavior+ecephys/pipeline-aind+ephys/version-v1.2.4_codebase-v0.3.42_params-1cbdbee_config-7940dfd_attempt-1/dataset_description.json"": ""ead2b13d-5051-4224-abfd-35de4fb88c8c""}"		"{""derivatives/dandiset-000939/sub-A3701/sub-A3701_ses-191119_behavior+ecephys/pipeline-aind+ephys/version-v1.2.4_codebase-v0.3.42_params-1cbdbee_config-7940dfd_attempt-1/logs/job-16290465_slurm.log"": ""dc132a06-b7e8-426d-9255-6c62c5ea1444"", ""derivatives/dandiset-000939/sub-A3701/sub-A3701_ses-191119_behavior+ecephys/pipeline-aind+ephys/version-v1.2.4_codebase-v0.3.42_params-1cbdbee_config-7940dfd_attempt-1/logs/nextflow.log"": ""af9e946c-bffc-4ea8-8ff1-04e25bdcd0bf""}"	2026-06-22T20:13:22.599366-04:00	2026-06-22T20:13:23.002010-04:00
000939	sub-A3701/sub-A3701_ses-191119_behavior+ecephys.nwb	aind+ephys	v1.2.4	1cbdbee	7940dfd	1	v0.3.43	fc9e39de-f3f2-4398-bb9f-269bf9b9aeae	30194668712	True	True	False	True	"{""derivatives/dandiset-000939/sub-A3701/sub-A3701_ses-191119_behavior+ecephys/pipeline-aind+ephys/version-v1.2.4_codebase-v0.3.43_params-1cbdbee_config-7940dfd_attempt-1/dataset_description.json"": ""c0586a77-2b0c-4109-918f-05e77ff4dcd8""}"		"{""derivatives/dandiset-000939/sub-A3701/sub-A3701_ses-191119_behavior+ecephys/pipeline-aind+ephys/version-v1.2.4_codebase-v0.3.43_params-1cbdbee_config-7940dfd_attempt-1/logs/dag.html"": ""374d93d6-f54a-49e3-9bd4-23cc49c2e489"", ""derivatives/dandiset-000939/sub-A3701/sub-A3701_ses-191119_behavior+ecephys/pipeline-aind+ephys/version-v1.2.4_codebase-v0.3.43_params-1cbdbee_config-7940dfd_attempt-1/logs/job-16319065_slurm.log"": ""3c733cf1-ecca-4ee5-9f7e-eaf8f138f402"", ""derivatives/dandiset-000939/sub-A3701/sub-A3701_ses-191119_behavior+ecephys/pipeline-aind+ephys/version-v1.2.4_codebase-v0.3.43_params-1cbdbee_config-7940dfd_attempt-1/logs/nextflow.log"": ""8c0143ba-f849-45be-b336-733b0c7110d2"", ""derivatives/dandiset-000939/sub-A3701/sub-A3701_ses-191119_behavior+ecephys/pipeline-aind+ephys/version-v1.2.4_codebase-v0.3.43_params-1cbdbee_config-7940dfd_attempt-1/logs/report.html"": ""b70b374e-4887-4899-bb95-43fdabaf73e1"", ""derivatives/dandiset-000939/sub-A3701/sub-A3701_ses-191119_behavior+ecephys/pipeline-aind+ephys/version-v1.2.4_codebase-v0.3.43_params-1cbdbee_config-7940dfd_attempt-1/logs/timeline.html"": ""970d990f-f9eb-4712-b77c-aced2086e05b"", ""derivatives/dandiset-000939/sub-A3701/sub-A3701_ses-191119_behavior+ecephys/pipeline-aind+ephys/version-v1.2.4_codebase-v0.3.43_params-1cbdbee_config-7940dfd_attempt-1/logs/trace.txt"": ""9ed949bf-a053-40db-bb62-33615205c982""}"	2026-09-08T17:44:12.995761-04:00	2026-09-08T17:44:14.088025-04:00
000939	sub-A3701/sub-A3701_ses-191119_behavior+ecephys.nwb	aind+ephys	v1.2.4	1cbdbee	7940dfd	2	v0.3.43	fc9e39de-f3f2-4398-bb9f-269bf9b9aeae	30194668712	True	True	False	True	"{""derivatives/dandiset-000939/sub-A3701/sub-A3701_ses-191119_behavior+ecephys/pipeline-aind+ephys/version-v1.2.4_codebase-v0.3.43_params-1cbdbee_config-7940dfd_attempt-2/dataset_description.json"": ""c0586a77-2b0c-4109-918f-05e77ff4dcd8""}"		"{""derivatives/dandiset-000939/sub-A3701/sub-A3701_ses-191119_behavior+ecephys/pipeline-aind+ephys/version-v1.2.4_codebase-v0.3.43_params-1cbdbee_config-7940dfd_attempt-2/logs/dag.html"": ""374d93d6-f54a-49e3-9bd4-23cc49c2e489"", ""derivatives/dandiset-000939/sub-A3701/sub-A3701_ses-191119_behavior+ecephys/pipeline-aind+ephys/version-v1.2.4_codebase-v0.3.43_params-1cbdbee_config-7940dfd_attempt-2/logs/job-16440839_slurm.log"": ""b0291786-0e00-4aac-b4b7-5716ab5c2a2a"", ""derivatives/dandiset-000939/sub-A3701/sub-A3701_ses-191119_behavior+ecephys/pipeline-aind+ephys/version-v1.2.4_codebase-v0.3.43_params-1cbdbee_config-7940dfd_attempt-2/logs/nextflow.log"": ""7eaadea7-58a2-46d6-938d-fc137dbd2a25"", ""derivatives/dandiset-000939/sub-A3701/sub-A3701_ses-191119_behavior+ecephys/pipeline-aind+ephys/version-v1.2.4_codebase-v0.3.43_params-1cbdbee_config-7940dfd_attempt-2/logs/report.html"": ""e70a9d43-54e1-4fd9-9784-aa37201aae46"", ""derivatives/dandiset-000939/sub-A3701/sub-A3701_ses-191119_behavior+ecephys/pipeline-aind+ephys/version-v1.2.4_codebase-v0.3.43_params-1cbdbee_config-7940dfd_attempt-2/logs/timeline.html"": ""5ae45d97-4d41-40db-bf5b-13763f0be714"", ""derivatives/dandiset-000939/sub-A3701/sub-A3701_ses-191119_behavior+ecephys/pipeline-aind+ephys/version-v1.2.4_codebase-v0.3.43_params-1cbdbee_config-7940dfd_attempt-2/logs/trace.txt"": ""d4c7f4f7-944a-49d0-aa46-8a66e6f27146""}"	2026-09-08T17:44:24.467699-04:00	2026-09-08T17:44:25.613163-04:00
000939	sub-A3701/sub-A3701_ses-191119_behavior+ecephys.nwb	aind+ephys	v1.2.4	1cbdbee	7940dfd	1	v0.3.46	fc9e39de-f3f2-4398-bb9f-269bf9b9aeae	30194668712	True	True	False	True	"{""derivatives/dandiset-000939/sub-A3701/sub-A3701_ses-191119_behavior+ecephys/pipeline-aind+ephys/version-v1.2.4_codebase-v0.3.46_params-1cbdbee_config-7940dfd_attempt-1/dataset_description.json"": ""51e4de14-04bf-4644-8fba-3ecb25735894""}"		"{""derivatives/dandiset-000939/sub-A3701/sub-A3701_ses-191119_behavior+ecephys/pipeline-aind+ephys/version-v1.2.4_codebase-v0.3.46_params-1cbdbee_config-7940dfd_attempt-1/logs/dag.html"": ""374d93d6-f54a-49e3-9bd4-23cc49c2e489"", ""derivatives/dandiset-000939/sub-A3701/sub-A3701_ses-191119_behavior+ecephys/pipeline-aind+ephys/version-v1.2.4_codebase-v0.3.46_params-1cbdbee_config-7940dfd_attempt-1/logs/job-16460526_slurm.log"": ""133a3ee4-0ae7-4ae5-aae2-0446454137da"", ""derivatives/dandiset-000939/sub-A3701/sub-A3701_ses-191119_behavior+ecephys/pipeline-aind+ephys/version-v1.2.4_codebase-v0.3.46_params-1cbdbee_config-7940dfd_attempt-1/logs/nextflow.log"": ""e0759911-fea2-40c7-9888-e632c45a3ef0"", ""derivatives/dandiset-000939/sub-A3701/sub-A3701_ses-191119_behavior+ecephys/pipeline-aind+ephys/version-v1.2.4_codebase-v0.3.46_params-1cbdbee_config-7940dfd_attempt-1/logs/report.html"": ""2c4e199e-8e9e-48ed-86a8-0bd5b1ff687c"", ""derivatives/dandiset-000939/sub-A3701/sub-A3701_ses-191119_behavior+ecephys/pipeline-aind+ephys/version-v1.2.4_codebase-v0.3.46_params-1cbdbee_config-7940dfd_attempt-1/logs/timeline.html"": ""85912da3-c9b4-48b1-a1c9-403dfecc1dd0"", ""derivatives/dandiset-000939/sub-A3701/sub-A3701_ses-191119_behavior+ecephys/pipeline-aind+ephys/version-v1.2.4_codebase-v0.3.46_params-1cbdbee_config-7940dfd_attempt-1/logs/trace.txt"": ""4b6bc3ad-c93e-424d-ac55-186f25537a6b""}"	2026-09-08T17:44:36.405340-04:00	2026-09-08T17:44:37.506832-04:00
000939	sub-A3705/sub-A3705_ses-200306_behavior+ecephys.nwb	aind+ephys	v1.2.4	1cbdbee	7940dfd	1	v0.3.49	bfe02241-e0b2-451c-9112-de39d043b0df	23485226900	True	True	False	True	"{""derivatives/dandiset-000939/sub-A3705/sub-A3705_ses-200306_behavior+ecephys/pipeline-aind+ephys/version-v1.2.4_codebase-v0.3.49_params-1cbdbee_config-7940dfd_attempt-1/dataset_description.json"": ""faf0f8b5-10dc-430a-881d-20bb066f90c1""}"		"{""derivatives/dandiset-000939/sub-A3705/sub-A3705_ses-200306_behavior+ecephys/pipeline-aind+ephys/version-v1.2.4_codebase-v0.3.49_params-1cbdbee_config-7940dfd_attempt-1/logs/dag.html"": ""374d93d6-f54a-49e3-9bd4-23cc49c2e489"", ""derivatives/dandiset-000939/sub-A3705/sub-A3705_ses-200306_behavior+ecephys/pipeline-aind+ephys/version-v1.2.4_codebase-v0.3.49_params-1cbdbee_config-7940dfd_attempt-1/logs/job-19023506_slurm.log"": ""f49b7d9b-a43c-4bb5-a9c5-264891944020"", ""derivatives/dandiset-000939/sub-A3705/sub-A3705_ses-200306_behavior+ecephys/pipeline-aind+ephys/version-v1.2.4_codebase-v0.3.49_params-1cbdbee_config-7940dfd_attempt-1/logs/nextflow.log"": ""a22b2835-4b53-42a0-9a44-e7c3ae245762"", ""derivatives/dandiset-000939/sub-A3705/sub-A3705_ses-200306_behavior+ecephys/pipeline-aind+ephys/version-v1.2.4_codebase-v0.3.49_params-1cbdbee_config-7940dfd_attempt-1/logs/report.html"": ""311870b1-5dcc-4a99-9bf2-0d51373c7d81"", ""derivatives/dandiset-000939/sub-A3705/sub-A3705_ses-200306_behavior+ecephys/pipeline-aind+ephys/version-v1.2.4_codebase-v0.3.49_params-1cbdbee_config-7940dfd_attempt-1/logs/timeline.html"": ""b4aee28d-25bb-4c99-8148-219435837a86"", ""derivatives/dandiset-000939/sub-A3705/sub-A3705_ses-200306_behavior+ecephys/pipeline-aind+ephys/version-v1.2.4_codebase-v0.3.49_params-1cbdbee_config-7940dfd_attempt-1/logs/trace.txt"": ""79968c37-1065-4fb5-adec-37aa44bb1829""}"	2026-09-08T17:44:51.699442-04:00	2026-09-08T17:44:52.920881-04:00
000939	sub-A3706/sub-A3706_ses-200313_behavior+ecephys.nwb	aind+ephys	v1.2.4	1cbdbee	7940dfd	1	v0.3.43	bbfbaaa8-17fb-4473-a589-31c13cb6a143	22601114824	True	True	False	True	"{""derivatives/dandiset-000939/sub-A3706/sub-A3706_ses-200313_behavior+ecephys/pipeline-aind+ephys/version-v1.2.4_codebase-v0.3.43_params-1cbdbee_config-7940dfd_attempt-1/dataset_description.json"": ""c0586a77-2b0c-4109-918f-05e77ff4dcd8""}"		"{""derivatives/dandiset-000939/sub-A3706/sub-A3706_ses-200313_behavior+ecephys/pipeline-aind+ephys/version-v1.2.4_codebase-v0.3.43_params-1cbdbee_config-7940dfd_attempt-1/logs/dag.html"": ""374d93d6-f54a-49e3-9bd4-23cc49c2e489"", ""derivatives/dandiset-000939/sub-A3706/sub-A3706_ses-200313_behavior+ecephys/pipeline-aind+ephys/version-v1.2.4_codebase-v0.3.43_params-1cbdbee_config-7940dfd_attempt-1/logs/job-16336523_slurm.log"": ""3fe19b28-f879-4712-9780-0ffc5bc66831"", ""derivatives/dandiset-000939/sub-A3706/sub-A3706_ses-200313_behavior+ecephys/pipeline-aind+ephys/version-v1.2.4_codebase-v0.3.43_params-1cbdbee_config-7940dfd_attempt-1/logs/nextflow.log"": ""c6d1d090-def1-4419-9fe0-a37896c6034c"", ""derivatives/dandiset-000939/sub-A3706/sub-A3706_ses-200313_behavior+ecephys/pipeline-aind+ephys/version-v1.2.4_codebase-v0.3.43_params-1cbdbee_config-7940dfd_attempt-1/logs/report.html"": ""82ea154d-884b-4b55-80bb-f71944ef9322"", ""derivatives/dandiset-000939/sub-A3706/sub-A3706_ses-200313_behavior+ecephys/pipeline-aind+ephys/version-v1.2.4_codebase-v0.3.43_params-1cbdbee_config-7940dfd_attempt-1/logs/timeline.html"": ""9d18b556-1709-426e-99c8-e8afb57ba40f"", ""derivatives/dandiset-000939/sub-A3706/sub-A3706_ses-200313_behavior+ecephys/pipeline-aind+ephys/version-v1.2.4_codebase-v0.3.43_params-1cbdbee_config-7940dfd_attempt-1/logs/trace.txt"": ""ca44c3d0-3f05-4820-a09f-03da490af763""}"	2026-09-08T17:45:06.575412-04:00	2026-09-08T17:45:07.883023-04:00
000939	sub-A3706/sub-A3706_ses-200313_behavior+ecephys.nwb	aind+ephys	v1.2.4	1cbdbee	7940dfd	1	v0.3.46	bbfbaaa8-17fb-4473-a589-31c13cb6a143	22601114824	True	True	False	True	"{""derivatives/dandiset-000939/sub-A3706/sub-A3706_ses-200313_behavior+ecephys/pipeline-aind+ephys/version-v1.2.4_codebase-v0.3.46_params-1cbdbee_config-7940dfd_attempt-1/dataset_description.json"": ""51e4de14-04bf-4644-8fba-3ecb25735894""}"		"{""derivatives/dandiset-000939/sub-A3706/sub-A3706_ses-200313_behavior+ecephys/pipeline-aind+ephys/version-v1.2.4_codebase-v0.3.46_params-1cbdbee_config-7940dfd_attempt-1/logs/dag.html"": ""374d93d6-f54a-49e3-9bd4-23cc49c2e489"", ""derivatives/dandiset-000939/sub-A3706/sub-A3706_ses-200313_behavior+ecephys/pipeline-aind+ephys/version-v1.2.4_codebase-v0.3.46_params-1cbdbee_config-7940dfd_attempt-1/logs/job-16441912_slurm.log"": ""eb72f932-62b0-4f89-a1a4-2e9ce9e4810c"", ""derivatives/dandiset-000939/sub-A3706/sub-A3706_ses-200313_behavior+ecephys/pipeline-aind+ephys/version-v1.2.4_codebase-v0.3.46_params-1cbdbee_config-7940dfd_attempt-1/logs/nextflow.log"": ""0efdb0e0-d362-4000-b79c-37250f18a1a4"", ""derivatives/dandiset-000939/sub-A3706/sub-A3706_ses-200313_behavior+ecephys/pipeline-aind+ephys/version-v1.2.4_codebase-v0.3.46_params-1cbdbee_config-7940dfd_attempt-1/logs/report.html"": ""4de768bd-a8df-47d9-a2cd-a55f57c97a08"", ""derivatives/dandiset-000939/sub-A3706/sub-A3706_ses-200313_behavior+ecephys/pipeline-aind+ephys/version-v1.2.4_codebase-v0.3.46_params-1cbdbee_config-7940dfd_attempt-1/logs/timeline.html"": ""af1b2135-bf2f-4d31-b48c-cc941d3cdcad"", ""derivatives/dandiset-000939/sub-A3706/sub-A3706_ses-200313_behavior+ecephys/pipeline-aind+ephys/version-v1.2.4_codebase-v0.3.46_params-1cbdbee_config-7940dfd_attempt-1/logs/trace.txt"": ""4d29bfac-8d33-4582-a625-743c6cdc97a7""}"	2026-09-08T17:45:20.852545-04:00	2026-09-08T17:45:22.294334-04:00
000939	sub-A3712/sub-A3712_ses-200903a_behavior+ecephys.nwb	aind+ephys	v1.2.4	4e89ec7	7940dfd	1	v0.3.50	b6c8dac0-cf7d-46fb-b243-0a2652729f53	23205619741	True	True	False	True	"{""derivatives/dandiset-000939/sub-A3712/sub-A3712_ses-200903a_behavior+ecephys/pipeline-aind+ephys/version-v1.2.4_codebase-v0.3.50_params-4e89ec7_config-7940dfd_attempt-1/dataset_description.json"": ""ec67b4f7-99d2-4400-9d00-e97a813e9220""}"		"{""derivatives/dandiset-000939/sub-A3712/sub-A3712_ses-200903a_behavior+ecephys/pipeline-aind+ephys/version-v1.2.4_codebase-v0.3.50_params-4e89ec7_config-7940dfd_attempt-1/logs/dag.html"": ""374d93d6-f54a-49e3-9bd4-23cc49c2e489"", ""derivatives/dandiset-000939/sub-A3712/sub-A3712_ses-200903a_behavior+ecephys/pipeline-aind+ephys/version-v1.2.4_codebase-v0.3.50_params-4e89ec7_config-7940dfd_attempt-1/logs/job-19124567_slurm.log"": ""d617f7ac-1750-465a-86cb-1b5814c3b247"", ""derivatives/dandiset-000939/sub-A3712/sub-A3712_ses-200903a_behavior+ecephys/pipeline-aind+ephys/version-v1.2.4_codebase-v0.3.50_params-4e89ec7_config-7940dfd_attempt-1/logs/nextflow.log"": ""ba1edad0-dca7-4075-b272-f84600728861"", ""derivatives/dandiset-000939/sub-A3712/sub-A3712_ses-200903a_behavior+ecephys/pipeline-aind+ephys/version-v1.2.4_codebase-v0.3.50_params-4e89ec7_config-7940dfd_attempt-1/logs/report.html"": ""04cf4a39-b460-412a-958f-f637ebc0d37e"", ""derivatives/dandiset-000939/sub-A3712/sub-A3712_ses-200903a_behavior+ecephys/pipeline-aind+ephys/version-v1.2.4_codebase-v0.3.50_params-4e89ec7_config-7940dfd_attempt-1/logs/timeline.html"": ""55d823a2-b434-4212-93d8-f426733a21b1"", ""derivatives/dandiset-000939/sub-A3712/sub-A3712_ses-200903a_behavior+ecephys/pipeline-aind+ephys/version-v1.2.4_codebase-v0.3.50_params-4e89ec7_config-7940dfd_attempt-1/logs/trace.txt"": ""a7e4abf0-d764-4aaa-8f09-5b37c2d42101""}"	2026-09-08T17:45:35.758560-04:00	2026-09-08T17:45:36.956401-04:00
000939	sub-A3717/sub-A3717_ses-201021_behavior+ecephys.nwb	aind+ephys	v1.2.4	1cbdbee	7940dfd	1	v0.3.46	47140e5d-9a0f-4223-9f3c-918a8f642740	24680945085	True	True	False	True	"{""derivatives/dandiset-000939/sub-A3717/sub-A3717_ses-201021_behavior+ecephys/pipeline-aind+ephys/version-v1.2.4_codebase-v0.3.46_params-1cbdbee_config-7940dfd_attempt-1/dataset_description.json"": ""51e4de14-04bf-4644-8fba-3ecb25735894""}"		"{""derivatives/dandiset-000939/sub-A3717/sub-A3717_ses-201021_behavior+ecephys/pipeline-aind+ephys/version-v1.2.4_codebase-v0.3.46_params-1cbdbee_config-7940dfd_attempt-1/logs/dag.html"": ""374d93d6-f54a-49e3-9bd4-23cc49c2e489"", ""derivatives/dandiset-000939/sub-A3717/sub-A3717_ses-201021_behavior+ecephys/pipeline-aind+ephys/version-v1.2.4_codebase-v0.3.46_params-1cbdbee_config-7940dfd_attempt-1/logs/job-16610909_slurm.log"": ""58d181b4-ef57-459b-b964-5704115f73d3"", ""derivatives/dandiset-000939/sub-A3717/sub-A3717_ses-201021_behavior+ecephys/pipeline-aind+ephys/version-v1.2.4_codebase-v0.3.46_params-1cbdbee_config-7940dfd_attempt-1/logs/nextflow.log"": ""438bee09-c9b8-4ff1-8561-7770b4edd391"", ""derivatives/dandiset-000939/sub-A3717/sub-A3717_ses-201021_behavior+ecephys/pipeline-aind+ephys/version-v1.2.4_codebase-v0.3.46_params-1cbdbee_config-7940dfd_attempt-1/logs/report.html"": ""c7f0fcdb-a356-4f1f-9f96-c5c440c96c7e"", ""derivatives/dandiset-000939/sub-A3717/sub-A3717_ses-201021_behavior+ecephys/pipeline-aind+ephys/version-v1.2.4_codebase-v0.3.46_params-1cbdbee_config-7940dfd_attempt-1/logs/timeline.html"": ""e436a2ce-4469-4872-ad11-12535aa685e1"", ""derivatives/dandiset-000939/sub-A3717/sub-A3717_ses-201021_behavior+ecephys/pipeline-aind+ephys/version-v1.2.4_codebase-v0.3.46_params-1cbdbee_config-7940dfd_attempt-1/logs/trace.txt"": ""60ea93cd-9acc-4df4-9f73-e3834e54dc54""}"	2026-09-08T17:45:47.939123-04:00	2026-09-08T17:45:49.158193-04:00
000939	sub-A3723/sub-A3723_ses-201115_behavior+ecephys.nwb	aind+ephys	v1.2.4	1cbdbee	7940dfd	1	v0.3.49	80faa9bb-ed17-4553-9575-4d308f7d191f	24848618260	True	True	False	True	"{""derivatives/dandiset-000939/sub-A3723/sub-A3723_ses-201115_behavior+ecephys/pipeline-aind+ephys/version-v1.2.4_codebase-v0.3.49_params-1cbdbee_config-7940dfd_attempt-1/dataset_description.json"": ""faf0f8b5-10dc-430a-881d-20bb066f90c1""}"		"{""derivatives/dandiset-000939/sub-A3723/sub-A3723_ses-201115_behavior+ecephys/pipeline-aind+ephys/version-v1.2.4_codebase-v0.3.49_params-1cbdbee_config-7940dfd_attempt-1/logs/dag.html"": ""374d93d6-f54a-49e3-9bd4-23cc49c2e489"", ""derivatives/dandiset-000939/sub-A3723/sub-A3723_ses-201115_behavior+ecephys/pipeline-aind+ephys/version-v1.2.4_codebase-v0.3.49_params-1cbdbee_config-7940dfd_attempt-1/logs/job-17575504_slurm.log"": ""04e5f7d7-a7ff-4686-881c-cc5583645985"", ""derivatives/dandiset-000939/sub-A3723/sub-A3723_ses-201115_behavior+ecephys/pipeline-aind+ephys/version-v1.2.4_codebase-v0.3.49_params-1cbdbee_config-7940dfd_attempt-1/logs/nextflow.log"": ""aa61430c-6825-4395-b7aa-96ee768ce3bb"", ""derivatives/dandiset-000939/sub-A3723/sub-A3723_ses-201115_behavior+ecephys/pipeline-aind+ephys/version-v1.2.4_codebase-v0.3.49_params-1cbdbee_config-7940dfd_attempt-1/logs/report.html"": ""8bbc4269-f0ab-49fd-9dc1-734608ee7803"", ""derivatives/dandiset-000939/sub-A3723/sub-A3723_ses-201115_behavior+ecephys/pipeline-aind+ephys/version-v1.2.4_codebase-v0.3.49_params-1cbdbee_config-7940dfd_attempt-1/logs/timeline.html"": ""53fe8adb-6071-4e7d-b256-b62c34746a1f"", ""derivatives/dandiset-000939/sub-A3723/sub-A3723_ses-201115_behavior+ecephys/pipeline-aind+ephys/version-v1.2.4_codebase-v0.3.49_params-1cbdbee_config-7940dfd_attempt-1/logs/trace.txt"": ""0b8a4bfd-cb74-45b2-b197-71198362f744""}"	2026-09-08T17:46:00.460285-04:00	2026-09-08T17:46:02.037647-04:00
000939	sub-A3728/sub-A3728_ses-210309b_behavior+ecephys.nwb	aind+ephys	v1.2.4	1cbdbee	7940dfd	1	v0.3.49	676e1738-f18b-444a-9cc9-e3bd2713a4a1	22483369105	True	True	False	True	"{""derivatives/dandiset-000939/sub-A3728/sub-A3728_ses-210309b_behavior+ecephys/pipeline-aind+ephys/version-v1.2.4_codebase-v0.3.49_params-1cbdbee_config-7940dfd_attempt-1/dataset_description.json"": ""faf0f8b5-10dc-430a-881d-20bb066f90c1""}"		"{""derivatives/dandiset-000939/sub-A3728/sub-A3728_ses-210309b_behavior+ecephys/pipeline-aind+ephys/version-v1.2.4_codebase-v0.3.49_params-1cbdbee_config-7940dfd_attempt-1/logs/dag.html"": ""374d93d6-f54a-49e3-9bd4-23cc49c2e489"", ""derivatives/dandiset-000939/sub-A3728/sub-A3728_ses-210309b_behavior+ecephys/pipeline-aind+ephys/version-v1.2.4_codebase-v0.3.49_params-1cbdbee_config-7940dfd_attempt-1/logs/job-18813586_slurm.log"": ""7e09d4e6-3c1b-43d1-be02-42b5a4e53894"", ""derivatives/dandiset-000939/sub-A3728/sub-A3728_ses-210309b_behavior+ecephys/pipeline-aind+ephys/version-v1.2.4_codebase-v0.3.49_params-1cbdbee_config-7940dfd_attempt-1/logs/nextflow.log"": ""b1741402-845a-4b81-9e07-d27c5bb02397"", ""derivatives/dandiset-000939/sub-A3728/sub-A3728_ses-210309b_behavior+ecephys/pipeline-aind+ephys/version-v1.2.4_codebase-v0.3.49_params-1cbdbee_config-7940dfd_attempt-1/logs/report.html"": ""f78980d2-9f9e-429d-bbc8-19483720f308"", ""derivatives/dandiset-000939/sub-A3728/sub-A3728_ses-210309b_behavior+ecephys/pipeline-aind+ephys/version-v1.2.4_codebase-v0.3.49_params-1cbdbee_config-7940dfd_attempt-1/logs/timeline.html"": ""884dc649-a548-4449-bb57-69944c9b8cf6"", ""derivatives/dandiset-000939/sub-A3728/sub-A3728_ses-210309b_behavior+ecephys/pipeline-aind+ephys/version-v1.2.4_codebase-v0.3.49_params-1cbdbee_config-7940dfd_attempt-1/logs/trace.txt"": ""51fa0046-25e7-4441-8343-427049d9d5ef""}"	2026-09-08T17:46:15.001271-04:00	2026-09-08T17:46:16.387696-04:00
000939	sub-A6211/sub-A6211_ses-210407_behavior+ecephys+ogen.nwb	aind+ephys	v1.2.4	1cbdbee	7940dfd	1	v0.3.49	a91db317-e545-4504-a5ea-f16e0c7d35f1	22905827358	True	True	False	True	"{""derivatives/dandiset-000939/sub-A6211/sub-A6211_ses-210407_behavior+ecephys+ogen/pipeline-aind+ephys/version-v1.2.4_codebase-v0.3.49_params-1cbdbee_config-7940dfd_attempt-1/dataset_description.json"": ""faf0f8b5-10dc-430a-881d-20bb066f90c1""}"		"{""derivatives/dandiset-000939/sub-A6211/sub-A6211_ses-210407_behavior+ecephys+ogen/pipeline-aind+ephys/version-v1.2.4_codebase-v0.3.49_params-1cbdbee_config-7940dfd_attempt-1/logs/dag.html"": ""374d93d6-f54a-49e3-9bd4-23cc49c2e489"", ""derivatives/dandiset-000939/sub-A6211/sub-A6211_ses-210407_behavior+ecephys+ogen/pipeline-aind+ephys/version-v1.2.4_codebase-v0.3.49_params-1cbdbee_config-7940dfd_attempt-1/logs/job-17575505_slurm.log"": ""446ad3fc-73f0-48f6-abe4-a0419a4ad901"", ""derivatives/dandiset-000939/sub-A6211/sub-A6211_ses-210407_behavior+ecephys+ogen/pipeline-aind+ephys/version-v1.2.4_codebase-v0.3.49_params-1cbdbee_config-7940dfd_attempt-1/logs/nextflow.log"": ""fffbb886-3a41-49be-b377-ec37b77b0fa8"", ""derivatives/dandiset-000939/sub-A6211/sub-A6211_ses-210407_behavior+ecephys+ogen/pipeline-aind+ephys/version-v1.2.4_codebase-v0.3.49_params-1cbdbee_config-7940dfd_attempt-1/logs/report.html"": ""e0105962-2692-4044-827c-cc80b5f25605"", ""derivatives/dandiset-000939/sub-A6211/sub-A6211_ses-210407_behavior+ecephys+ogen/pipeline-aind+ephys/version-v1.2.4_codebase-v0.3.49_params-1cbdbee_config-7940dfd_attempt-1/logs/timeline.html"": ""c12ee179-b9ff-42e1-b5b5-47d0471806ea"", ""derivatives/dandiset-000939/sub-A6211/sub-A6211_ses-210407_behavior+ecephys+ogen/pipeline-aind+ephys/version-v1.2.4_codebase-v0.3.49_params-1cbdbee_config-7940dfd_attempt-1/logs/trace.txt"": ""0084ee0c-332c-4e96-9d77-7e542c73d09c""}"	2026-09-08T17:46:28.096520-04:00	2026-09-08T17:46:29.181982-04:00
000947	sub-Gaia/sub-Gaia_ses-post-MPTP-G-161118-2_ecephys.nwb	aind+ephys	v1.2.4	1cbdbee	7940dfd	1	v0.3.49	78a95c3c-533b-4555-9318-fa606326c93f	6962855604	True	True	False	True	"{""derivatives/dandiset-000947/sub-Gaia/sub-Gaia_ses-post-MPTP-G-161118-2_ecephys/pipeline-aind+ephys/version-v1.2.4_codebase-v0.3.49_params-1cbdbee_config-7940dfd_attempt-1/dataset_description.json"": ""9979c9bc-fe6e-4041-86e5-20488ae2e378""}"		"{""derivatives/dandiset-000947/sub-Gaia/sub-Gaia_ses-post-MPTP-G-161118-2_ecephys/pipeline-aind+ephys/version-v1.2.4_codebase-v0.3.49_params-1cbdbee_config-7940dfd_attempt-1/logs/dag.html"": ""374d93d6-f54a-49e3-9bd4-23cc49c2e489"", ""derivatives/dandiset-000947/sub-Gaia/sub-Gaia_ses-post-MPTP-G-161118-2_ecephys/pipeline-aind+ephys/version-v1.2.4_codebase-v0.3.49_params-1cbdbee_config-7940dfd_attempt-1/logs/job-18465271_slurm.log"": ""616a2bc2-10ab-49d3-8458-1c634448a8dc"", ""derivatives/dandiset-000947/sub-Gaia/sub-Gaia_ses-post-MPTP-G-161118-2_ecephys/pipeline-aind+ephys/version-v1.2.4_codebase-v0.3.49_params-1cbdbee_config-7940dfd_attempt-1/logs/nextflow.log"": ""1b3b81fe-77d0-4714-b579-d02292b1be35"", ""derivatives/dandiset-000947/sub-Gaia/sub-Gaia_ses-post-MPTP-G-161118-2_ecephys/pipeline-aind+ephys/version-v1.2.4_codebase-v0.3.49_params-1cbdbee_config-7940dfd_attempt-1/logs/report.html"": ""5afdc718-a93e-4de3-ab84-846faad268c8"", ""derivatives/dandiset-000947/sub-Gaia/sub-Gaia_ses-post-MPTP-G-161118-2_ecephys/pipeline-aind+ephys/version-v1.2.4_codebase-v0.3.49_params-1cbdbee_config-7940dfd_attempt-1/logs/timeline.html"": ""f27c346e-3032-459f-911d-e508280e326d"", ""derivatives/dandiset-000947/sub-Gaia/sub-Gaia_ses-post-MPTP-G-161118-2_ecephys/pipeline-aind+ephys/version-v1.2.4_codebase-v0.3.49_params-1cbdbee_config-7940dfd_attempt-1/logs/trace.txt"": ""31161d76-beaf-4af9-a141-c2623d945320""}"	2026-09-08T17:46:41.291914-04:00	2026-09-08T17:46:42.453581-04:00
000947	sub-Gaia/sub-Gaia_ses-post-MPTP-G-170207-3_ecephys.nwb	aind+ephys	v1.2.4	1cbdbee	7940dfd	1	v0.3.49	ff102a4f-d656-4306-baae-0b08d8712376	5491168236	True	True	False	True	"{""derivatives/dandiset-000947/sub-Gaia/sub-Gaia_ses-post-MPTP-G-170207-3_ecephys/pipeline-aind+ephys/version-v1.2.4_codebase-v0.3.49_params-1cbdbee_config-7940dfd_attempt-1/dataset_description.json"": ""9979c9bc-fe6e-4041-86e5-20488ae2e378""}"		"{""derivatives/dandiset-000947/sub-Gaia/sub-Gaia_ses-post-MPTP-G-170207-3_ecephys/pipeline-aind+ephys/version-v1.2.4_codebase-v0.3.49_params-1cbdbee_config-7940dfd_attempt-1/logs/dag.html"": ""374d93d6-f54a-49e3-9bd4-23cc49c2e489"", ""derivatives/dandiset-000947/sub-Gaia/sub-Gaia_ses-post-MPTP-G-170207-3_ecephys/pipeline-aind+ephys/version-v1.2.4_codebase-v0.3.49_params-1cbdbee_config-7940dfd_attempt-1/logs/job-18300563_slurm.log"": ""da40481d-f62f-4dee-a9d6-23341e133d5b"", ""derivatives/dandiset-000947/sub-Gaia/sub-Gaia_ses-post-MPTP-G-170207-3_ecephys/pipeline-aind+ephys/version-v1.2.4_codebase-v0.3.49_params-1cbdbee_config-7940dfd_attempt-1/logs/nextflow.log"": ""9ee188d9-6d96-4110-bcad-bec371896763"", ""derivatives/dandiset-000947/sub-Gaia/sub-Gaia_ses-post-MPTP-G-170207-3_ecephys/pipeline-aind+ephys/version-v1.2.4_codebase-v0.3.49_params-1cbdbee_config-7940dfd_attempt-1/logs/report.html"": ""2c4eefd3-8d0e-466f-89cc-17b8ed56b319"", ""derivatives/dandiset-000947/sub-Gaia/sub-Gaia_ses-post-MPTP-G-170207-3_ecephys/pipeline-aind+ephys/version-v1.2.4_codebase-v0.3.49_params-1cbdbee_config-7940dfd_attempt-1/logs/timeline.html"": ""13a318f9-9348-487b-9ee1-7798928b032e"", ""derivatives/dandiset-000947/sub-Gaia/sub-Gaia_ses-post-MPTP-G-170207-3_ecephys/pipeline-aind+ephys/version-v1.2.4_codebase-v0.3.49_params-1cbdbee_config-7940dfd_attempt-1/logs/trace.txt"": ""bc87c5e7-8c5f-4f49-ae59-3a3505578ce2""}"	2026-09-08T17:46:54.456172-04:00	2026-09-08T17:46:55.869589-04:00
000947	sub-Gaia/sub-Gaia_ses-post-MPTP-G-170310-6_ecephys.nwb	aind+ephys	v1.2.4	1cbdbee	7940dfd	1	v0.3.49	83e40a68-0c42-4c1b-8521-141204ae155f	3985382230	True	True	False	True	"{""derivatives/dandiset-000947/sub-Gaia/sub-Gaia_ses-post-MPTP-G-170310-6_ecephys/pipeline-aind+ephys/version-v1.2.4_codebase-v0.3.49_params-1cbdbee_config-7940dfd_attempt-1/dataset_description.json"": ""9979c9bc-fe6e-4041-86e5-20488ae2e378""}"		"{""derivatives/dandiset-000947/sub-Gaia/sub-Gaia_ses-post-MPTP-G-170310-6_ecephys/pipeline-aind+ephys/version-v1.2.4_codebase-v0.3.49_params-1cbdbee_config-7940dfd_attempt-1/logs/dag.html"": ""374d93d6-f54a-49e3-9bd4-23cc49c2e489"", ""derivatives/dandiset-000947/sub-Gaia/sub-Gaia_ses-post-MPTP-G-170310-6_ecephys/pipeline-aind+ephys/version-v1.2.4_codebase-v0.3.49_params-1cbdbee_config-7940dfd_attempt-1/logs/job-18974930_slurm.log"": ""2a1d6cfb-a673-4fbd-a9ff-94e14879463b"", ""derivatives/dandiset-000947/sub-Gaia/sub-Gaia_ses-post-MPTP-G-170310-6_ecephys/pipeline-aind+ephys/version-v1.2.4_codebase-v0.3.49_params-1cbdbee_config-7940dfd_attempt-1/logs/nextflow.log"": ""0c69c31a-3205-4598-95cf-7ce4f1e58e76"", ""derivatives/dandiset-000947/sub-Gaia/sub-Gaia_ses-post-MPTP-G-170310-6_ecephys/pipeline-aind+ephys/version-v1.2.4_codebase-v0.3.49_params-1cbdbee_config-7940dfd_attempt-1/logs/report.html"": ""61c0e160-4650-45f8-89c9-74f157e685fe"", ""derivatives/dandiset-000947/sub-Gaia/sub-Gaia_ses-post-MPTP-G-170310-6_ecephys/pipeline-aind+ephys/version-v1.2.4_codebase-v0.3.49_params-1cbdbee_config-7940dfd_attempt-1/logs/timeline.html"": ""14de5a26-ef48-48d3-929b-4fb76a3fd5ad"", ""derivatives/dandiset-000947/sub-Gaia/sub-Gaia_ses-post-MPTP-G-170310-6_ecephys/pipeline-aind+ephys/version-v1.2.4_codebase-v0.3.49_params-1cbdbee_config-7940dfd_attempt-1/logs/trace.txt"": ""0c67ad60-4ae3-43f8-b068-5eebea1d0149""}"	2026-09-08T17:47:09.335676-04:00	2026-09-08T17:47:10.709592-04:00
000947	sub-Gaia/sub-Gaia_ses-pre-MPTP-G-140524-3_ecephys.nwb	aind+ephys	v1.2.4	1cbdbee	7940dfd	1	v0.3.49	9c129bd7-e81c-457c-9207-4564ed5b7915	221076371	True	True	False	True	"{""derivatives/dandiset-000947/sub-Gaia/sub-Gaia_ses-pre-MPTP-G-140524-3_ecephys/pipeline-aind+ephys/version-v1.2.4_codebase-v0.3.49_params-1cbdbee_config-7940dfd_attempt-1/dataset_description.json"": ""9979c9bc-fe6e-4041-86e5-20488ae2e378""}"		"{""derivatives/dandiset-000947/sub-Gaia/sub-Gaia_ses-pre-MPTP-G-140524-3_ecephys/pipeline-aind+ephys/version-v1.2.4_codebase-v0.3.49_params-1cbdbee_config-7940dfd_attempt-1/logs/dag.html"": ""374d93d6-f54a-49e3-9bd4-23cc49c2e489"", ""derivatives/dandiset-000947/sub-Gaia/sub-Gaia_ses-pre-MPTP-G-140524-3_ecephys/pipeline-aind+ephys/version-v1.2.4_codebase-v0.3.49_params-1cbdbee_config-7940dfd_attempt-1/logs/job-18115886_slurm.log"": ""aefb91c5-8dd2-4703-9c5a-52eb39a6fbf6"", ""derivatives/dandiset-000947/sub-Gaia/sub-Gaia_ses-pre-MPTP-G-140524-3_ecephys/pipeline-aind+ephys/version-v1.2.4_codebase-v0.3.49_params-1cbdbee_config-7940dfd_attempt-1/logs/nextflow.log"": ""8b9c7d13-4654-4314-90e3-d1c1cad227f5"", ""derivatives/dandiset-000947/sub-Gaia/sub-Gaia_ses-pre-MPTP-G-140524-3_ecephys/pipeline-aind+ephys/version-v1.2.4_codebase-v0.3.49_params-1cbdbee_config-7940dfd_attempt-1/logs/report.html"": ""dacb2ffb-d4b6-4b65-8125-3cc55a74e6aa"", ""derivatives/dandiset-000947/sub-Gaia/sub-Gaia_ses-pre-MPTP-G-140524-3_ecephys/pipeline-aind+ephys/version-v1.2.4_codebase-v0.3.49_params-1cbdbee_config-7940dfd_attempt-1/logs/timeline.html"": ""0f3ddc73-022b-4286-b034-a67703dc170d"", ""derivatives/dandiset-000947/sub-Gaia/sub-Gaia_ses-pre-MPTP-G-140524-3_ecephys/pipeline-aind+ephys/version-v1.2.4_codebase-v0.3.49_params-1cbdbee_config-7940dfd_attempt-1/logs/trace.txt"": ""d3c1a14a-dcca-4fe1-bf53-cbdafd1d6569""}"	2026-09-08T17:47:24.575049-04:00	2026-09-08T17:47:25.924086-04:00
000947	sub-Gaia/sub-Gaia_ses-pre-MPTP-G-140524-7_ecephys.nwb	aind+ephys	v1.2.4	1cbdbee	7940dfd	1	v0.3.49	524da237-793f-443e-b86b-e9d8a608d004	524183893	True	True	False	True	"{""derivatives/dandiset-000947/sub-Gaia/sub-Gaia_ses-pre-MPTP-G-140524-7_ecephys/pipeline-aind+ephys/version-v1.2.4_codebase-v0.3.49_params-1cbdbee_config-7940dfd_attempt-1/dataset_description.json"": ""9979c9bc-fe6e-4041-86e5-20488ae2e378""}"		"{""derivatives/dandiset-000947/sub-Gaia/sub-Gaia_ses-pre-MPTP-G-140524-7_ecephys/pipeline-aind+ephys/version-v1.2.4_codebase-v0.3.49_params-1cbdbee_config-7940dfd_attempt-1/logs/dag.html"": ""374d93d6-f54a-49e3-9bd4-23cc49c2e489"", ""derivatives/dandiset-000947/sub-Gaia/sub-Gaia_ses-pre-MPTP-G-140524-7_ecephys/pipeline-aind+ephys/version-v1.2.4_codebase-v0.3.49_params-1cbdbee_config-7940dfd_attempt-1/logs/job-17867450_slurm.log"": ""de88e432-4798-4b1a-bef1-c45cd0f8d5d2"", ""derivatives/dandiset-000947/sub-Gaia/sub-Gaia_ses-pre-MPTP-G-140524-7_ecephys/pipeline-aind+ephys/version-v1.2.4_codebase-v0.3.49_params-1cbdbee_config-7940dfd_attempt-1/logs/nextflow.log"": ""a42611cd-88a3-45fd-a26e-0dcf85cfe8d1"", ""derivatives/dandiset-000947/sub-Gaia/sub-Gaia_ses-pre-MPTP-G-140524-7_ecephys/pipeline-aind+ephys/version-v1.2.4_codebase-v0.3.49_params-1cbdbee_config-7940dfd_attempt-1/logs/report.html"": ""02224d0f-7542-4522-bc96-6e33e91b6817"", ""derivatives/dandiset-000947/sub-Gaia/sub-Gaia_ses-pre-MPTP-G-140524-7_ecephys/pipeline-aind+ephys/version-v1.2.4_codebase-v0.3.49_params-1cbdbee_config-7940dfd_attempt-1/logs/timeline.html"": ""3a34975a-f005-4498-bf87-72f82ce091db"", ""derivatives/dandiset-000947/sub-Gaia/sub-Gaia_ses-pre-MPTP-G-140524-7_ecephys/pipeline-aind+ephys/version-v1.2.4_codebase-v0.3.49_params-1cbdbee_config-7940dfd_attempt-1/logs/trace.txt"": ""e2715c92-b6cf-4eae-bf0d-80bb36538730""}"	2026-09-08T17:47:40.044494-04:00	2026-09-08T17:47:41.233039-04:00
000947	sub-Isis/sub-Isis_ses-pre-MPTP-I-160615-1_ecephys.nwb	aind+ephys	v1.2.4	1cbdbee	7940dfd	1	v0.3.49	172fcfc5-7055-4044-b8a8-7943e6edeff6	3796468223	True	True	False	True	"{""derivatives/dandiset-000947/sub-Isis/sub-Isis_ses-pre-MPTP-I-160615-1_ecephys/pipeline-aind+ephys/version-v1.2.4_codebase-v0.3.49_params-1cbdbee_config-7940dfd_attempt-1/dataset_description.json"": ""9979c9bc-fe6e-4041-86e5-20488ae2e378""}"		"{""derivatives/dandiset-000947/sub-Isis/sub-Isis_ses-pre-MPTP-I-160615-1_ecephys/pipeline-aind+ephys/version-v1.2.4_codebase-v0.3.49_params-1cbdbee_config-7940dfd_attempt-1/logs/dag.html"": ""374d93d6-f54a-49e3-9bd4-23cc49c2e489"", ""derivatives/dandiset-000947/sub-Isis/sub-Isis_ses-pre-MPTP-I-160615-1_ecephys/pipeline-aind+ephys/version-v1.2.4_codebase-v0.3.49_params-1cbdbee_config-7940dfd_attempt-1/logs/job-18036661_slurm.log"": ""8035096d-f363-4bc4-97fa-46c907760077"", ""derivatives/dandiset-000947/sub-Isis/sub-Isis_ses-pre-MPTP-I-160615-1_ecephys/pipeline-aind+ephys/version-v1.2.4_codebase-v0.3.49_params-1cbdbee_config-7940dfd_attempt-1/logs/nextflow.log"": ""dec4bdef-0156-4ff3-b9ac-8de918d92039"", ""derivatives/dandiset-000947/sub-Isis/sub-Isis_ses-pre-MPTP-I-160615-1_ecephys/pipeline-aind+ephys/version-v1.2.4_codebase-v0.3.49_params-1cbdbee_config-7940dfd_attempt-1/logs/report.html"": ""bc814e61-b272-4cd9-8ee5-f9084c2d2747"", ""derivatives/dandiset-000947/sub-Isis/sub-Isis_ses-pre-MPTP-I-160615-1_ecephys/pipeline-aind+ephys/version-v1.2.4_codebase-v0.3.49_params-1cbdbee_config-7940dfd_attempt-1/logs/timeline.html"": ""8dcab08b-5cc0-423a-a9e6-354c284cc7ca"", ""derivatives/dandiset-000947/sub-Isis/sub-Isis_ses-pre-MPTP-I-160615-1_ecephys/pipeline-aind+ephys/version-v1.2.4_codebase-v0.3.49_params-1cbdbee_config-7940dfd_attempt-1/logs/trace.txt"": ""0ca26fd9-59cd-4b77-8c95-88e91cb0ad10""}"	2026-09-08T17:47:52.550016-04:00	2026-09-08T17:47:53.915724-04:00
000947	sub-Isis/sub-Isis_ses-pre-MPTP-I-160714-1_ecephys.nwb	aind+ephys	v1.2.4	1cbdbee	7940dfd	1	v0.3.49	453b174b-75c8-409d-b905-88d160eaf941	2654362204	True	True	False	True	"{""derivatives/dandiset-000947/sub-Isis/sub-Isis_ses-pre-MPTP-I-160714-1_ecephys/pipeline-aind+ephys/version-v1.2.4_codebase-v0.3.49_params-1cbdbee_config-7940dfd_attempt-1/dataset_description.json"": ""9979c9bc-fe6e-4041-86e5-20488ae2e378""}"		"{""derivatives/dandiset-000947/sub-Isis/sub-Isis_ses-pre-MPTP-I-160714-1_ecephys/pipeline-aind+ephys/version-v1.2.4_codebase-v0.3.49_params-1cbdbee_config-7940dfd_attempt-1/logs/dag.html"": ""374d93d6-f54a-49e3-9bd4-23cc49c2e489"", ""derivatives/dandiset-000947/sub-Isis/sub-Isis_ses-pre-MPTP-I-160714-1_ecephys/pipeline-aind+ephys/version-v1.2.4_codebase-v0.3.49_params-1cbdbee_config-7940dfd_attempt-1/logs/job-17583990_slurm.log"": ""320be456-bf3f-49a3-ad62-76a9480faf87"", ""derivatives/dandiset-000947/sub-Isis/sub-Isis_ses-pre-MPTP-I-160714-1_ecephys/pipeline-aind+ephys/version-v1.2.4_codebase-v0.3.49_params-1cbdbee_config-7940dfd_attempt-1/logs/nextflow.log"": ""291e6952-e88c-4cc5-b718-8e87b7ea5720"", ""derivatives/dandiset-000947/sub-Isis/sub-Isis_ses-pre-MPTP-I-160714-1_ecephys/pipeline-aind+ephys/version-v1.2.4_codebase-v0.3.49_params-1cbdbee_config-7940dfd_attempt-1/logs/report.html"": ""04b6269a-c0e7-4a40-bf5a-0d00ed7a0f62"", ""derivatives/dandiset-000947/sub-Isis/sub-Isis_ses-pre-MPTP-I-160714-1_ecephys/pipeline-aind+ephys/version-v1.2.4_codebase-v0.3.49_params-1cbdbee_config-7940dfd_attempt-1/logs/timeline.html"": ""2fb52033-6d02-4dba-9334-70d33b65e4c5"", ""derivatives/dandiset-000947/sub-Isis/sub-Isis_ses-pre-MPTP-I-160714-1_ecephys/pipeline-aind+ephys/version-v1.2.4_codebase-v0.3.49_params-1cbdbee_config-7940dfd_attempt-1/logs/trace.txt"": ""2209c9f9-555a-4a95-a688-3d967cd256bf""}"	2026-09-08T17:48:07.614703-04:00	2026-09-08T17:48:08.869075-04:00
000947	sub-Isis/sub-Isis_ses-pre-MPTP-I-170322-4_ecephys.nwb	aind+ephys	v1.2.4	1cbdbee	7940dfd	1	v0.3.49	342a6e8a-8264-447d-bdbf-d70f4425e8d4	1505348020	True	True	False	True	"{""derivatives/dandiset-000947/sub-Isis/sub-Isis_ses-pre-MPTP-I-170322-4_ecephys/pipeline-aind+ephys/version-v1.2.4_codebase-v0.3.49_params-1cbdbee_config-7940dfd_attempt-1/dataset_description.json"": ""9979c9bc-fe6e-4041-86e5-20488ae2e378""}"		"{""derivatives/dandiset-000947/sub-Isis/sub-Isis_ses-pre-MPTP-I-170322-4_ecephys/pipeline-aind+ephys/version-v1.2.4_codebase-v0.3.49_params-1cbdbee_config-7940dfd_attempt-1/logs/dag.html"": ""374d93d6-f54a-49e3-9bd4-23cc49c2e489"", ""derivatives/dandiset-000947/sub-Isis/sub-Isis_ses-pre-MPTP-I-170322-4_ecephys/pipeline-aind+ephys/version-v1.2.4_codebase-v0.3.49_params-1cbdbee_config-7940dfd_attempt-1/logs/job-17584829_slurm.log"": ""4eb7bd9c-6052-4492-8817-7bf5c4c03dc8"", ""derivatives/dandiset-000947/sub-Isis/sub-Isis_ses-pre-MPTP-I-170322-4_ecephys/pipeline-aind+ephys/version-v1.2.4_codebase-v0.3.49_params-1cbdbee_config-7940dfd_attempt-1/logs/nextflow.log"": ""e210e61f-9b03-464e-b00a-dff5d01f2a3c"", ""derivatives/dandiset-000947/sub-Isis/sub-Isis_ses-pre-MPTP-I-170322-4_ecephys/pipeline-aind+ephys/version-v1.2.4_codebase-v0.3.49_params-1cbdbee_config-7940dfd_attempt-1/logs/report.html"": ""77b57ad3-0e16-476d-8fa1-704e8b6bbfc0"", ""derivatives/dandiset-000947/sub-Isis/sub-Isis_ses-pre-MPTP-I-170322-4_ecephys/pipeline-aind+ephys/version-v1.2.4_codebase-v0.3.49_params-1cbdbee_config-7940dfd_attempt-1/logs/timeline.html"": ""c3ba9130-de5e-4c8f-807f-b3a88cf8e26a"", ""derivatives/dandiset-000947/sub-Isis/sub-Isis_ses-pre-MPTP-I-170322-4_ecephys/pipeline-aind+ephys/version-v1.2.4_codebase-v0.3.49_params-1cbdbee_config-7940dfd_attempt-1/logs/trace.txt"": ""1b63cb73-544b-4fba-b6db-9b5350341ffc""}"	2026-09-08T17:48:19.851160-04:00	2026-09-08T17:48:21.053389-04:00
000953	sub-MonkeyN-held-in-calib/sub-MonkeyN-held-in-calib_ses-2020-10-19-Run2_behavior+ecephys.nwb	aind+ephys	v1.2.4	1cbdbee	7940dfd	1	v0.3.49	fce994a6-dbda-4879-aa4a-8efdbe090573	2407211257	True	True	False	True	"{""derivatives/dandiset-000953/sub-MonkeyN-held-in-calib/sub-MonkeyN-held-in-calib_ses-2020-10-19-Run2_behavior+ecephys/pipeline-aind+ephys/version-v1.2.4_codebase-v0.3.49_params-1cbdbee_config-7940dfd_attempt-1/dataset_description.json"": ""914790a0-1f83-4d8e-94e7-c7e53ca3e0a9""}"		"{""derivatives/dandiset-000953/sub-MonkeyN-held-in-calib/sub-MonkeyN-held-in-calib_ses-2020-10-19-Run2_behavior+ecephys/pipeline-aind+ephys/version-v1.2.4_codebase-v0.3.49_params-1cbdbee_config-7940dfd_attempt-1/logs/dag.html"": ""374d93d6-f54a-49e3-9bd4-23cc49c2e489"", ""derivatives/dandiset-000953/sub-MonkeyN-held-in-calib/sub-MonkeyN-held-in-calib_ses-2020-10-19-Run2_behavior+ecephys/pipeline-aind+ephys/version-v1.2.4_codebase-v0.3.49_params-1cbdbee_config-7940dfd_attempt-1/logs/job-18301977_slurm.log"": ""144dfe26-47a3-4074-b32d-4a5e6be9a845"", ""derivatives/dandiset-000953/sub-MonkeyN-held-in-calib/sub-MonkeyN-held-in-calib_ses-2020-10-19-Run2_behavior+ecephys/pipeline-aind+ephys/version-v1.2.4_codebase-v0.3.49_params-1cbdbee_config-7940dfd_attempt-1/logs/nextflow.log"": ""8190c2f8-b5a2-487f-a9a2-344da27bce6c"", ""derivatives/dandiset-000953/sub-MonkeyN-held-in-calib/sub-MonkeyN-held-in-calib_ses-2020-10-19-Run2_behavior+ecephys/pipeline-aind+ephys/version-v1.2.4_codebase-v0.3.49_params-1cbdbee_config-7940dfd_attempt-1/logs/report.html"": ""28a59778-68cc-4398-9218-523a881d1123"", ""derivatives/dandiset-000953/sub-MonkeyN-held-in-calib/sub-MonkeyN-held-in-calib_ses-2020-10-19-Run2_behavior+ecephys/pipeline-aind+ephys/version-v1.2.4_codebase-v0.3.49_params-1cbdbee_config-7940dfd_attempt-1/logs/timeline.html"": ""4d58be7c-78fb-451e-bedb-a8c31c455797"", ""derivatives/dandiset-000953/sub-MonkeyN-held-in-calib/sub-MonkeyN-held-in-calib_ses-2020-10-19-Run2_behavior+ecephys/pipeline-aind+ephys/version-v1.2.4_codebase-v0.3.49_params-1cbdbee_config-7940dfd_attempt-1/logs/trace.txt"": ""c2f82151-df74-47f6-a942-1bb41a5cc78e""}"	2026-09-08T17:48:31.598259-04:00	2026-09-08T17:48:32.781836-04:00
000953	sub-MonkeyN-held-in-calib/sub-MonkeyN-held-in-calib_ses-2020-10-20-Run1_behavior+ecephys.nwb	aind+ephys	v1.2.4	1cbdbee	7940dfd	1	v0.3.49	5fe1c6d2-e752-4c60-b165-fdaefeb562ea	1879943059	True	True	False	True	"{""derivatives/dandiset-000953/sub-MonkeyN-held-in-calib/sub-MonkeyN-held-in-calib_ses-2020-10-20-Run1_behavior+ecephys/pipeline-aind+ephys/version-v1.2.4_codebase-v0.3.49_params-1cbdbee_config-7940dfd_attempt-1/dataset_description.json"": ""914790a0-1f83-4d8e-94e7-c7e53ca3e0a9""}"		"{""derivatives/dandiset-000953/sub-MonkeyN-held-in-calib/sub-MonkeyN-held-in-calib_ses-2020-10-20-Run1_behavior+ecephys/pipeline-aind+ephys/version-v1.2.4_codebase-v0.3.49_params-1cbdbee_config-7940dfd_attempt-1/logs/dag.html"": ""374d93d6-f54a-49e3-9bd4-23cc49c2e489"", ""derivatives/dandiset-000953/sub-MonkeyN-held-in-calib/sub-MonkeyN-held-in-calib_ses-2020-10-20-Run1_behavior+ecephys/pipeline-aind+ephys/version-v1.2.4_codebase-v0.3.49_params-1cbdbee_config-7940dfd_attempt-1/logs/job-17732308_slurm.log"": ""0ac54d35-b075-44da-ba5d-4ccb87e85a41"", ""derivatives/dandiset-000953/sub-MonkeyN-held-in-calib/sub-MonkeyN-held-in-calib_ses-2020-10-20-Run1_behavior+ecephys/pipeline-aind+ephys/version-v1.2.4_codebase-v0.3.49_params-1cbdbee_config-7940dfd_attempt-1/logs/nextflow.log"": ""620687c5-46a9-4824-a8fe-7fc85e5952c6"", ""derivatives/dandiset-000953/sub-MonkeyN-held-in-calib/sub-MonkeyN-held-in-calib_ses-2020-10-20-Run1_behavior+ecephys/pipeline-aind+ephys/version-v1.2.4_codebase-v0.3.49_params-1cbdbee_config-7940dfd_attempt-1/logs/report.html"": ""97e2c021-b04d-4bef-9539-ec69446fe722"", ""derivatives/dandiset-000953/sub-MonkeyN-held-in-calib/sub-MonkeyN-held-in-calib_ses-2020-10-20-Run1_behavior+ecephys/pipeline-aind+ephys/version-v1.2.4_codebase-v0.3.49_params-1cbdbee_config-7940dfd_attempt-1/logs/timeline.html"": ""08da0d76-e7cb-4521-b20e-488526b467a4"", ""derivatives/dandiset-000953/sub-MonkeyN-held-in-calib/sub-MonkeyN-held-in-calib_ses-2020-10-20-Run1_behavior+ecephys/pipeline-aind+ephys/version-v1.2.4_codebase-v0.3.49_params-1cbdbee_config-7940dfd_attempt-1/logs/trace.txt"": ""d097736a-664b-480d-8e69-66ee9595c62f""}"	2026-09-08T17:48:45.008105-04:00	2026-09-08T17:48:46.127302-04:00
000953	sub-MonkeyN-held-in-calib/sub-MonkeyN-held-in-calib_ses-2020-10-20-Run2_behavior+ecephys.nwb	aind+ephys	v1.2.4	1cbdbee	7940dfd	1	v0.3.49	f9c2f669-fa45-4a6f-b4a4-3664ec88195b	1866625575	True	True	False	True	"{""derivatives/dandiset-000953/sub-MonkeyN-held-in-calib/sub-MonkeyN-held-in-calib_ses-2020-10-20-Run2_behavior+ecephys/pipeline-aind+ephys/version-v1.2.4_codebase-v0.3.49_params-1cbdbee_config-7940dfd_attempt-1/dataset_description.json"": ""914790a0-1f83-4d8e-94e7-c7e53ca3e0a9""}"		"{""derivatives/dandiset-000953/sub-MonkeyN-held-in-calib/sub-MonkeyN-held-in-calib_ses-2020-10-20-Run2_behavior+ecephys/pipeline-aind+ephys/version-v1.2.4_codebase-v0.3.49_params-1cbdbee_config-7940dfd_attempt-1/logs/dag.html"": ""374d93d6-f54a-49e3-9bd4-23cc49c2e489"", ""derivatives/dandiset-000953/sub-MonkeyN-held-in-calib/sub-MonkeyN-held-in-calib_ses-2020-10-20-Run2_behavior+ecephys/pipeline-aind+ephys/version-v1.2.4_codebase-v0.3.49_params-1cbdbee_config-7940dfd_attempt-1/logs/job-17585455_slurm.log"": ""d7dc8edb-1888-4c18-b641-216fb217d520"", ""derivatives/dandiset-000953/sub-MonkeyN-held-in-calib/sub-MonkeyN-held-in-calib_ses-2020-10-20-Run2_behavior+ecephys/pipeline-aind+ephys/version-v1.2.4_codebase-v0.3.49_params-1cbdbee_config-7940dfd_attempt-1/logs/nextflow.log"": ""a4703754-5636-400c-b528-869a55dca8d0"", ""derivatives/dandiset-000953/sub-MonkeyN-held-in-calib/sub-MonkeyN-held-in-calib_ses-2020-10-20-Run2_behavior+ecephys/pipeline-aind+ephys/version-v1.2.4_codebase-v0.3.49_params-1cbdbee_config-7940dfd_attempt-1/logs/report.html"": ""d2c0d3fa-9c57-4ddf-b03a-c720d3544a18"", ""derivatives/dandiset-000953/sub-MonkeyN-held-in-calib/sub-MonkeyN-held-in-calib_ses-2020-10-20-Run2_behavior+ecephys/pipeline-aind+ephys/version-v1.2.4_codebase-v0.3.49_params-1cbdbee_config-7940dfd_attempt-1/logs/timeline.html"": ""1eaa322b-7704-4ed6-adcf-eb73fc07d172"", ""derivatives/dandiset-000953/sub-MonkeyN-held-in-calib/sub-MonkeyN-held-in-calib_ses-2020-10-20-Run2_behavior+ecephys/pipeline-aind+ephys/version-v1.2.4_codebase-v0.3.49_params-1cbdbee_config-7940dfd_attempt-1/logs/trace.txt"": ""5538f80b-d9bd-4a03-8617-0942787bd184""}"	2026-09-08T17:48:56.405418-04:00	2026-09-08T17:48:57.563936-04:00
000953	sub-MonkeyN-held-in-calib/sub-MonkeyN-held-in-calib_ses-2020-10-27-Run1_behavior+ecephys.nwb	aind+ephys	v1.2.4	1cbdbee	7940dfd	1	v0.3.49	eb7460d6-6c32-44da-ae9d-c44a7b11e881	1470730520	True	True	False	True	"{""derivatives/dandiset-000953/sub-MonkeyN-held-in-calib/sub-MonkeyN-held-in-calib_ses-2020-10-27-Run1_behavior+ecephys/pipeline-aind+ephys/version-v1.2.4_codebase-v0.3.49_params-1cbdbee_config-7940dfd_attempt-1/dataset_description.json"": ""914790a0-1f83-4d8e-94e7-c7e53ca3e0a9""}"		"{""derivatives/dandiset-000953/sub-MonkeyN-held-in-calib/sub-MonkeyN-held-in-calib_ses-2020-10-27-Run1_behavior+ecephys/pipeline-aind+ephys/version-v1.2.4_codebase-v0.3.49_params-1cbdbee_config-7940dfd_attempt-1/logs/dag.html"": ""374d93d6-f54a-49e3-9bd4-23cc49c2e489"", ""derivatives/dandiset-000953/sub-MonkeyN-held-in-calib/sub-MonkeyN-held-in-calib_ses-2020-10-27-Run1_behavior+ecephys/pipeline-aind+ephys/version-v1.2.4_codebase-v0.3.49_params-1cbdbee_config-7940dfd_attempt-1/logs/job-18117781_slurm.log"": ""cd651298-660b-4908-a64b-63cd1a7e0658"", ""derivatives/dandiset-000953/sub-MonkeyN-held-in-calib/sub-MonkeyN-held-in-calib_ses-2020-10-27-Run1_behavior+ecephys/pipeline-aind+ephys/version-v1.2.4_codebase-v0.3.49_params-1cbdbee_config-7940dfd_attempt-1/logs/nextflow.log"": ""ba08f880-0c56-4bed-8e8f-37e4ddd43ce1"", ""derivatives/dandiset-000953/sub-MonkeyN-held-in-calib/sub-MonkeyN-held-in-calib_ses-2020-10-27-Run1_behavior+ecephys/pipeline-aind+ephys/version-v1.2.4_codebase-v0.3.49_params-1cbdbee_config-7940dfd_attempt-1/logs/report.html"": ""44a74bbb-19f3-4f6b-a234-f87cb2c32cf0"", ""derivatives/dandiset-000953/sub-MonkeyN-held-in-calib/sub-MonkeyN-held-in-calib_ses-2020-10-27-Run1_behavior+ecephys/pipeline-aind+ephys/version-v1.2.4_codebase-v0.3.49_params-1cbdbee_config-7940dfd_attempt-1/logs/timeline.html"": ""1fbb6417-8036-486f-bf0d-2e423fb5a54d"", ""derivatives/dandiset-000953/sub-MonkeyN-held-in-calib/sub-MonkeyN-held-in-calib_ses-2020-10-27-Run1_behavior+ecephys/pipeline-aind+ephys/version-v1.2.4_codebase-v0.3.49_params-1cbdbee_config-7940dfd_attempt-1/logs/trace.txt"": ""1573dafd-1d28-41d1-9ac3-18e8fcbd2be9""}"	2026-09-08T17:49:10.712671-04:00	2026-09-08T17:49:12.099388-04:00
000953	sub-MonkeyN-held-in-calib/sub-MonkeyN-held-in-calib_ses-2020-10-28-Run1_behavior+ecephys.nwb	aind+ephys	v1.2.4	1cbdbee	7940dfd	1	v0.3.49	8e1c7342-f8ea-4382-80a6-ca71f71f7402	2137463302	True	True	False	True	"{""derivatives/dandiset-000953/sub-MonkeyN-held-in-calib/sub-MonkeyN-held-in-calib_ses-2020-10-28-Run1_behavior+ecephys/pipeline-aind+ephys/version-v1.2.4_codebase-v0.3.49_params-1cbdbee_config-7940dfd_attempt-1/dataset_description.json"": ""914790a0-1f83-4d8e-94e7-c7e53ca3e0a9""}"		"{""derivatives/dandiset-000953/sub-MonkeyN-held-in-calib/sub-MonkeyN-held-in-calib_ses-2020-10-28-Run1_behavior+ecephys/pipeline-aind+ephys/version-v1.2.4_codebase-v0.3.49_params-1cbdbee_config-7940dfd_attempt-1/logs/dag.html"": ""374d93d6-f54a-49e3-9bd4-23cc49c2e489"", ""derivatives/dandiset-000953/sub-MonkeyN-held-in-calib/sub-MonkeyN-held-in-calib_ses-2020-10-28-Run1_behavior+ecephys/pipeline-aind+ephys/version-v1.2.4_codebase-v0.3.49_params-1cbdbee_config-7940dfd_attempt-1/logs/job-18976304_slurm.log"": ""cb041d50-51df-4076-9084-aad3659e9f6c"", ""derivatives/dandiset-000953/sub-MonkeyN-held-in-calib/sub-MonkeyN-held-in-calib_ses-2020-10-28-Run1_behavior+ecephys/pipeline-aind+ephys/version-v1.2.4_codebase-v0.3.49_params-1cbdbee_config-7940dfd_attempt-1/logs/nextflow.log"": ""0309c595-c5cf-487e-930a-54ee1f69ffc5"", ""derivatives/dandiset-000953/sub-MonkeyN-held-in-calib/sub-MonkeyN-held-in-calib_ses-2020-10-28-Run1_behavior+ecephys/pipeline-aind+ephys/version-v1.2.4_codebase-v0.3.49_params-1cbdbee_config-7940dfd_attempt-1/logs/report.html"": ""055dc434-4372-4fa7-886e-37f4d1cce5fa"", ""derivatives/dandiset-000953/sub-MonkeyN-held-in-calib/sub-MonkeyN-held-in-calib_ses-2020-10-28-Run1_behavior+ecephys/pipeline-aind+ephys/version-v1.2.4_codebase-v0.3.49_params-1cbdbee_config-7940dfd_attempt-1/logs/timeline.html"": ""5715e682-f9d2-4743-9b93-eddf3f5503ac"", ""derivatives/dandiset-000953/sub-MonkeyN-held-in-calib/sub-MonkeyN-held-in-calib_ses-2020-10-28-Run1_behavior+ecephys/pipeline-aind+ephys/version-v1.2.4_codebase-v0.3.49_params-1cbdbee_config-7940dfd_attempt-1/logs/trace.txt"": ""c4af1714-d0e1-40d3-8c38-d662565bddb2""}"	2026-09-08T17:49:22.405363-04:00	2026-09-08T17:49:23.551569-04:00
000957	sub-ZYE-0021/sub-ZYE-0021_ses-1_ecephys+image.nwb	aind+ephys	v1.2.4	1cbdbee	7940dfd	1	v0.3.49	c47ad1ad-77ac-4afb-8ac5-5ad57c2e4385	52286262335	True	True	False	True	"{""derivatives/dandiset-000957/sub-ZYE-0021/sub-ZYE-0021_ses-1_ecephys+image/pipeline-aind+ephys/version-v1.2.4_codebase-v0.3.49_params-1cbdbee_config-7940dfd_attempt-1/dataset_description.json"": ""37fe38c6-fdf1-44df-9517-282db00db72e""}"		"{""derivatives/dandiset-000957/sub-ZYE-0021/sub-ZYE-0021_ses-1_ecephys+image/pipeline-aind+ephys/version-v1.2.4_codebase-v0.3.49_params-1cbdbee_config-7940dfd_attempt-1/logs/dag.html"": ""374d93d6-f54a-49e3-9bd4-23cc49c2e489"", ""derivatives/dandiset-000957/sub-ZYE-0021/sub-ZYE-0021_ses-1_ecephys+image/pipeline-aind+ephys/version-v1.2.4_codebase-v0.3.49_params-1cbdbee_config-7940dfd_attempt-1/logs/job-18589737_slurm.log"": ""c068a809-fd0b-478e-95ef-7ab92857a3c4"", ""derivatives/dandiset-000957/sub-ZYE-0021/sub-ZYE-0021_ses-1_ecephys+image/pipeline-aind+ephys/version-v1.2.4_codebase-v0.3.49_params-1cbdbee_config-7940dfd_attempt-1/logs/nextflow.log"": ""e3aeeca1-0929-4211-ba5d-0f54a8ffc1a0"", ""derivatives/dandiset-000957/sub-ZYE-0021/sub-ZYE-0021_ses-1_ecephys+image/pipeline-aind+ephys/version-v1.2.4_codebase-v0.3.49_params-1cbdbee_config-7940dfd_attempt-1/logs/report.html"": ""8105cb2e-ef26-44b8-8ce5-5bb103a2a69d"", ""derivatives/dandiset-000957/sub-ZYE-0021/sub-ZYE-0021_ses-1_ecephys+image/pipeline-aind+ephys/version-v1.2.4_codebase-v0.3.49_params-1cbdbee_config-7940dfd_attempt-1/logs/timeline.html"": ""6449f929-242a-48d0-b259-ab859ea2ae48"", ""derivatives/dandiset-000957/sub-ZYE-0021/sub-ZYE-0021_ses-1_ecephys+image/pipeline-aind+ephys/version-v1.2.4_codebase-v0.3.49_params-1cbdbee_config-7940dfd_attempt-1/logs/trace.txt"": ""7e7d3b84-7e3c-400f-a87f-9cf2c096f135""}"	2026-09-08T17:49:34.473922-04:00	2026-09-08T17:49:35.649105-04:00
000957	sub-ZYE-0021/sub-ZYE-0021_ses-4_ecephys+image.nwb	aind+ephys	v1.2.2	1cbdbee	7940dfd	1	v0.3.28	81ef0096-213e-4860-9662-210e509e5853	53434610840	True	True	False	True	"{""derivatives/dandiset-000957/sub-ZYE-0021/sub-ZYE-0021_ses-4_ecephys+image/pipeline-aind+ephys/version-v1.2.2_codebase-v0.3.28_params-1cbdbee_config-7940dfd_attempt-1/dataset_description.json"": ""09671c14-43f1-4b19-92d9-01b996518494""}"		"{""derivatives/dandiset-000957/sub-ZYE-0021/sub-ZYE-0021_ses-4_ecephys+image/pipeline-aind+ephys/version-v1.2.2_codebase-v0.3.28_params-1cbdbee_config-7940dfd_attempt-1/logs/dag.html"": ""374d93d6-f54a-49e3-9bd4-23cc49c2e489"", ""derivatives/dandiset-000957/sub-ZYE-0021/sub-ZYE-0021_ses-4_ecephys+image/pipeline-aind+ephys/version-v1.2.2_codebase-v0.3.28_params-1cbdbee_config-7940dfd_attempt-1/logs/job-15597662_slurm.log"": ""33a9bbc4-bd6a-4856-8eb2-528976b7a99a"", ""derivatives/dandiset-000957/sub-ZYE-0021/sub-ZYE-0021_ses-4_ecephys+image/pipeline-aind+ephys/version-v1.2.2_codebase-v0.3.28_params-1cbdbee_config-7940dfd_attempt-1/logs/nextflow.log"": ""6b959668-e2d7-483d-99d7-542311b3e8a8"", ""derivatives/dandiset-000957/sub-ZYE-0021/sub-ZYE-0021_ses-4_ecephys+image/pipeline-aind+ephys/version-v1.2.2_codebase-v0.3.28_params-1cbdbee_config-7940dfd_attempt-1/logs/report.html"": ""be9314a5-26bc-4b01-8535-9d10de3b0c5a"", ""derivatives/dandiset-000957/sub-ZYE-0021/sub-ZYE-0021_ses-4_ecephys+image/pipeline-aind+ephys/version-v1.2.2_codebase-v0.3.28_params-1cbdbee_config-7940dfd_attempt-1/logs/timeline.html"": ""a8566520-e0f5-4411-bbfd-4f5b0932721b"", ""derivatives/dandiset-000957/sub-ZYE-0021/sub-ZYE-0021_ses-4_ecephys+image/pipeline-aind+ephys/version-v1.2.2_codebase-v0.3.28_params-1cbdbee_config-7940dfd_attempt-1/logs/trace.txt"": ""7244aa8e-ff50-43fd-88b5-cf58d1ad3893""}"	2026-09-08T17:49:46.183245-04:00	2026-09-08T17:49:47.419910-04:00
000957	sub-ZYE-0031/sub-ZYE-0031_ecephys+image.nwb	aind+ephys	v1.2.4	1cbdbee	7940dfd	2	v0.3.46	96f2d25b-c7bf-4de6-a53e-01a45daac665	54750886884	True	True	False	True	"{""derivatives/dandiset-000957/sub-ZYE-0031/sub-ZYE-0031_ecephys+image/pipeline-aind+ephys/version-v1.2.4_codebase-v0.3.46_params-1cbdbee_config-7940dfd_attempt-2/dataset_description.json"": ""eeaf0c4c-e9ff-4acd-b8fd-26e1eff610b4""}"		"{""derivatives/dandiset-000957/sub-ZYE-0031/sub-ZYE-0031_ecephys+image/pipeline-aind+ephys/version-v1.2.4_codebase-v0.3.46_params-1cbdbee_config-7940dfd_attempt-2/logs/dag.html"": ""374d93d6-f54a-49e3-9bd4-23cc49c2e489"", ""derivatives/dandiset-000957/sub-ZYE-0031/sub-ZYE-0031_ecephys+image/pipeline-aind+ephys/version-v1.2.4_codebase-v0.3.46_params-1cbdbee_config-7940dfd_attempt-2/logs/job-16612182_slurm.log"": ""0566d50d-7180-453e-9816-10ff8a51064a"", ""derivatives/dandiset-000957/sub-ZYE-0031/sub-ZYE-0031_ecephys+image/pipeline-aind+ephys/version-v1.2.4_codebase-v0.3.46_params-1cbdbee_config-7940dfd_attempt-2/logs/nextflow.log"": ""813f1758-822e-4fcd-bdeb-874225322766"", ""derivatives/dandiset-000957/sub-ZYE-0031/sub-ZYE-0031_ecephys+image/pipeline-aind+ephys/version-v1.2.4_codebase-v0.3.46_params-1cbdbee_config-7940dfd_attempt-2/logs/report.html"": ""48f0df75-a2c8-4448-ba96-d93abee5cd98"", ""derivatives/dandiset-000957/sub-ZYE-0031/sub-ZYE-0031_ecephys+image/pipeline-aind+ephys/version-v1.2.4_codebase-v0.3.46_params-1cbdbee_config-7940dfd_attempt-2/logs/timeline.html"": ""665c33a6-6846-452a-aea1-c10e3223a9ec"", ""derivatives/dandiset-000957/sub-ZYE-0031/sub-ZYE-0031_ecephys+image/pipeline-aind+ephys/version-v1.2.4_codebase-v0.3.46_params-1cbdbee_config-7940dfd_attempt-2/logs/trace.txt"": ""1751b758-58cc-4bfb-9b4f-4a61e8244c42""}"	2026-09-08T17:49:58.035130-04:00	2026-09-08T17:49:59.600829-04:00
000957	sub-ZYE-0031/sub-ZYE-0031_ecephys+image.nwb	aind+ephys	v1.2.4	1cbdbee	7940dfd	3	v0.3.46	96f2d25b-c7bf-4de6-a53e-01a45daac665	54750886884	True	True	False	True	"{""derivatives/dandiset-000957/sub-ZYE-0031/sub-ZYE-0031_ecephys+image/pipeline-aind+ephys/version-v1.2.4_codebase-v0.3.46_params-1cbdbee_config-7940dfd_attempt-3/dataset_description.json"": ""eeaf0c4c-e9ff-4acd-b8fd-26e1eff610b4""}"		"{""derivatives/dandiset-000957/sub-ZYE-0031/sub-ZYE-0031_ecephys+image/pipeline-aind+ephys/version-v1.2.4_codebase-v0.3.46_params-1cbdbee_config-7940dfd_attempt-3/logs/dag.html"": ""374d93d6-f54a-49e3-9bd4-23cc49c2e489"", ""derivatives/dandiset-000957/sub-ZYE-0031/sub-ZYE-0031_ecephys+image/pipeline-aind+ephys/version-v1.2.4_codebase-v0.3.46_params-1cbdbee_config-7940dfd_attempt-3/logs/job-16614532_slurm.log"": ""87e8ff86-2d3e-4b8a-860a-415a03f7e175"", ""derivatives/dandiset-000957/sub-ZYE-0031/sub-ZYE-0031_ecephys+image/pipeline-aind+ephys/version-v1.2.4_codebase-v0.3.46_params-1cbdbee_config-7940dfd_attempt-3/logs/nextflow.log"": ""2e560e81-d1c2-4400-ad9b-532fae8ba889"", ""derivatives/dandiset-000957/sub-ZYE-0031/sub-ZYE-0031_ecephys+image/pipeline-aind+ephys/version-v1.2.4_codebase-v0.3.46_params-1cbdbee_config-7940dfd_attempt-3/logs/report.html"": ""0d0d9a24-3306-4446-be95-46039a28358c"", ""derivatives/dandiset-000957/sub-ZYE-0031/sub-ZYE-0031_ecephys+image/pipeline-aind+ephys/version-v1.2.4_codebase-v0.3.46_params-1cbdbee_config-7940dfd_attempt-3/logs/timeline.html"": ""e2b3dbb0-4300-48c3-9b00-fe42bd69db23"", ""derivatives/dandiset-000957/sub-ZYE-0031/sub-ZYE-0031_ecephys+image/pipeline-aind+ephys/version-v1.2.4_codebase-v0.3.46_params-1cbdbee_config-7940dfd_attempt-3/logs/trace.txt"": ""c526663c-5b3d-4d29-b03a-888d22797446""}"	2026-09-08T17:50:13.688554-04:00	2026-09-08T17:50:15.051946-04:00
000957	sub-ZYE-0031/sub-ZYE-0031_ecephys+image.nwb	aind+ephys	v1.2.4	1cbdbee	7940dfd	4	v0.3.46	96f2d25b-c7bf-4de6-a53e-01a45daac665	54750886884	True	True	False	True	"{""derivatives/dandiset-000957/sub-ZYE-0031/sub-ZYE-0031_ecephys+image/pipeline-aind+ephys/version-v1.2.4_codebase-v0.3.46_params-1cbdbee_config-7940dfd_attempt-4/dataset_description.json"": ""eeaf0c4c-e9ff-4acd-b8fd-26e1eff610b4""}"		"{""derivatives/dandiset-000957/sub-ZYE-0031/sub-ZYE-0031_ecephys+image/pipeline-aind+ephys/version-v1.2.4_codebase-v0.3.46_params-1cbdbee_config-7940dfd_attempt-4/logs/dag.html"": ""374d93d6-f54a-49e3-9bd4-23cc49c2e489"", ""derivatives/dandiset-000957/sub-ZYE-0031/sub-ZYE-0031_ecephys+image/pipeline-aind+ephys/version-v1.2.4_codebase-v0.3.46_params-1cbdbee_config-7940dfd_attempt-4/logs/job-16615349_slurm.log"": ""f09e2c9d-f154-4cbd-a017-37c112075622"", ""derivatives/dandiset-000957/sub-ZYE-0031/sub-ZYE-0031_ecephys+image/pipeline-aind+ephys/version-v1.2.4_codebase-v0.3.46_params-1cbdbee_config-7940dfd_attempt-4/logs/nextflow.log"": ""e4e08b33-8f68-47d2-a68a-ebc4cce1d3cc"", ""derivatives/dandiset-000957/sub-ZYE-0031/sub-ZYE-0031_ecephys+image/pipeline-aind+ephys/version-v1.2.4_codebase-v0.3.46_params-1cbdbee_config-7940dfd_attempt-4/logs/report.html"": ""89232ef8-e00b-4666-a007-33079cb0ca0e"", ""derivatives/dandiset-000957/sub-ZYE-0031/sub-ZYE-0031_ecephys+image/pipeline-aind+ephys/version-v1.2.4_codebase-v0.3.46_params-1cbdbee_config-7940dfd_attempt-4/logs/timeline.html"": ""fbf1db95-2d60-4c1b-b985-8d84c528d55f"", ""derivatives/dandiset-000957/sub-ZYE-0031/sub-ZYE-0031_ecephys+image/pipeline-aind+ephys/version-v1.2.4_codebase-v0.3.46_params-1cbdbee_config-7940dfd_attempt-4/logs/trace.txt"": ""29b94d82-b213-4748-a25c-2e02ccd39b75""}"	2026-09-08T17:50:28.056147-04:00	2026-09-08T17:50:29.218524-04:00
000957	sub-ZYE-0031/sub-ZYE-0031_ecephys+image.nwb	aind+ephys	v1.2.4	1cbdbee	7940dfd	5	v0.3.46	96f2d25b-c7bf-4de6-a53e-01a45daac665	54750886884	True	True	False	True	"{""derivatives/dandiset-000957/sub-ZYE-0031/sub-ZYE-0031_ecephys+image/pipeline-aind+ephys/version-v1.2.4_codebase-v0.3.46_params-1cbdbee_config-7940dfd_attempt-5/dataset_description.json"": ""eeaf0c4c-e9ff-4acd-b8fd-26e1eff610b4""}"		"{""derivatives/dandiset-000957/sub-ZYE-0031/sub-ZYE-0031_ecephys+image/pipeline-aind+ephys/version-v1.2.4_codebase-v0.3.46_params-1cbdbee_config-7940dfd_attempt-5/logs/dag.html"": ""374d93d6-f54a-49e3-9bd4-23cc49c2e489"", ""derivatives/dandiset-000957/sub-ZYE-0031/sub-ZYE-0031_ecephys+image/pipeline-aind+ephys/version-v1.2.4_codebase-v0.3.46_params-1cbdbee_config-7940dfd_attempt-5/logs/job-16617026_slurm.log"": ""b13255e9-534b-4f98-8403-26e4c2c325f9"", ""derivatives/dandiset-000957/sub-ZYE-0031/sub-ZYE-0031_ecephys+image/pipeline-aind+ephys/version-v1.2.4_codebase-v0.3.46_params-1cbdbee_config-7940dfd_attempt-5/logs/nextflow.log"": ""9bb3d25f-92f2-4b84-81eb-0bb159d54f1c"", ""derivatives/dandiset-000957/sub-ZYE-0031/sub-ZYE-0031_ecephys+image/pipeline-aind+ephys/version-v1.2.4_codebase-v0.3.46_params-1cbdbee_config-7940dfd_attempt-5/logs/report.html"": ""0ebba316-16c2-4aef-84b4-4229c32d73cd"", ""derivatives/dandiset-000957/sub-ZYE-0031/sub-ZYE-0031_ecephys+image/pipeline-aind+ephys/version-v1.2.4_codebase-v0.3.46_params-1cbdbee_config-7940dfd_attempt-5/logs/timeline.html"": ""8b1d9596-5934-45b9-89ff-f71314498118"", ""derivatives/dandiset-000957/sub-ZYE-0031/sub-ZYE-0031_ecephys+image/pipeline-aind+ephys/version-v1.2.4_codebase-v0.3.46_params-1cbdbee_config-7940dfd_attempt-5/logs/trace.txt"": ""8f91bec0-d294-484b-89ed-eb24f8b3cd8e""}"	2026-09-08T17:50:39.581189-04:00	2026-09-08T17:50:40.940440-04:00
000957	sub-ZYE-0031/sub-ZYE-0031_ecephys+image.nwb	aind+ephys	v1.2.4	1cbdbee	7940dfd	6	v0.3.46	96f2d25b-c7bf-4de6-a53e-01a45daac665	54750886884	True	True	False	True	"{""derivatives/dandiset-000957/sub-ZYE-0031/sub-ZYE-0031_ecephys+image/pipeline-aind+ephys/version-v1.2.4_codebase-v0.3.46_params-1cbdbee_config-7940dfd_attempt-6/dataset_description.json"": ""eeaf0c4c-e9ff-4acd-b8fd-26e1eff610b4""}"		"{""derivatives/dandiset-000957/sub-ZYE-0031/sub-ZYE-0031_ecephys+image/pipeline-aind+ephys/version-v1.2.4_codebase-v0.3.46_params-1cbdbee_config-7940dfd_attempt-6/logs/dag.html"": ""374d93d6-f54a-49e3-9bd4-23cc49c2e489"", ""derivatives/dandiset-000957/sub-ZYE-0031/sub-ZYE-0031_ecephys+image/pipeline-aind+ephys/version-v1.2.4_codebase-v0.3.46_params-1cbdbee_config-7940dfd_attempt-6/logs/job-16619690_slurm.log"": ""33ac71b5-6f85-451e-b76a-dfbee35849c5"", ""derivatives/dandiset-000957/sub-ZYE-0031/sub-ZYE-0031_ecephys+image/pipeline-aind+ephys/version-v1.2.4_codebase-v0.3.46_params-1cbdbee_config-7940dfd_attempt-6/logs/nextflow.log"": ""f3f2cd03-b3d8-4627-bf93-3e30ed5ea4c0"", ""derivatives/dandiset-000957/sub-ZYE-0031/sub-ZYE-0031_ecephys+image/pipeline-aind+ephys/version-v1.2.4_codebase-v0.3.46_params-1cbdbee_config-7940dfd_attempt-6/logs/report.html"": ""41231252-9803-43eb-adeb-deb130930256"", ""derivatives/dandiset-000957/sub-ZYE-0031/sub-ZYE-0031_ecephys+image/pipeline-aind+ephys/version-v1.2.4_codebase-v0.3.46_params-1cbdbee_config-7940dfd_attempt-6/logs/timeline.html"": ""10ccb3b5-5563-4697-a2c5-f5aea2408e9c"", ""derivatives/dandiset-000957/sub-ZYE-0031/sub-ZYE-0031_ecephys+image/pipeline-aind+ephys/version-v1.2.4_codebase-v0.3.46_params-1cbdbee_config-7940dfd_attempt-6/logs/trace.txt"": ""f671a83f-118b-4dc2-bbb8-5eede79d0383""}"	2026-09-08T17:50:51.374282-04:00	2026-09-08T17:50:52.648334-04:00
000957	sub-ZYE-0031/sub-ZYE-0031_ecephys+image.nwb	aind+ephys	v1.2.4	1cbdbee	7940dfd	1	v0.3.46	96f2d25b-c7bf-4de6-a53e-01a45daac665	54750886884	True	True	False	False	"{""derivatives/dandiset-000957/sub-ZYE-0031/sub-ZYE-0031_ecephys+image/pipeline-aind+ephys/version-v1.2.4_codebase-v0.3.46_params-1cbdbee_config-7940dfd_attempt-1/dataset_description.json"": ""eeaf0c4c-e9ff-4acd-b8fd-26e1eff610b4""}"			2026-09-09T09:31:04.954153-04:00	
000957	sub-ZYE-0031/sub-ZYE-0031_ses-1_ecephys+image.nwb	aind+ephys	v1.2.4	1cbdbee	7940dfd	1	v0.3.49	fe2a8e7f-e467-4471-83a8-fd6c77b9636f	63844467590	True	True	False	True	"{""derivatives/dandiset-000957/sub-ZYE-0031/sub-ZYE-0031_ses-1_ecephys+image/pipeline-aind+ephys/version-v1.2.4_codebase-v0.3.49_params-1cbdbee_config-7940dfd_attempt-1/dataset_description.json"": ""37fe38c6-fdf1-44df-9517-282db00db72e""}"		"{""derivatives/dandiset-000957/sub-ZYE-0031/sub-ZYE-0031_ses-1_ecephys+image/pipeline-aind+ephys/version-v1.2.4_codebase-v0.3.49_params-1cbdbee_config-7940dfd_attempt-1/logs/dag.html"": ""374d93d6-f54a-49e3-9bd4-23cc49c2e489"", ""derivatives/dandiset-000957/sub-ZYE-0031/sub-ZYE-0031_ses-1_ecephys+image/pipeline-aind+ephys/version-v1.2.4_codebase-v0.3.49_params-1cbdbee_config-7940dfd_attempt-1/logs/job-17643468_slurm.log"": ""3be6c12a-8cf7-4090-b54c-564f007d0c63"", ""derivatives/dandiset-000957/sub-ZYE-0031/sub-ZYE-0031_ses-1_ecephys+image/pipeline-aind+ephys/version-v1.2.4_codebase-v0.3.49_params-1cbdbee_config-7940dfd_attempt-1/logs/nextflow.log"": ""7eb39fcc-8a9c-44d0-b26f-300fbba0bb15"", ""derivatives/dandiset-000957/sub-ZYE-0031/sub-ZYE-0031_ses-1_ecephys+image/pipeline-aind+ephys/version-v1.2.4_codebase-v0.3.49_params-1cbdbee_config-7940dfd_attempt-1/logs/report.html"": ""6811c5fd-7880-4fdc-a10e-ec189bfe796b"", ""derivatives/dandiset-000957/sub-ZYE-0031/sub-ZYE-0031_ses-1_ecephys+image/pipeline-aind+ephys/version-v1.2.4_codebase-v0.3.49_params-1cbdbee_config-7940dfd_attempt-1/logs/timeline.html"": ""62c9b42f-8790-4344-adaa-11dede9b4021"", ""derivatives/dandiset-000957/sub-ZYE-0031/sub-ZYE-0031_ses-1_ecephys+image/pipeline-aind+ephys/version-v1.2.4_codebase-v0.3.49_params-1cbdbee_config-7940dfd_attempt-1/logs/trace.txt"": ""3a8e1492-2367-4518-a60f-cf98dfaba31c""}"	2026-09-08T17:51:03.469530-04:00	2026-09-08T17:51:04.710605-04:00
000957	sub-ZYE-0031/sub-ZYE-0031_ses-4_ecephys+image.nwb	aind+ephys	v1.2.4	1cbdbee	7940dfd	1	v0.3.49	ebba8b7d-e736-4d1f-ba9d-7de445f37869	57594474588	True	True	False	True	"{""derivatives/dandiset-000957/sub-ZYE-0031/sub-ZYE-0031_ses-4_ecephys+image/pipeline-aind+ephys/version-v1.2.4_codebase-v0.3.49_params-1cbdbee_config-7940dfd_attempt-1/dataset_description.json"": ""37fe38c6-fdf1-44df-9517-282db00db72e""}"		"{""derivatives/dandiset-000957/sub-ZYE-0031/sub-ZYE-0031_ses-4_ecephys+image/pipeline-aind+ephys/version-v1.2.4_codebase-v0.3.49_params-1cbdbee_config-7940dfd_attempt-1/logs/dag.html"": ""374d93d6-f54a-49e3-9bd4-23cc49c2e489"", ""derivatives/dandiset-000957/sub-ZYE-0031/sub-ZYE-0031_ses-4_ecephys+image/pipeline-aind+ephys/version-v1.2.4_codebase-v0.3.49_params-1cbdbee_config-7940dfd_attempt-1/logs/job-17585907_slurm.log"": ""be8239cf-3bca-4a7e-ab0b-c1c31982d981"", ""derivatives/dandiset-000957/sub-ZYE-0031/sub-ZYE-0031_ses-4_ecephys+image/pipeline-aind+ephys/version-v1.2.4_codebase-v0.3.49_params-1cbdbee_config-7940dfd_attempt-1/logs/nextflow.log"": ""97cd85f0-a7a9-472d-a77b-cb867fcfa8cc"", ""derivatives/dandiset-000957/sub-ZYE-0031/sub-ZYE-0031_ses-4_ecephys+image/pipeline-aind+ephys/version-v1.2.4_codebase-v0.3.49_params-1cbdbee_config-7940dfd_attempt-1/logs/report.html"": ""6b679409-cf82-4f50-ba7e-b0a77c5c1d90"", ""derivatives/dandiset-000957/sub-ZYE-0031/sub-ZYE-0031_ses-4_ecephys+image/pipeline-aind+ephys/version-v1.2.4_codebase-v0.3.49_params-1cbdbee_config-7940dfd_attempt-1/logs/timeline.html"": ""01df4f15-9983-4a70-a446-ab6fa2910d81"", ""derivatives/dandiset-000957/sub-ZYE-0031/sub-ZYE-0031_ses-4_ecephys+image/pipeline-aind+ephys/version-v1.2.4_codebase-v0.3.49_params-1cbdbee_config-7940dfd_attempt-1/logs/trace.txt"": ""73773260-e22d-4eb3-945a-c284a98a744f""}"	2026-09-08T17:51:15.340032-04:00	2026-09-08T17:51:16.747632-04:00
000957	sub-ZYE-0039/sub-ZYE-0039_ecephys+image.nwb	aind+ephys	v1.2.4	1cbdbee	7940dfd	1	v0.3.49	dd46618a-2eb0-4f7b-846e-d87afa7da2f5	54987197621	True	True	False	True	"{""derivatives/dandiset-000957/sub-ZYE-0039/sub-ZYE-0039_ecephys+image/pipeline-aind+ephys/version-v1.2.4_codebase-v0.3.49_params-1cbdbee_config-7940dfd_attempt-1/dataset_description.json"": ""37fe38c6-fdf1-44df-9517-282db00db72e""}"		"{""derivatives/dandiset-000957/sub-ZYE-0039/sub-ZYE-0039_ecephys+image/pipeline-aind+ephys/version-v1.2.4_codebase-v0.3.49_params-1cbdbee_config-7940dfd_attempt-1/logs/dag.html"": ""374d93d6-f54a-49e3-9bd4-23cc49c2e489"", ""derivatives/dandiset-000957/sub-ZYE-0039/sub-ZYE-0039_ecephys+image/pipeline-aind+ephys/version-v1.2.4_codebase-v0.3.49_params-1cbdbee_config-7940dfd_attempt-1/logs/job-18685539_slurm.log"": ""22e0cd0a-164f-4c87-84c3-6e2c740250fe"", ""derivatives/dandiset-000957/sub-ZYE-0039/sub-ZYE-0039_ecephys+image/pipeline-aind+ephys/version-v1.2.4_codebase-v0.3.49_params-1cbdbee_config-7940dfd_attempt-1/logs/nextflow.log"": ""a35421ca-bf77-4777-ad0a-7cc03be4abae"", ""derivatives/dandiset-000957/sub-ZYE-0039/sub-ZYE-0039_ecephys+image/pipeline-aind+ephys/version-v1.2.4_codebase-v0.3.49_params-1cbdbee_config-7940dfd_attempt-1/logs/report.html"": ""e398ab88-0053-4f39-9849-7a9a22ac3107"", ""derivatives/dandiset-000957/sub-ZYE-0039/sub-ZYE-0039_ecephys+image/pipeline-aind+ephys/version-v1.2.4_codebase-v0.3.49_params-1cbdbee_config-7940dfd_attempt-1/logs/timeline.html"": ""d43bde18-87e2-4039-82bd-aaccdcb18ac8"", ""derivatives/dandiset-000957/sub-ZYE-0039/sub-ZYE-0039_ecephys+image/pipeline-aind+ephys/version-v1.2.4_codebase-v0.3.49_params-1cbdbee_config-7940dfd_attempt-1/logs/trace.txt"": ""38be5472-81b9-4435-be1c-249e3c0f772d""}"	2026-09-08T17:51:27.153315-04:00	2026-09-08T17:51:28.570938-04:00
000957	sub-ZYE-0040/sub-ZYE-0040_ecephys+image.nwb	aind+ephys	v1.2.4	1cbdbee	7940dfd	1	v0.3.49	cff26e47-3362-46e6-b8bb-f1cf878dc01e	54070028643	True	True	False	True	"{""derivatives/dandiset-000957/sub-ZYE-0040/sub-ZYE-0040_ecephys+image/pipeline-aind+ephys/version-v1.2.4_codebase-v0.3.49_params-1cbdbee_config-7940dfd_attempt-1/dataset_description.json"": ""37fe38c6-fdf1-44df-9517-282db00db72e""}"		"{""derivatives/dandiset-000957/sub-ZYE-0040/sub-ZYE-0040_ecephys+image/pipeline-aind+ephys/version-v1.2.4_codebase-v0.3.49_params-1cbdbee_config-7940dfd_attempt-1/logs/dag.html"": ""374d93d6-f54a-49e3-9bd4-23cc49c2e489"", ""derivatives/dandiset-000957/sub-ZYE-0040/sub-ZYE-0040_ecephys+image/pipeline-aind+ephys/version-v1.2.4_codebase-v0.3.49_params-1cbdbee_config-7940dfd_attempt-1/logs/job-18816148_slurm.log"": ""dd1e84c1-5a76-48f8-80ae-aad2f9550a06"", ""derivatives/dandiset-000957/sub-ZYE-0040/sub-ZYE-0040_ecephys+image/pipeline-aind+ephys/version-v1.2.4_codebase-v0.3.49_params-1cbdbee_config-7940dfd_attempt-1/logs/nextflow.log"": ""e7411500-5601-4c7e-a3b3-d6c1bbeac08a"", ""derivatives/dandiset-000957/sub-ZYE-0040/sub-ZYE-0040_ecephys+image/pipeline-aind+ephys/version-v1.2.4_codebase-v0.3.49_params-1cbdbee_config-7940dfd_attempt-1/logs/report.html"": ""414900e0-b265-4995-9526-fd79e58489fd"", ""derivatives/dandiset-000957/sub-ZYE-0040/sub-ZYE-0040_ecephys+image/pipeline-aind+ephys/version-v1.2.4_codebase-v0.3.49_params-1cbdbee_config-7940dfd_attempt-1/logs/timeline.html"": ""e6b500f0-e848-404c-a312-fe5908ede169"", ""derivatives/dandiset-000957/sub-ZYE-0040/sub-ZYE-0040_ecephys+image/pipeline-aind+ephys/version-v1.2.4_codebase-v0.3.49_params-1cbdbee_config-7940dfd_attempt-1/logs/trace.txt"": ""bd3d303b-46f7-4a39-8bb4-bc77dfe8b1f3""}"	2026-09-08T17:51:40.136660-04:00	2026-09-08T17:51:41.256472-04:00
000957	sub-ZYE-0057/sub-ZYE-0057_ecephys+image.nwb	aind+ephys	v1.2.4	1cbdbee	7940dfd	1	v0.3.49	73adc836-e4bf-456e-90b5-75c31d9b84b8	45994208006	True	True	False	True	"{""derivatives/dandiset-000957/sub-ZYE-0057/sub-ZYE-0057_ecephys+image/pipeline-aind+ephys/version-v1.2.4_codebase-v0.3.49_params-1cbdbee_config-7940dfd_attempt-1/dataset_description.json"": ""37fe38c6-fdf1-44df-9517-282db00db72e""}"		"{""derivatives/dandiset-000957/sub-ZYE-0057/sub-ZYE-0057_ecephys+image/pipeline-aind+ephys/version-v1.2.4_codebase-v0.3.49_params-1cbdbee_config-7940dfd_attempt-1/logs/dag.html"": ""374d93d6-f54a-49e3-9bd4-23cc49c2e489"", ""derivatives/dandiset-000957/sub-ZYE-0057/sub-ZYE-0057_ecephys+image/pipeline-aind+ephys/version-v1.2.4_codebase-v0.3.49_params-1cbdbee_config-7940dfd_attempt-1/logs/job-17585910_slurm.log"": ""e8d79647-657c-40e1-8add-e5b02bc6002f"", ""derivatives/dandiset-000957/sub-ZYE-0057/sub-ZYE-0057_ecephys+image/pipeline-aind+ephys/version-v1.2.4_codebase-v0.3.49_params-1cbdbee_config-7940dfd_attempt-1/logs/nextflow.log"": ""fb371bc8-1ed0-488b-89e9-c8fc1092cf9c"", ""derivatives/dandiset-000957/sub-ZYE-0057/sub-ZYE-0057_ecephys+image/pipeline-aind+ephys/version-v1.2.4_codebase-v0.3.49_params-1cbdbee_config-7940dfd_attempt-1/logs/report.html"": ""113cdca4-5fbd-44d9-a57d-a81f21affa5d"", ""derivatives/dandiset-000957/sub-ZYE-0057/sub-ZYE-0057_ecephys+image/pipeline-aind+ephys/version-v1.2.4_codebase-v0.3.49_params-1cbdbee_config-7940dfd_attempt-1/logs/timeline.html"": ""a38a0abe-4539-44b6-b5f7-ee5f898e02fe"", ""derivatives/dandiset-000957/sub-ZYE-0057/sub-ZYE-0057_ecephys+image/pipeline-aind+ephys/version-v1.2.4_codebase-v0.3.49_params-1cbdbee_config-7940dfd_attempt-1/logs/trace.txt"": ""51802cd9-4f53-4441-a8a5-808694de3ab4""}"	2026-09-08T17:51:51.504720-04:00	2026-09-08T17:51:52.737915-04:00
000957	sub-ZYE-0057/sub-ZYE-0057_ses-1_ecephys+image.nwb	aind+ephys	v1.2.2	1cbdbee	0d4bf36	1	v0.3.25	32ead04e-c032-45eb-8d2d-64cf011127ad	47350659020	True	True	False	True	"{""derivatives/dandiset-000957/sub-ZYE-0057/sub-ZYE-0057_ses-1_ecephys+image/pipeline-aind+ephys/version-v1.2.2_codebase-v0.3.25_params-1cbdbee_config-0d4bf36_attempt-1/dataset_description.json"": ""b3e7f8ca-fe54-45a9-b982-b81786359145""}"		"{""derivatives/dandiset-000957/sub-ZYE-0057/sub-ZYE-0057_ses-1_ecephys+image/pipeline-aind+ephys/version-v1.2.2_codebase-v0.3.25_params-1cbdbee_config-0d4bf36_attempt-1/logs/dag.html"": ""374d93d6-f54a-49e3-9bd4-23cc49c2e489"", ""derivatives/dandiset-000957/sub-ZYE-0057/sub-ZYE-0057_ses-1_ecephys+image/pipeline-aind+ephys/version-v1.2.2_codebase-v0.3.25_params-1cbdbee_config-0d4bf36_attempt-1/logs/job-15532998_slurm.log"": ""39095cc3-537b-4cca-b9f6-5975f5f23796"", ""derivatives/dandiset-000957/sub-ZYE-0057/sub-ZYE-0057_ses-1_ecephys+image/pipeline-aind+ephys/version-v1.2.2_codebase-v0.3.25_params-1cbdbee_config-0d4bf36_attempt-1/logs/nextflow.log"": ""6c7f0e74-45d9-4876-bb09-3e791a5997ab"", ""derivatives/dandiset-000957/sub-ZYE-0057/sub-ZYE-0057_ses-1_ecephys+image/pipeline-aind+ephys/version-v1.2.2_codebase-v0.3.25_params-1cbdbee_config-0d4bf36_attempt-1/logs/report.html"": ""f08f0dd2-f81f-4eac-8c1d-2cf8827d1b2c"", ""derivatives/dandiset-000957/sub-ZYE-0057/sub-ZYE-0057_ses-1_ecephys+image/pipeline-aind+ephys/version-v1.2.2_codebase-v0.3.25_params-1cbdbee_config-0d4bf36_attempt-1/logs/timeline.html"": ""d3441a24-9102-41ec-a3e4-4e69de02eb42"", ""derivatives/dandiset-000957/sub-ZYE-0057/sub-ZYE-0057_ses-1_ecephys+image/pipeline-aind+ephys/version-v1.2.2_codebase-v0.3.25_params-1cbdbee_config-0d4bf36_attempt-1/logs/trace.txt"": ""7d72aad0-06f2-4b89-bbfc-9504ad8a7dde""}"	2026-09-08T17:52:02.979696-04:00	2026-09-08T17:52:04.387742-04:00
001070	sub-Godzilla/sub-Godzilla_ecephys.nwb	aind+ephys	v1.2.4	1cbdbee	7940dfd	1	v0.3.49	fe6cb3b1-4537-481f-993b-24ec21f1d936	165183476	True	True	False	True	"{""derivatives/dandiset-001070/sub-Godzilla/sub-Godzilla_ecephys/pipeline-aind+ephys/version-v1.2.4_codebase-v0.3.49_params-1cbdbee_config-7940dfd_attempt-1/dataset_description.json"": ""053cfe45-0164-4f6c-9ffe-703d6b14fcb6""}"		"{""derivatives/dandiset-001070/sub-Godzilla/sub-Godzilla_ecephys/pipeline-aind+ephys/version-v1.2.4_codebase-v0.3.49_params-1cbdbee_config-7940dfd_attempt-1/logs/dag.html"": ""374d93d6-f54a-49e3-9bd4-23cc49c2e489"", ""derivatives/dandiset-001070/sub-Godzilla/sub-Godzilla_ecephys/pipeline-aind+ephys/version-v1.2.4_codebase-v0.3.49_params-1cbdbee_config-7940dfd_attempt-1/logs/job-18467081_slurm.log"": ""0beb1074-3866-4478-991a-19b8722a1eb8"", ""derivatives/dandiset-001070/sub-Godzilla/sub-Godzilla_ecephys/pipeline-aind+ephys/version-v1.2.4_codebase-v0.3.49_params-1cbdbee_config-7940dfd_attempt-1/logs/nextflow.log"": ""efc7f072-63d9-4580-bc7a-85e440caf29a"", ""derivatives/dandiset-001070/sub-Godzilla/sub-Godzilla_ecephys/pipeline-aind+ephys/version-v1.2.4_codebase-v0.3.49_params-1cbdbee_config-7940dfd_attempt-1/logs/report.html"": ""6bef7211-be71-4a5a-b85e-3373b033df9d"", ""derivatives/dandiset-001070/sub-Godzilla/sub-Godzilla_ecephys/pipeline-aind+ephys/version-v1.2.4_codebase-v0.3.49_params-1cbdbee_config-7940dfd_attempt-1/logs/timeline.html"": ""979e9596-fc69-4075-99c9-cbf58b797da5"", ""derivatives/dandiset-001070/sub-Godzilla/sub-Godzilla_ecephys/pipeline-aind+ephys/version-v1.2.4_codebase-v0.3.49_params-1cbdbee_config-7940dfd_attempt-1/logs/trace.txt"": ""e8b30b46-d4f8-40e8-a7bf-7a7c43453a6a""}"	2026-09-08T17:52:17.657766-04:00	2026-09-08T17:52:19.195052-04:00
001070	sub-Godzilla/sub-Godzilla_ecephys.nwb	aind+ephys	v1.2.4	1cbdbee	7940dfd	2	v0.3.49	fe6cb3b1-4537-481f-993b-24ec21f1d936	165183476	True	True	False	True	"{""derivatives/dandiset-001070/sub-Godzilla/sub-Godzilla_ecephys/pipeline-aind+ephys/version-v1.2.4_codebase-v0.3.49_params-1cbdbee_config-7940dfd_attempt-2/dataset_description.json"": ""053cfe45-0164-4f6c-9ffe-703d6b14fcb6""}"		"{""derivatives/dandiset-001070/sub-Godzilla/sub-Godzilla_ecephys/pipeline-aind+ephys/version-v1.2.4_codebase-v0.3.49_params-1cbdbee_config-7940dfd_attempt-2/logs/dag.html"": ""374d93d6-f54a-49e3-9bd4-23cc49c2e489"", ""derivatives/dandiset-001070/sub-Godzilla/sub-Godzilla_ecephys/pipeline-aind+ephys/version-v1.2.4_codebase-v0.3.49_params-1cbdbee_config-7940dfd_attempt-2/logs/job-18496839_slurm.log"": ""96f02198-8edc-40cd-b591-317e68ac9d23"", ""derivatives/dandiset-001070/sub-Godzilla/sub-Godzilla_ecephys/pipeline-aind+ephys/version-v1.2.4_codebase-v0.3.49_params-1cbdbee_config-7940dfd_attempt-2/logs/nextflow.log"": ""55d2652e-36e3-4ccd-a2e9-db229ef29482"", ""derivatives/dandiset-001070/sub-Godzilla/sub-Godzilla_ecephys/pipeline-aind+ephys/version-v1.2.4_codebase-v0.3.49_params-1cbdbee_config-7940dfd_attempt-2/logs/report.html"": ""706f0b0a-a20a-4120-a234-b65009ef3121"", ""derivatives/dandiset-001070/sub-Godzilla/sub-Godzilla_ecephys/pipeline-aind+ephys/version-v1.2.4_codebase-v0.3.49_params-1cbdbee_config-7940dfd_attempt-2/logs/timeline.html"": ""3974cfeb-92c6-43eb-ba98-a7842a97c649"", ""derivatives/dandiset-001070/sub-Godzilla/sub-Godzilla_ecephys/pipeline-aind+ephys/version-v1.2.4_codebase-v0.3.49_params-1cbdbee_config-7940dfd_attempt-2/logs/trace.txt"": ""b85d3836-25c5-4abd-a43c-45f8d93a796e""}"	2026-09-08T17:52:32.384933-04:00	2026-09-08T17:52:33.556060-04:00
001070	sub-Godzilla/sub-Godzilla_ecephys.nwb	aind+ephys	v1.2.4	1cbdbee	7940dfd	3	v0.3.49	fe6cb3b1-4537-481f-993b-24ec21f1d936	165183476	True	True	False	True	"{""derivatives/dandiset-001070/sub-Godzilla/sub-Godzilla_ecephys/pipeline-aind+ephys/version-v1.2.4_codebase-v0.3.49_params-1cbdbee_config-7940dfd_attempt-3/dataset_description.json"": ""053cfe45-0164-4f6c-9ffe-703d6b14fcb6""}"		"{""derivatives/dandiset-001070/sub-Godzilla/sub-Godzilla_ecephys/pipeline-aind+ephys/version-v1.2.4_codebase-v0.3.49_params-1cbdbee_config-7940dfd_attempt-3/logs/dag.html"": ""374d93d6-f54a-49e3-9bd4-23cc49c2e489"", ""derivatives/dandiset-001070/sub-Godzilla/sub-Godzilla_ecephys/pipeline-aind+ephys/version-v1.2.4_codebase-v0.3.49_params-1cbdbee_config-7940dfd_attempt-3/logs/job-18703603_slurm.log"": ""2d1fd900-ce17-4ce7-b0b6-5b7869615614"", ""derivatives/dandiset-001070/sub-Godzilla/sub-Godzilla_ecephys/pipeline-aind+ephys/version-v1.2.4_codebase-v0.3.49_params-1cbdbee_config-7940dfd_attempt-3/logs/nextflow.log"": ""e4519273-b6d9-42bc-96ed-cc914789c78c"", ""derivatives/dandiset-001070/sub-Godzilla/sub-Godzilla_ecephys/pipeline-aind+ephys/version-v1.2.4_codebase-v0.3.49_params-1cbdbee_config-7940dfd_attempt-3/logs/report.html"": ""335c4512-6b3b-45a0-be25-a5d4770a0980"", ""derivatives/dandiset-001070/sub-Godzilla/sub-Godzilla_ecephys/pipeline-aind+ephys/version-v1.2.4_codebase-v0.3.49_params-1cbdbee_config-7940dfd_attempt-3/logs/timeline.html"": ""3fc90d76-5d8d-45b6-814e-69986ffce59e"", ""derivatives/dandiset-001070/sub-Godzilla/sub-Godzilla_ecephys/pipeline-aind+ephys/version-v1.2.4_codebase-v0.3.49_params-1cbdbee_config-7940dfd_attempt-3/logs/trace.txt"": ""a3b0c592-2aee-4eda-afb7-563116d29152""}"	2026-09-08T17:52:45.463073-04:00	2026-09-08T17:52:46.759709-04:00
001071	sub-Godzilla/sub-Godzilla_ecephys.nwb	aind+ephys	v1.2.2	1cbdbee	7940dfd	2	v0.3.28	10c5a40e-6ecb-488a-906c-ad5bd297b31d	165256732	True	True	False	True	"{""derivatives/dandiset-001071/sub-Godzilla/sub-Godzilla_ecephys/pipeline-aind+ephys/version-v1.2.2_codebase-v0.3.28_params-1cbdbee_config-7940dfd_attempt-2/dataset_description.json"": ""049bc5b8-3bde-4e74-ac33-37b92317adce""}"		"{""derivatives/dandiset-001071/sub-Godzilla/sub-Godzilla_ecephys/pipeline-aind+ephys/version-v1.2.2_codebase-v0.3.28_params-1cbdbee_config-7940dfd_attempt-2/logs/dag.html"": ""374d93d6-f54a-49e3-9bd4-23cc49c2e489"", ""derivatives/dandiset-001071/sub-Godzilla/sub-Godzilla_ecephys/pipeline-aind+ephys/version-v1.2.2_codebase-v0.3.28_params-1cbdbee_config-7940dfd_attempt-2/logs/job-15766499_slurm.log"": ""52cf3fac-853f-447b-a674-2caa000e4839"", ""derivatives/dandiset-001071/sub-Godzilla/sub-Godzilla_ecephys/pipeline-aind+ephys/version-v1.2.2_codebase-v0.3.28_params-1cbdbee_config-7940dfd_attempt-2/logs/nextflow.log"": ""4d012ce6-455f-4b4d-819d-8971b68ef5de"", ""derivatives/dandiset-001071/sub-Godzilla/sub-Godzilla_ecephys/pipeline-aind+ephys/version-v1.2.2_codebase-v0.3.28_params-1cbdbee_config-7940dfd_attempt-2/logs/report.html"": ""72bfb10d-63c9-4ac9-b24f-3e59c4fc5f1b"", ""derivatives/dandiset-001071/sub-Godzilla/sub-Godzilla_ecephys/pipeline-aind+ephys/version-v1.2.2_codebase-v0.3.28_params-1cbdbee_config-7940dfd_attempt-2/logs/timeline.html"": ""cc564a78-cc36-4f5e-b877-6bfdca398e42"", ""derivatives/dandiset-001071/sub-Godzilla/sub-Godzilla_ecephys/pipeline-aind+ephys/version-v1.2.2_codebase-v0.3.28_params-1cbdbee_config-7940dfd_attempt-2/logs/trace.txt"": ""e48e2d47-365a-4395-ab23-4a156ee8bf69""}"	2026-09-08T17:52:57.298669-04:00	2026-09-08T17:52:58.505008-04:00
001071	sub-Godzilla/sub-Godzilla_ecephys.nwb	aind+ephys	v1.2.2	1cbdbee	7940dfd	3	v0.3.28	10c5a40e-6ecb-488a-906c-ad5bd297b31d	165256732	True	True	False	True	"{""derivatives/dandiset-001071/sub-Godzilla/sub-Godzilla_ecephys/pipeline-aind+ephys/version-v1.2.2_codebase-v0.3.28_params-1cbdbee_config-7940dfd_attempt-3/dataset_description.json"": ""049bc5b8-3bde-4e74-ac33-37b92317adce""}"		"{""derivatives/dandiset-001071/sub-Godzilla/sub-Godzilla_ecephys/pipeline-aind+ephys/version-v1.2.2_codebase-v0.3.28_params-1cbdbee_config-7940dfd_attempt-3/logs/dag.html"": ""374d93d6-f54a-49e3-9bd4-23cc49c2e489"", ""derivatives/dandiset-001071/sub-Godzilla/sub-Godzilla_ecephys/pipeline-aind+ephys/version-v1.2.2_codebase-v0.3.28_params-1cbdbee_config-7940dfd_attempt-3/logs/job-15766506_slurm.log"": ""7cfe3390-4182-43fa-866e-29d70f4f20be"", ""derivatives/dandiset-001071/sub-Godzilla/sub-Godzilla_ecephys/pipeline-aind+ephys/version-v1.2.2_codebase-v0.3.28_params-1cbdbee_config-7940dfd_attempt-3/logs/nextflow.log"": ""169ffde5-b37f-4557-8b63-785af054e439"", ""derivatives/dandiset-001071/sub-Godzilla/sub-Godzilla_ecephys/pipeline-aind+ephys/version-v1.2.2_codebase-v0.3.28_params-1cbdbee_config-7940dfd_attempt-3/logs/report.html"": ""94c21f89-7a45-48d2-994d-d0b85f9537ac"", ""derivatives/dandiset-001071/sub-Godzilla/sub-Godzilla_ecephys/pipeline-aind+ephys/version-v1.2.2_codebase-v0.3.28_params-1cbdbee_config-7940dfd_attempt-3/logs/timeline.html"": ""603f2c76-b032-4e82-ae27-bb574b338a0c"", ""derivatives/dandiset-001071/sub-Godzilla/sub-Godzilla_ecephys/pipeline-aind+ephys/version-v1.2.2_codebase-v0.3.28_params-1cbdbee_config-7940dfd_attempt-3/logs/trace.txt"": ""a4632fbf-a642-400e-a41c-77148004eecc""}"	2026-09-08T17:53:09.462853-04:00	2026-09-08T17:53:10.669666-04:00
001071	sub-Godzilla/sub-Godzilla_ecephys.nwb	aind+ephys	v1.2.2	1cbdbee	7940dfd	4	v0.3.28	10c5a40e-6ecb-488a-906c-ad5bd297b31d	165256732	True	True	False	True	"{""derivatives/dandiset-001071/sub-Godzilla/sub-Godzilla_ecephys/pipeline-aind+ephys/version-v1.2.2_codebase-v0.3.28_params-1cbdbee_config-7940dfd_attempt-4/dataset_description.json"": ""049bc5b8-3bde-4e74-ac33-37b92317adce""}"		"{""derivatives/dandiset-001071/sub-Godzilla/sub-Godzilla_ecephys/pipeline-aind+ephys/version-v1.2.2_codebase-v0.3.28_params-1cbdbee_config-7940dfd_attempt-4/logs/dag.html"": ""374d93d6-f54a-49e3-9bd4-23cc49c2e489"", ""derivatives/dandiset-001071/sub-Godzilla/sub-Godzilla_ecephys/pipeline-aind+ephys/version-v1.2.2_codebase-v0.3.28_params-1cbdbee_config-7940dfd_attempt-4/logs/job-15830415_slurm.log"": ""23a7c139-1053-42da-a5b1-2522c87bd70c"", ""derivatives/dandiset-001071/sub-Godzilla/sub-Godzilla_ecephys/pipeline-aind+ephys/version-v1.2.2_codebase-v0.3.28_params-1cbdbee_config-7940dfd_attempt-4/logs/nextflow.log"": ""c087ceb4-72df-4ee7-8811-430e7a33f930"", ""derivatives/dandiset-001071/sub-Godzilla/sub-Godzilla_ecephys/pipeline-aind+ephys/version-v1.2.2_codebase-v0.3.28_params-1cbdbee_config-7940dfd_attempt-4/logs/report.html"": ""dd9602c6-143e-4e81-94d5-ce87a897f597"", ""derivatives/dandiset-001071/sub-Godzilla/sub-Godzilla_ecephys/pipeline-aind+ephys/version-v1.2.2_codebase-v0.3.28_params-1cbdbee_config-7940dfd_attempt-4/logs/timeline.html"": ""afe7f7ac-526e-43cd-95b3-559438a9dcbd"", ""derivatives/dandiset-001071/sub-Godzilla/sub-Godzilla_ecephys/pipeline-aind+ephys/version-v1.2.2_codebase-v0.3.28_params-1cbdbee_config-7940dfd_attempt-4/logs/trace.txt"": ""cb6eca7a-00db-43c4-a49a-111d413f67a6""}"	2026-09-08T17:53:22.674459-04:00	2026-09-08T17:53:23.789055-04:00
001071	sub-Godzilla/sub-Godzilla_ecephys.nwb	aind+ephys	v1.2.2	1cbdbee	7940dfd	5	v0.3.28	10c5a40e-6ecb-488a-906c-ad5bd297b31d	165256732	True	True	False	True	"{""derivatives/dandiset-001071/sub-Godzilla/sub-Godzilla_ecephys/pipeline-aind+ephys/version-v1.2.2_codebase-v0.3.28_params-1cbdbee_config-7940dfd_attempt-5/dataset_description.json"": ""049bc5b8-3bde-4e74-ac33-37b92317adce""}"		"{""derivatives/dandiset-001071/sub-Godzilla/sub-Godzilla_ecephys/pipeline-aind+ephys/version-v1.2.2_codebase-v0.3.28_params-1cbdbee_config-7940dfd_attempt-5/logs/dag.html"": ""374d93d6-f54a-49e3-9bd4-23cc49c2e489"", ""derivatives/dandiset-001071/sub-Godzilla/sub-Godzilla_ecephys/pipeline-aind+ephys/version-v1.2.2_codebase-v0.3.28_params-1cbdbee_config-7940dfd_attempt-5/logs/job-15830444_slurm.log"": ""9df9f5b6-d30b-48ce-b39a-5d46eae32c5a"", ""derivatives/dandiset-001071/sub-Godzilla/sub-Godzilla_ecephys/pipeline-aind+ephys/version-v1.2.2_codebase-v0.3.28_params-1cbdbee_config-7940dfd_attempt-5/logs/nextflow.log"": ""091aee2a-9dd3-4eb4-bc6c-04626aa5bd88"", ""derivatives/dandiset-001071/sub-Godzilla/sub-Godzilla_ecephys/pipeline-aind+ephys/version-v1.2.2_codebase-v0.3.28_params-1cbdbee_config-7940dfd_attempt-5/logs/report.html"": ""c8be45a7-1845-41d9-94d8-a69b453152f9"", ""derivatives/dandiset-001071/sub-Godzilla/sub-Godzilla_ecephys/pipeline-aind+ephys/version-v1.2.2_codebase-v0.3.28_params-1cbdbee_config-7940dfd_attempt-5/logs/timeline.html"": ""ee8c7117-5fbd-4456-8e64-c70864360739"", ""derivatives/dandiset-001071/sub-Godzilla/sub-Godzilla_ecephys/pipeline-aind+ephys/version-v1.2.2_codebase-v0.3.28_params-1cbdbee_config-7940dfd_attempt-5/logs/trace.txt"": ""a8fc3280-f226-4bf3-9309-fd2942761aad""}"	2026-09-08T17:53:36.911525-04:00	2026-09-08T17:53:38.124251-04:00
001071	sub-Godzilla/sub-Godzilla_ecephys.nwb	aind+ephys	v1.2.4	1cbdbee	7940dfd	1	v0.3.49	10c5a40e-6ecb-488a-906c-ad5bd297b31d	165256732	True	True	False	True	"{""derivatives/dandiset-001071/sub-Godzilla/sub-Godzilla_ecephys/pipeline-aind+ephys/version-v1.2.4_codebase-v0.3.49_params-1cbdbee_config-7940dfd_attempt-1/dataset_description.json"": ""7b0feb05-d4da-490f-9047-34e75271eec2""}"		"{""derivatives/dandiset-001071/sub-Godzilla/sub-Godzilla_ecephys/pipeline-aind+ephys/version-v1.2.4_codebase-v0.3.49_params-1cbdbee_config-7940dfd_attempt-1/logs/dag.html"": ""374d93d6-f54a-49e3-9bd4-23cc49c2e489"", ""derivatives/dandiset-001071/sub-Godzilla/sub-Godzilla_ecephys/pipeline-aind+ephys/version-v1.2.4_codebase-v0.3.49_params-1cbdbee_config-7940dfd_attempt-1/logs/job-17600347_slurm.log"": ""250afd6e-2ae7-42d2-8cd8-1d5b588bb9dd"", ""derivatives/dandiset-001071/sub-Godzilla/sub-Godzilla_ecephys/pipeline-aind+ephys/version-v1.2.4_codebase-v0.3.49_params-1cbdbee_config-7940dfd_attempt-1/logs/nextflow.log"": ""96f5996a-ce5d-43f7-b04a-5904d3bae87b"", ""derivatives/dandiset-001071/sub-Godzilla/sub-Godzilla_ecephys/pipeline-aind+ephys/version-v1.2.4_codebase-v0.3.49_params-1cbdbee_config-7940dfd_attempt-1/logs/report.html"": ""3b1e22f0-b8fa-4b11-a817-188dbafb15f1"", ""derivatives/dandiset-001071/sub-Godzilla/sub-Godzilla_ecephys/pipeline-aind+ephys/version-v1.2.4_codebase-v0.3.49_params-1cbdbee_config-7940dfd_attempt-1/logs/timeline.html"": ""52bb69bc-dc3c-4d49-b65b-fbf8d25ffb9e"", ""derivatives/dandiset-001071/sub-Godzilla/sub-Godzilla_ecephys/pipeline-aind+ephys/version-v1.2.4_codebase-v0.3.49_params-1cbdbee_config-7940dfd_attempt-1/logs/trace.txt"": ""e1ad279e-72c3-4e4b-8149-b0af1f420b94""}"	2026-09-08T17:53:49.244765-04:00	2026-09-08T17:53:50.393317-04:00
001071	sub-Godzilla/sub-Godzilla_ecephys.nwb	aind+ephys	v1.2.4	1cbdbee	7940dfd	2	v0.3.49	10c5a40e-6ecb-488a-906c-ad5bd297b31d	165256732	True	True	False	True	"{""derivatives/dandiset-001071/sub-Godzilla/sub-Godzilla_ecephys/pipeline-aind+ephys/version-v1.2.4_codebase-v0.3.49_params-1cbdbee_config-7940dfd_attempt-2/dataset_description.json"": ""7b0feb05-d4da-490f-9047-34e75271eec2""}"		"{""derivatives/dandiset-001071/sub-Godzilla/sub-Godzilla_ecephys/pipeline-aind+ephys/version-v1.2.4_codebase-v0.3.49_params-1cbdbee_config-7940dfd_attempt-2/logs/dag.html"": ""374d93d6-f54a-49e3-9bd4-23cc49c2e489"", ""derivatives/dandiset-001071/sub-Godzilla/sub-Godzilla_ecephys/pipeline-aind+ephys/version-v1.2.4_codebase-v0.3.49_params-1cbdbee_config-7940dfd_attempt-2/logs/job-17600944_slurm.log"": ""05c50af5-93f4-48b0-83e9-c8cf01b24cad"", ""derivatives/dandiset-001071/sub-Godzilla/sub-Godzilla_ecephys/pipeline-aind+ephys/version-v1.2.4_codebase-v0.3.49_params-1cbdbee_config-7940dfd_attempt-2/logs/nextflow.log"": ""53ac7a08-9d04-4c9b-959b-9633e50d3b29"", ""derivatives/dandiset-001071/sub-Godzilla/sub-Godzilla_ecephys/pipeline-aind+ephys/version-v1.2.4_codebase-v0.3.49_params-1cbdbee_config-7940dfd_attempt-2/logs/report.html"": ""51d3387c-dee0-4314-a21e-2a32c136a522"", ""derivatives/dandiset-001071/sub-Godzilla/sub-Godzilla_ecephys/pipeline-aind+ephys/version-v1.2.4_codebase-v0.3.49_params-1cbdbee_config-7940dfd_attempt-2/logs/timeline.html"": ""91c67c47-6e67-43b2-9d71-56636af5f626"", ""derivatives/dandiset-001071/sub-Godzilla/sub-Godzilla_ecephys/pipeline-aind+ephys/version-v1.2.4_codebase-v0.3.49_params-1cbdbee_config-7940dfd_attempt-2/logs/trace.txt"": ""3b296efe-0375-43cd-a14c-2429669e944d""}"	2026-09-08T17:54:00.797380-04:00	2026-09-08T17:54:02.734898-04:00
001071	sub-Godzilla/sub-Godzilla_ecephys.nwb	aind+ephys	v1.2.4	1cbdbee	7940dfd	3	v0.3.49	10c5a40e-6ecb-488a-906c-ad5bd297b31d	165256732	True	True	False	True	"{""derivatives/dandiset-001071/sub-Godzilla/sub-Godzilla_ecephys/pipeline-aind+ephys/version-v1.2.4_codebase-v0.3.49_params-1cbdbee_config-7940dfd_attempt-3/dataset_description.json"": ""7b0feb05-d4da-490f-9047-34e75271eec2""}"		"{""derivatives/dandiset-001071/sub-Godzilla/sub-Godzilla_ecephys/pipeline-aind+ephys/version-v1.2.4_codebase-v0.3.49_params-1cbdbee_config-7940dfd_attempt-3/logs/dag.html"": ""374d93d6-f54a-49e3-9bd4-23cc49c2e489"", ""derivatives/dandiset-001071/sub-Godzilla/sub-Godzilla_ecephys/pipeline-aind+ephys/version-v1.2.4_codebase-v0.3.49_params-1cbdbee_config-7940dfd_attempt-3/logs/job-17601327_slurm.log"": ""74080553-f688-49f4-9579-c00666257220"", ""derivatives/dandiset-001071/sub-Godzilla/sub-Godzilla_ecephys/pipeline-aind+ephys/version-v1.2.4_codebase-v0.3.49_params-1cbdbee_config-7940dfd_attempt-3/logs/nextflow.log"": ""8dd0fca0-675e-46e1-acbe-5137ac731c22"", ""derivatives/dandiset-001071/sub-Godzilla/sub-Godzilla_ecephys/pipeline-aind+ephys/version-v1.2.4_codebase-v0.3.49_params-1cbdbee_config-7940dfd_attempt-3/logs/report.html"": ""780f4818-d08e-42da-b195-659015eacdbe"", ""derivatives/dandiset-001071/sub-Godzilla/sub-Godzilla_ecephys/pipeline-aind+ephys/version-v1.2.4_codebase-v0.3.49_params-1cbdbee_config-7940dfd_attempt-3/logs/timeline.html"": ""c74a73d8-bba2-443c-9562-985947287deb"", ""derivatives/dandiset-001071/sub-Godzilla/sub-Godzilla_ecephys/pipeline-aind+ephys/version-v1.2.4_codebase-v0.3.49_params-1cbdbee_config-7940dfd_attempt-3/logs/trace.txt"": ""fb7ff504-04d9-41ff-a0af-c1fa13d764cb""}"	2026-09-08T17:54:13.040283-04:00	2026-09-08T17:54:14.268607-04:00
001072	sub-Godzilla/sub-Godzilla_ecephys.nwb	aind+ephys	v1.2.2	1cbdbee	0d4bf36	1	v0.3.24	1b49148c-00d4-4c1e-8bf4-d45a9232f5fe	165460020	True	True	False	True	"{""derivatives/dandiset-001072/sub-Godzilla/sub-Godzilla_ecephys/pipeline-aind+ephys/version-v1.2.2_codebase-v0.3.24_params-1cbdbee_config-0d4bf36_attempt-1/dataset_description.json"": ""fde90c71-66e6-46a9-96bb-c4182d2db67c""}"		"{""derivatives/dandiset-001072/sub-Godzilla/sub-Godzilla_ecephys/pipeline-aind+ephys/version-v1.2.2_codebase-v0.3.24_params-1cbdbee_config-0d4bf36_attempt-1/logs/dag.html"": ""374d93d6-f54a-49e3-9bd4-23cc49c2e489"", ""derivatives/dandiset-001072/sub-Godzilla/sub-Godzilla_ecephys/pipeline-aind+ephys/version-v1.2.2_codebase-v0.3.24_params-1cbdbee_config-0d4bf36_attempt-1/logs/job-15832299_slurm.log"": ""0afecd69-20d7-4560-8f2a-9090064f39dd"", ""derivatives/dandiset-001072/sub-Godzilla/sub-Godzilla_ecephys/pipeline-aind+ephys/version-v1.2.2_codebase-v0.3.24_params-1cbdbee_config-0d4bf36_attempt-1/logs/nextflow.log"": ""a0165283-666e-47c4-b08d-1af1953ace02"", ""derivatives/dandiset-001072/sub-Godzilla/sub-Godzilla_ecephys/pipeline-aind+ephys/version-v1.2.2_codebase-v0.3.24_params-1cbdbee_config-0d4bf36_attempt-1/logs/report.html"": ""b839f8a1-94d0-4a07-b193-f347a8f042d7"", ""derivatives/dandiset-001072/sub-Godzilla/sub-Godzilla_ecephys/pipeline-aind+ephys/version-v1.2.2_codebase-v0.3.24_params-1cbdbee_config-0d4bf36_attempt-1/logs/timeline.html"": ""7b52316f-ce78-408d-8d65-593e66a62fa0"", ""derivatives/dandiset-001072/sub-Godzilla/sub-Godzilla_ecephys/pipeline-aind+ephys/version-v1.2.2_codebase-v0.3.24_params-1cbdbee_config-0d4bf36_attempt-1/logs/trace.txt"": ""9fa8d0b5-2cfa-4a8b-8fe7-11a6a96d769b""}"	2026-09-08T17:54:24.840314-04:00	2026-09-08T17:54:26.067546-04:00
001072	sub-Godzilla/sub-Godzilla_ecephys.nwb	aind+ephys	v1.2.2	1cbdbee	0d4bf36	1	v0.3.25	1b49148c-00d4-4c1e-8bf4-d45a9232f5fe	165460020	True	True	False	True	"{""derivatives/dandiset-001072/sub-Godzilla/sub-Godzilla_ecephys/pipeline-aind+ephys/version-v1.2.2_codebase-v0.3.25_params-1cbdbee_config-0d4bf36_attempt-1/dataset_description.json"": ""9c5087e1-ebba-4635-a48e-ea1beabb9e97""}"		"{""derivatives/dandiset-001072/sub-Godzilla/sub-Godzilla_ecephys/pipeline-aind+ephys/version-v1.2.2_codebase-v0.3.25_params-1cbdbee_config-0d4bf36_attempt-1/logs/dag.html"": ""374d93d6-f54a-49e3-9bd4-23cc49c2e489"", ""derivatives/dandiset-001072/sub-Godzilla/sub-Godzilla_ecephys/pipeline-aind+ephys/version-v1.2.2_codebase-v0.3.25_params-1cbdbee_config-0d4bf36_attempt-1/logs/job-15832316_slurm.log"": ""30046e4c-b55d-42ec-980c-c8d16557ccce"", ""derivatives/dandiset-001072/sub-Godzilla/sub-Godzilla_ecephys/pipeline-aind+ephys/version-v1.2.2_codebase-v0.3.25_params-1cbdbee_config-0d4bf36_attempt-1/logs/nextflow.log"": ""94ce508d-bc0f-4903-8f6a-734bc1a98b26"", ""derivatives/dandiset-001072/sub-Godzilla/sub-Godzilla_ecephys/pipeline-aind+ephys/version-v1.2.2_codebase-v0.3.25_params-1cbdbee_config-0d4bf36_attempt-1/logs/report.html"": ""d9c59e0a-9abd-4370-8f5d-6616b5674825"", ""derivatives/dandiset-001072/sub-Godzilla/sub-Godzilla_ecephys/pipeline-aind+ephys/version-v1.2.2_codebase-v0.3.25_params-1cbdbee_config-0d4bf36_attempt-1/logs/timeline.html"": ""1f348aa2-2f34-428b-ba7f-27044c81a8e3"", ""derivatives/dandiset-001072/sub-Godzilla/sub-Godzilla_ecephys/pipeline-aind+ephys/version-v1.2.2_codebase-v0.3.25_params-1cbdbee_config-0d4bf36_attempt-1/logs/trace.txt"": ""4736d17a-e32b-4551-be4a-7b3117995f94""}"	2026-09-08T17:54:36.575729-04:00	2026-09-08T17:54:37.843244-04:00
001072	sub-Godzilla/sub-Godzilla_ecephys.nwb	aind+ephys	v1.2.2	1cbdbee	7940dfd	1	v0.3.28	1b49148c-00d4-4c1e-8bf4-d45a9232f5fe	165460020	True	True	False	True	"{""derivatives/dandiset-001072/sub-Godzilla/sub-Godzilla_ecephys/pipeline-aind+ephys/version-v1.2.2_codebase-v0.3.28_params-1cbdbee_config-7940dfd_attempt-1/dataset_description.json"": ""5745d613-eb8b-4146-ba96-f847573eb42f""}"		"{""derivatives/dandiset-001072/sub-Godzilla/sub-Godzilla_ecephys/pipeline-aind+ephys/version-v1.2.2_codebase-v0.3.28_params-1cbdbee_config-7940dfd_attempt-1/logs/dag.html"": ""374d93d6-f54a-49e3-9bd4-23cc49c2e489"", ""derivatives/dandiset-001072/sub-Godzilla/sub-Godzilla_ecephys/pipeline-aind+ephys/version-v1.2.2_codebase-v0.3.28_params-1cbdbee_config-7940dfd_attempt-1/logs/job-15833286_slurm.log"": ""c8ac6041-3ae8-4c85-a390-503e7c18686b"", ""derivatives/dandiset-001072/sub-Godzilla/sub-Godzilla_ecephys/pipeline-aind+ephys/version-v1.2.2_codebase-v0.3.28_params-1cbdbee_config-7940dfd_attempt-1/logs/nextflow.log"": ""791e7374-8683-4e11-8cba-81e26d6c95d7"", ""derivatives/dandiset-001072/sub-Godzilla/sub-Godzilla_ecephys/pipeline-aind+ephys/version-v1.2.2_codebase-v0.3.28_params-1cbdbee_config-7940dfd_attempt-1/logs/report.html"": ""3cff8861-dd21-4b65-b5ce-b78938ee38a4"", ""derivatives/dandiset-001072/sub-Godzilla/sub-Godzilla_ecephys/pipeline-aind+ephys/version-v1.2.2_codebase-v0.3.28_params-1cbdbee_config-7940dfd_attempt-1/logs/timeline.html"": ""a38df374-8ef0-4cf6-ba08-e7a12c9b1f33"", ""derivatives/dandiset-001072/sub-Godzilla/sub-Godzilla_ecephys/pipeline-aind+ephys/version-v1.2.2_codebase-v0.3.28_params-1cbdbee_config-7940dfd_attempt-1/logs/trace.txt"": ""c3adc51c-b5d5-40dc-9ade-75654e3d3e72""}"	2026-09-08T17:54:48.241620-04:00	2026-09-08T17:54:49.438728-04:00
001072	sub-Godzilla/sub-Godzilla_ecephys.nwb	aind+ephys	v1.2.2	1cbdbee	7940dfd	2	v0.3.28	1b49148c-00d4-4c1e-8bf4-d45a9232f5fe	165460020	True	True	False	True	"{""derivatives/dandiset-001072/sub-Godzilla/sub-Godzilla_ecephys/pipeline-aind+ephys/version-v1.2.2_codebase-v0.3.28_params-1cbdbee_config-7940dfd_attempt-2/dataset_description.json"": ""5745d613-eb8b-4146-ba96-f847573eb42f""}"		"{""derivatives/dandiset-001072/sub-Godzilla/sub-Godzilla_ecephys/pipeline-aind+ephys/version-v1.2.2_codebase-v0.3.28_params-1cbdbee_config-7940dfd_attempt-2/logs/dag.html"": ""374d93d6-f54a-49e3-9bd4-23cc49c2e489"", ""derivatives/dandiset-001072/sub-Godzilla/sub-Godzilla_ecephys/pipeline-aind+ephys/version-v1.2.2_codebase-v0.3.28_params-1cbdbee_config-7940dfd_attempt-2/logs/job-15833301_slurm.log"": ""c269c6ba-e13f-4b56-b399-b41f66e00228"", ""derivatives/dandiset-001072/sub-Godzilla/sub-Godzilla_ecephys/pipeline-aind+ephys/version-v1.2.2_codebase-v0.3.28_params-1cbdbee_config-7940dfd_attempt-2/logs/nextflow.log"": ""0ed9f816-c4aa-40dc-a615-13394a7fdc10"", ""derivatives/dandiset-001072/sub-Godzilla/sub-Godzilla_ecephys/pipeline-aind+ephys/version-v1.2.2_codebase-v0.3.28_params-1cbdbee_config-7940dfd_attempt-2/logs/report.html"": ""1cac67e9-4dd5-4711-bab6-c9f1939041a1"", ""derivatives/dandiset-001072/sub-Godzilla/sub-Godzilla_ecephys/pipeline-aind+ephys/version-v1.2.2_codebase-v0.3.28_params-1cbdbee_config-7940dfd_attempt-2/logs/timeline.html"": ""f7b6e2e7-4350-443a-978f-bfdf16a627e2"", ""derivatives/dandiset-001072/sub-Godzilla/sub-Godzilla_ecephys/pipeline-aind+ephys/version-v1.2.2_codebase-v0.3.28_params-1cbdbee_config-7940dfd_attempt-2/logs/trace.txt"": ""5632b941-4570-4ef4-a90b-d7d2c5f4431a""}"	2026-09-08T17:54:59.677022-04:00	2026-09-08T17:55:00.886761-04:00
001072	sub-Godzilla/sub-Godzilla_ecephys.nwb	aind+ephys	v1.2.2	1cbdbee	7940dfd	3	v0.3.28	1b49148c-00d4-4c1e-8bf4-d45a9232f5fe	165460020	True	True	False	True	"{""derivatives/dandiset-001072/sub-Godzilla/sub-Godzilla_ecephys/pipeline-aind+ephys/version-v1.2.2_codebase-v0.3.28_params-1cbdbee_config-7940dfd_attempt-3/dataset_description.json"": ""5745d613-eb8b-4146-ba96-f847573eb42f""}"		"{""derivatives/dandiset-001072/sub-Godzilla/sub-Godzilla_ecephys/pipeline-aind+ephys/version-v1.2.2_codebase-v0.3.28_params-1cbdbee_config-7940dfd_attempt-3/logs/dag.html"": ""374d93d6-f54a-49e3-9bd4-23cc49c2e489"", ""derivatives/dandiset-001072/sub-Godzilla/sub-Godzilla_ecephys/pipeline-aind+ephys/version-v1.2.2_codebase-v0.3.28_params-1cbdbee_config-7940dfd_attempt-3/logs/job-15834140_slurm.log"": ""63f9e435-6f39-4b7b-ae70-a4ac4e9f9c3e"", ""derivatives/dandiset-001072/sub-Godzilla/sub-Godzilla_ecephys/pipeline-aind+ephys/version-v1.2.2_codebase-v0.3.28_params-1cbdbee_config-7940dfd_attempt-3/logs/nextflow.log"": ""7e1f4d7c-fd4e-4875-ad53-1a382a7584cd"", ""derivatives/dandiset-001072/sub-Godzilla/sub-Godzilla_ecephys/pipeline-aind+ephys/version-v1.2.2_codebase-v0.3.28_params-1cbdbee_config-7940dfd_attempt-3/logs/report.html"": ""74274331-e1dd-4fb0-811d-86af67499dd4"", ""derivatives/dandiset-001072/sub-Godzilla/sub-Godzilla_ecephys/pipeline-aind+ephys/version-v1.2.2_codebase-v0.3.28_params-1cbdbee_config-7940dfd_attempt-3/logs/timeline.html"": ""930e6ff7-402b-4348-a3af-6a9f572fe7cc"", ""derivatives/dandiset-001072/sub-Godzilla/sub-Godzilla_ecephys/pipeline-aind+ephys/version-v1.2.2_codebase-v0.3.28_params-1cbdbee_config-7940dfd_attempt-3/logs/trace.txt"": ""505455f4-c66d-4335-8c77-0adc972699d2""}"	2026-09-08T17:55:12.784843-04:00	2026-09-08T17:55:14.000219-04:00
001072	sub-Godzilla/sub-Godzilla_ecephys.nwb	aind+ephys	v1.2.2	1cbdbee	7940dfd	4	v0.3.28	1b49148c-00d4-4c1e-8bf4-d45a9232f5fe	165460020	True	True	False	True	"{""derivatives/dandiset-001072/sub-Godzilla/sub-Godzilla_ecephys/pipeline-aind+ephys/version-v1.2.2_codebase-v0.3.28_params-1cbdbee_config-7940dfd_attempt-4/dataset_description.json"": ""5745d613-eb8b-4146-ba96-f847573eb42f""}"		"{""derivatives/dandiset-001072/sub-Godzilla/sub-Godzilla_ecephys/pipeline-aind+ephys/version-v1.2.2_codebase-v0.3.28_params-1cbdbee_config-7940dfd_attempt-4/logs/dag.html"": ""374d93d6-f54a-49e3-9bd4-23cc49c2e489"", ""derivatives/dandiset-001072/sub-Godzilla/sub-Godzilla_ecephys/pipeline-aind+ephys/version-v1.2.2_codebase-v0.3.28_params-1cbdbee_config-7940dfd_attempt-4/logs/job-15834150_slurm.log"": ""6804d865-16be-4e89-8253-beb4871965c7"", ""derivatives/dandiset-001072/sub-Godzilla/sub-Godzilla_ecephys/pipeline-aind+ephys/version-v1.2.2_codebase-v0.3.28_params-1cbdbee_config-7940dfd_attempt-4/logs/nextflow.log"": ""954bb88d-67aa-42a9-a72c-0e92d6e84d65"", ""derivatives/dandiset-001072/sub-Godzilla/sub-Godzilla_ecephys/pipeline-aind+ephys/version-v1.2.2_codebase-v0.3.28_params-1cbdbee_config-7940dfd_attempt-4/logs/report.html"": ""8ffb4a8b-10c6-49d2-8a98-a5fcda57256a"", ""derivatives/dandiset-001072/sub-Godzilla/sub-Godzilla_ecephys/pipeline-aind+ephys/version-v1.2.2_codebase-v0.3.28_params-1cbdbee_config-7940dfd_attempt-4/logs/timeline.html"": ""72cc92a2-1e57-456d-9de7-53da9ae01402"", ""derivatives/dandiset-001072/sub-Godzilla/sub-Godzilla_ecephys/pipeline-aind+ephys/version-v1.2.2_codebase-v0.3.28_params-1cbdbee_config-7940dfd_attempt-4/logs/trace.txt"": ""6b9b98b5-cb5d-4046-ac5b-5b48d4e65795""}"	2026-09-08T17:55:24.456571-04:00	2026-09-08T17:55:25.675465-04:00
001072	sub-Godzilla/sub-Godzilla_ecephys.nwb	aind+ephys	v1.2.2	1cbdbee	7940dfd	5	v0.3.28	1b49148c-00d4-4c1e-8bf4-d45a9232f5fe	165460020	True	True	False	True	"{""derivatives/dandiset-001072/sub-Godzilla/sub-Godzilla_ecephys/pipeline-aind+ephys/version-v1.2.2_codebase-v0.3.28_params-1cbdbee_config-7940dfd_attempt-5/dataset_description.json"": ""5745d613-eb8b-4146-ba96-f847573eb42f""}"		"{""derivatives/dandiset-001072/sub-Godzilla/sub-Godzilla_ecephys/pipeline-aind+ephys/version-v1.2.2_codebase-v0.3.28_params-1cbdbee_config-7940dfd_attempt-5/logs/dag.html"": ""374d93d6-f54a-49e3-9bd4-23cc49c2e489"", ""derivatives/dandiset-001072/sub-Godzilla/sub-Godzilla_ecephys/pipeline-aind+ephys/version-v1.2.2_codebase-v0.3.28_params-1cbdbee_config-7940dfd_attempt-5/logs/job-15835077_slurm.log"": ""3d04a64b-10fb-4f0c-bba5-6977a7474c20"", ""derivatives/dandiset-001072/sub-Godzilla/sub-Godzilla_ecephys/pipeline-aind+ephys/version-v1.2.2_codebase-v0.3.28_params-1cbdbee_config-7940dfd_attempt-5/logs/nextflow.log"": ""6e7c86a5-0df7-49f4-b0e5-44e9d936a93b"", ""derivatives/dandiset-001072/sub-Godzilla/sub-Godzilla_ecephys/pipeline-aind+ephys/version-v1.2.2_codebase-v0.3.28_params-1cbdbee_config-7940dfd_attempt-5/logs/report.html"": ""4c5d32c5-361b-4841-97f7-8e1a2f78be81"", ""derivatives/dandiset-001072/sub-Godzilla/sub-Godzilla_ecephys/pipeline-aind+ephys/version-v1.2.2_codebase-v0.3.28_params-1cbdbee_config-7940dfd_attempt-5/logs/timeline.html"": ""6e3f689a-6322-4d58-815a-23bbf0e11edf"", ""derivatives/dandiset-001072/sub-Godzilla/sub-Godzilla_ecephys/pipeline-aind+ephys/version-v1.2.2_codebase-v0.3.28_params-1cbdbee_config-7940dfd_attempt-5/logs/trace.txt"": ""7a853495-82fa-46f4-85b5-b1f0c0b1a02d""}"	2026-09-08T17:55:36.187393-04:00	2026-09-08T17:55:37.453640-04:00
001072	sub-Godzilla/sub-Godzilla_ecephys.nwb	aind+ephys	v1.2.4	1cbdbee	7940dfd	1	v0.3.49	1b49148c-00d4-4c1e-8bf4-d45a9232f5fe	165460020	True	True	False	True	"{""derivatives/dandiset-001072/sub-Godzilla/sub-Godzilla_ecephys/pipeline-aind+ephys/version-v1.2.4_codebase-v0.3.49_params-1cbdbee_config-7940dfd_attempt-1/dataset_description.json"": ""4f72b2cd-b56f-4dad-91ca-07eafe062640""}"		"{""derivatives/dandiset-001072/sub-Godzilla/sub-Godzilla_ecephys/pipeline-aind+ephys/version-v1.2.4_codebase-v0.3.49_params-1cbdbee_config-7940dfd_attempt-1/logs/dag.html"": ""374d93d6-f54a-49e3-9bd4-23cc49c2e489"", ""derivatives/dandiset-001072/sub-Godzilla/sub-Godzilla_ecephys/pipeline-aind+ephys/version-v1.2.4_codebase-v0.3.49_params-1cbdbee_config-7940dfd_attempt-1/logs/job-17601329_slurm.log"": ""15a2cec7-8721-4628-90eb-31ff849c27ae"", ""derivatives/dandiset-001072/sub-Godzilla/sub-Godzilla_ecephys/pipeline-aind+ephys/version-v1.2.4_codebase-v0.3.49_params-1cbdbee_config-7940dfd_attempt-1/logs/nextflow.log"": ""db4da6f0-49b5-41b5-99ee-805d28c801b3"", ""derivatives/dandiset-001072/sub-Godzilla/sub-Godzilla_ecephys/pipeline-aind+ephys/version-v1.2.4_codebase-v0.3.49_params-1cbdbee_config-7940dfd_attempt-1/logs/report.html"": ""52f3a209-8366-4094-90ec-5cabf5a8904e"", ""derivatives/dandiset-001072/sub-Godzilla/sub-Godzilla_ecephys/pipeline-aind+ephys/version-v1.2.4_codebase-v0.3.49_params-1cbdbee_config-7940dfd_attempt-1/logs/timeline.html"": ""d3d34670-508d-47e9-b7e7-e4b527de6cf8"", ""derivatives/dandiset-001072/sub-Godzilla/sub-Godzilla_ecephys/pipeline-aind+ephys/version-v1.2.4_codebase-v0.3.49_params-1cbdbee_config-7940dfd_attempt-1/logs/trace.txt"": ""817b5a8d-d5a0-4c8b-b35a-a72400e8c10d""}"	2026-09-08T17:55:48.154915-04:00	2026-09-08T17:55:49.416121-04:00
001072	sub-Godzilla/sub-Godzilla_ecephys.nwb	aind+ephys	v1.2.4	1cbdbee	7940dfd	2	v0.3.49	1b49148c-00d4-4c1e-8bf4-d45a9232f5fe	165460020	True	True	False	True	"{""derivatives/dandiset-001072/sub-Godzilla/sub-Godzilla_ecephys/pipeline-aind+ephys/version-v1.2.4_codebase-v0.3.49_params-1cbdbee_config-7940dfd_attempt-2/dataset_description.json"": ""4f72b2cd-b56f-4dad-91ca-07eafe062640""}"		"{""derivatives/dandiset-001072/sub-Godzilla/sub-Godzilla_ecephys/pipeline-aind+ephys/version-v1.2.4_codebase-v0.3.49_params-1cbdbee_config-7940dfd_attempt-2/logs/dag.html"": ""374d93d6-f54a-49e3-9bd4-23cc49c2e489"", ""derivatives/dandiset-001072/sub-Godzilla/sub-Godzilla_ecephys/pipeline-aind+ephys/version-v1.2.4_codebase-v0.3.49_params-1cbdbee_config-7940dfd_attempt-2/logs/job-17602142_slurm.log"": ""636fb74d-1943-428c-bfa3-24a07dfda0fd"", ""derivatives/dandiset-001072/sub-Godzilla/sub-Godzilla_ecephys/pipeline-aind+ephys/version-v1.2.4_codebase-v0.3.49_params-1cbdbee_config-7940dfd_attempt-2/logs/nextflow.log"": ""f1b90d35-e3ef-406a-8407-a4530806af72"", ""derivatives/dandiset-001072/sub-Godzilla/sub-Godzilla_ecephys/pipeline-aind+ephys/version-v1.2.4_codebase-v0.3.49_params-1cbdbee_config-7940dfd_attempt-2/logs/report.html"": ""3a77e922-e253-4cf5-add8-ed311513a336"", ""derivatives/dandiset-001072/sub-Godzilla/sub-Godzilla_ecephys/pipeline-aind+ephys/version-v1.2.4_codebase-v0.3.49_params-1cbdbee_config-7940dfd_attempt-2/logs/timeline.html"": ""feed4d93-2d1e-4fe1-84b6-40ed7d2fb653"", ""derivatives/dandiset-001072/sub-Godzilla/sub-Godzilla_ecephys/pipeline-aind+ephys/version-v1.2.4_codebase-v0.3.49_params-1cbdbee_config-7940dfd_attempt-2/logs/trace.txt"": ""f0739aa0-5ea5-41e0-b56c-d9afc4b8affd""}"	2026-09-08T17:56:00.220344-04:00	2026-09-08T17:56:01.896297-04:00
001072	sub-Godzilla/sub-Godzilla_ecephys.nwb	aind+ephys	v1.2.4	1cbdbee	7940dfd	3	v0.3.49	1b49148c-00d4-4c1e-8bf4-d45a9232f5fe	165460020	True	True	False	True	"{""derivatives/dandiset-001072/sub-Godzilla/sub-Godzilla_ecephys/pipeline-aind+ephys/version-v1.2.4_codebase-v0.3.49_params-1cbdbee_config-7940dfd_attempt-3/dataset_description.json"": ""4f72b2cd-b56f-4dad-91ca-07eafe062640""}"		"{""derivatives/dandiset-001072/sub-Godzilla/sub-Godzilla_ecephys/pipeline-aind+ephys/version-v1.2.4_codebase-v0.3.49_params-1cbdbee_config-7940dfd_attempt-3/logs/dag.html"": ""374d93d6-f54a-49e3-9bd4-23cc49c2e489"", ""derivatives/dandiset-001072/sub-Godzilla/sub-Godzilla_ecephys/pipeline-aind+ephys/version-v1.2.4_codebase-v0.3.49_params-1cbdbee_config-7940dfd_attempt-3/logs/job-17647152_slurm.log"": ""3dd42ce7-edbc-4767-9684-64bcbb9ad043"", ""derivatives/dandiset-001072/sub-Godzilla/sub-Godzilla_ecephys/pipeline-aind+ephys/version-v1.2.4_codebase-v0.3.49_params-1cbdbee_config-7940dfd_attempt-3/logs/nextflow.log"": ""79bd9a0c-195d-4b0d-a871-077fcb17ee52"", ""derivatives/dandiset-001072/sub-Godzilla/sub-Godzilla_ecephys/pipeline-aind+ephys/version-v1.2.4_codebase-v0.3.49_params-1cbdbee_config-7940dfd_attempt-3/logs/report.html"": ""f101b3f1-9ca7-4ead-b923-41af49c8995b"", ""derivatives/dandiset-001072/sub-Godzilla/sub-Godzilla_ecephys/pipeline-aind+ephys/version-v1.2.4_codebase-v0.3.49_params-1cbdbee_config-7940dfd_attempt-3/logs/timeline.html"": ""6f953492-4e7a-428d-9ebb-6b61a33198a7"", ""derivatives/dandiset-001072/sub-Godzilla/sub-Godzilla_ecephys/pipeline-aind+ephys/version-v1.2.4_codebase-v0.3.49_params-1cbdbee_config-7940dfd_attempt-3/logs/trace.txt"": ""11ef8a2f-14e9-432e-b2aa-b40f286738c2""}"	2026-09-08T17:56:15.494593-04:00	2026-09-08T17:56:16.877269-04:00
001073	sub-Godzilla-0-STD/sub-Godzilla-0-STD_ses-LITMUS-Rat-0-STD_ecephys.nwb	aind+ephys	v1.2.2	1cbdbee	0d4bf36	1	v0.3.27	8376e8fa-ad58-4cb3-9ba7-f65adcb971e8	165183476	True	True	False	True	"{""derivatives/dandiset-001073/sub-Godzilla-0-STD/sub-Godzilla-0-STD_ses-LITMUS-Rat-0-STD_ecephys/pipeline-aind+ephys/version-v1.2.2_codebase-v0.3.27_params-1cbdbee_config-0d4bf36_attempt-1/dataset_description.json"": ""8acb0626-2e48-416f-8667-08b3d209501c""}"		"{""derivatives/dandiset-001073/sub-Godzilla-0-STD/sub-Godzilla-0-STD_ses-LITMUS-Rat-0-STD_ecephys/pipeline-aind+ephys/version-v1.2.2_codebase-v0.3.27_params-1cbdbee_config-0d4bf36_attempt-1/logs/dag.html"": ""374d93d6-f54a-49e3-9bd4-23cc49c2e489"", ""derivatives/dandiset-001073/sub-Godzilla-0-STD/sub-Godzilla-0-STD_ses-LITMUS-Rat-0-STD_ecephys/pipeline-aind+ephys/version-v1.2.2_codebase-v0.3.27_params-1cbdbee_config-0d4bf36_attempt-1/logs/job-15835089_slurm.log"": ""b47d9d89-5b25-455d-8f67-7d1643484f51"", ""derivatives/dandiset-001073/sub-Godzilla-0-STD/sub-Godzilla-0-STD_ses-LITMUS-Rat-0-STD_ecephys/pipeline-aind+ephys/version-v1.2.2_codebase-v0.3.27_params-1cbdbee_config-0d4bf36_attempt-1/logs/nextflow.log"": ""316524e0-a96b-41f0-88a1-7b4ea6a33705"", ""derivatives/dandiset-001073/sub-Godzilla-0-STD/sub-Godzilla-0-STD_ses-LITMUS-Rat-0-STD_ecephys/pipeline-aind+ephys/version-v1.2.2_codebase-v0.3.27_params-1cbdbee_config-0d4bf36_attempt-1/logs/report.html"": ""0668cac8-7ac6-4ef4-9157-4f36bd9a52a3"", ""derivatives/dandiset-001073/sub-Godzilla-0-STD/sub-Godzilla-0-STD_ses-LITMUS-Rat-0-STD_ecephys/pipeline-aind+ephys/version-v1.2.2_codebase-v0.3.27_params-1cbdbee_config-0d4bf36_attempt-1/logs/timeline.html"": ""63a29bef-016e-44c0-b819-27e7e8a29c89"", ""derivatives/dandiset-001073/sub-Godzilla-0-STD/sub-Godzilla-0-STD_ses-LITMUS-Rat-0-STD_ecephys/pipeline-aind+ephys/version-v1.2.2_codebase-v0.3.27_params-1cbdbee_config-0d4bf36_attempt-1/logs/trace.txt"": ""8ffb477c-785a-44d5-88ec-249c34fc4c75""}"	2026-09-08T17:56:28.352646-04:00	2026-09-08T17:56:29.709208-04:00
001073	sub-Godzilla-2-STD/sub-Godzilla-2-STD_ses-LITMUS-Rat-2-STD_ecephys.nwb	aind+ephys	v1.2.2	1cbdbee	7940dfd	1	v0.3.28	7c7c16d2-1ce8-47ac-af54-cf9633ec880d	165256732	True	True	False	True	"{""derivatives/dandiset-001073/sub-Godzilla-2-STD/sub-Godzilla-2-STD_ses-LITMUS-Rat-2-STD_ecephys/pipeline-aind+ephys/version-v1.2.2_codebase-v0.3.28_params-1cbdbee_config-7940dfd_attempt-1/dataset_description.json"": ""124931e3-59c2-47ff-a3b6-bb45e69573ed""}"		"{""derivatives/dandiset-001073/sub-Godzilla-2-STD/sub-Godzilla-2-STD_ses-LITMUS-Rat-2-STD_ecephys/pipeline-aind+ephys/version-v1.2.2_codebase-v0.3.28_params-1cbdbee_config-7940dfd_attempt-1/logs/dag.html"": ""374d93d6-f54a-49e3-9bd4-23cc49c2e489"", ""derivatives/dandiset-001073/sub-Godzilla-2-STD/sub-Godzilla-2-STD_ses-LITMUS-Rat-2-STD_ecephys/pipeline-aind+ephys/version-v1.2.2_codebase-v0.3.28_params-1cbdbee_config-7940dfd_attempt-1/logs/job-15835935_slurm.log"": ""2c65258b-378c-40f2-8878-98f91fc366f4"", ""derivatives/dandiset-001073/sub-Godzilla-2-STD/sub-Godzilla-2-STD_ses-LITMUS-Rat-2-STD_ecephys/pipeline-aind+ephys/version-v1.2.2_codebase-v0.3.28_params-1cbdbee_config-7940dfd_attempt-1/logs/nextflow.log"": ""0587c5f2-9488-4fb5-a5ca-1d6710cee52f"", ""derivatives/dandiset-001073/sub-Godzilla-2-STD/sub-Godzilla-2-STD_ses-LITMUS-Rat-2-STD_ecephys/pipeline-aind+ephys/version-v1.2.2_codebase-v0.3.28_params-1cbdbee_config-7940dfd_attempt-1/logs/report.html"": ""2b691fc1-f647-4418-b42f-ea67e116f919"", ""derivatives/dandiset-001073/sub-Godzilla-2-STD/sub-Godzilla-2-STD_ses-LITMUS-Rat-2-STD_ecephys/pipeline-aind+ephys/version-v1.2.2_codebase-v0.3.28_params-1cbdbee_config-7940dfd_attempt-1/logs/timeline.html"": ""3dffd034-5c42-4c2f-a114-e8c4578ab326"", ""derivatives/dandiset-001073/sub-Godzilla-2-STD/sub-Godzilla-2-STD_ses-LITMUS-Rat-2-STD_ecephys/pipeline-aind+ephys/version-v1.2.2_codebase-v0.3.28_params-1cbdbee_config-7940dfd_attempt-1/logs/trace.txt"": ""08b8f202-c238-4434-ac33-d4bbbd533bea""}"	2026-09-08T17:56:44.528178-04:00	2026-09-08T17:56:46.030380-04:00
001073	sub-Godzilla-2-STD/sub-Godzilla-2-STD_ses-LITMUS-Rat-2-STD_ecephys.nwb	aind+ephys	v1.2.4	1cbdbee	7940dfd	1	v0.3.49	7c7c16d2-1ce8-47ac-af54-cf9633ec880d	165256732	True	True	False	True	"{""derivatives/dandiset-001073/sub-Godzilla-2-STD/sub-Godzilla-2-STD_ses-LITMUS-Rat-2-STD_ecephys/pipeline-aind+ephys/version-v1.2.4_codebase-v0.3.49_params-1cbdbee_config-7940dfd_attempt-1/dataset_description.json"": ""9fceb64f-aacb-4918-a287-87df36e9a3e4""}"		"{""derivatives/dandiset-001073/sub-Godzilla-2-STD/sub-Godzilla-2-STD_ses-LITMUS-Rat-2-STD_ecephys/pipeline-aind+ephys/version-v1.2.4_codebase-v0.3.49_params-1cbdbee_config-7940dfd_attempt-1/logs/dag.html"": ""374d93d6-f54a-49e3-9bd4-23cc49c2e489"", ""derivatives/dandiset-001073/sub-Godzilla-2-STD/sub-Godzilla-2-STD_ses-LITMUS-Rat-2-STD_ecephys/pipeline-aind+ephys/version-v1.2.4_codebase-v0.3.49_params-1cbdbee_config-7940dfd_attempt-1/logs/job-17735366_slurm.log"": ""45e7f25e-e723-4685-9326-d1e31ef110d7"", ""derivatives/dandiset-001073/sub-Godzilla-2-STD/sub-Godzilla-2-STD_ses-LITMUS-Rat-2-STD_ecephys/pipeline-aind+ephys/version-v1.2.4_codebase-v0.3.49_params-1cbdbee_config-7940dfd_attempt-1/logs/nextflow.log"": ""b460f8cc-f2a6-4309-a328-a32e3b90a37f"", ""derivatives/dandiset-001073/sub-Godzilla-2-STD/sub-Godzilla-2-STD_ses-LITMUS-Rat-2-STD_ecephys/pipeline-aind+ephys/version-v1.2.4_codebase-v0.3.49_params-1cbdbee_config-7940dfd_attempt-1/logs/report.html"": ""8f90ed3f-140a-4733-86d8-7e36426ba433"", ""derivatives/dandiset-001073/sub-Godzilla-2-STD/sub-Godzilla-2-STD_ses-LITMUS-Rat-2-STD_ecephys/pipeline-aind+ephys/version-v1.2.4_codebase-v0.3.49_params-1cbdbee_config-7940dfd_attempt-1/logs/timeline.html"": ""8fc61467-00a1-4723-b4ac-9c26db8f6d3b"", ""derivatives/dandiset-001073/sub-Godzilla-2-STD/sub-Godzilla-2-STD_ses-LITMUS-Rat-2-STD_ecephys/pipeline-aind+ephys/version-v1.2.4_codebase-v0.3.49_params-1cbdbee_config-7940dfd_attempt-1/logs/trace.txt"": ""35560e69-7422-44b7-91e9-e3437dbeb117""}"	2026-09-08T17:56:57.153960-04:00	2026-09-08T17:56:58.426147-04:00
001073	sub-Godzilla-4-STD/sub-Godzilla-4-STD_ses-LITMUS-Rat-4-STD_ecephys.nwb	aind+ephys	v1.2.2	1cbdbee	7940dfd	1	v0.3.28	b569e25e-b0ab-4933-a0fa-f1933582fa31	165460020	True	True	False	True	"{""derivatives/dandiset-001073/sub-Godzilla-4-STD/sub-Godzilla-4-STD_ses-LITMUS-Rat-4-STD_ecephys/pipeline-aind+ephys/version-v1.2.2_codebase-v0.3.28_params-1cbdbee_config-7940dfd_attempt-1/dataset_description.json"": ""124931e3-59c2-47ff-a3b6-bb45e69573ed""}"		"{""derivatives/dandiset-001073/sub-Godzilla-4-STD/sub-Godzilla-4-STD_ses-LITMUS-Rat-4-STD_ecephys/pipeline-aind+ephys/version-v1.2.2_codebase-v0.3.28_params-1cbdbee_config-7940dfd_attempt-1/logs/dag.html"": ""374d93d6-f54a-49e3-9bd4-23cc49c2e489"", ""derivatives/dandiset-001073/sub-Godzilla-4-STD/sub-Godzilla-4-STD_ses-LITMUS-Rat-4-STD_ecephys/pipeline-aind+ephys/version-v1.2.2_codebase-v0.3.28_params-1cbdbee_config-7940dfd_attempt-1/logs/job-15835939_slurm.log"": ""19a1a2e2-6ae8-4aed-ab50-f957ebf74ea5"", ""derivatives/dandiset-001073/sub-Godzilla-4-STD/sub-Godzilla-4-STD_ses-LITMUS-Rat-4-STD_ecephys/pipeline-aind+ephys/version-v1.2.2_codebase-v0.3.28_params-1cbdbee_config-7940dfd_attempt-1/logs/nextflow.log"": ""f3922400-d03e-419d-bef6-8ff4a6237f6f"", ""derivatives/dandiset-001073/sub-Godzilla-4-STD/sub-Godzilla-4-STD_ses-LITMUS-Rat-4-STD_ecephys/pipeline-aind+ephys/version-v1.2.2_codebase-v0.3.28_params-1cbdbee_config-7940dfd_attempt-1/logs/report.html"": ""f3e64448-1ea1-4da4-8a70-b1c1ed34a76c"", ""derivatives/dandiset-001073/sub-Godzilla-4-STD/sub-Godzilla-4-STD_ses-LITMUS-Rat-4-STD_ecephys/pipeline-aind+ephys/version-v1.2.2_codebase-v0.3.28_params-1cbdbee_config-7940dfd_attempt-1/logs/timeline.html"": ""9aecdeb5-cb10-48f5-a3f8-f50136be81a7"", ""derivatives/dandiset-001073/sub-Godzilla-4-STD/sub-Godzilla-4-STD_ses-LITMUS-Rat-4-STD_ecephys/pipeline-aind+ephys/version-v1.2.2_codebase-v0.3.28_params-1cbdbee_config-7940dfd_attempt-1/logs/trace.txt"": ""77bcbc49-1fef-4b81-8a1c-f9d6956d92f4""}"	2026-09-08T17:57:10.657773-04:00	2026-09-08T17:57:11.907680-04:00
001073	sub-Godzilla-4-STD/sub-Godzilla-4-STD_ses-LITMUS-Rat-4-STD_ecephys.nwb	aind+ephys	v1.2.4	1cbdbee	7940dfd	1	v0.3.49	b569e25e-b0ab-4933-a0fa-f1933582fa31	165460020	True	True	False	True	"{""derivatives/dandiset-001073/sub-Godzilla-4-STD/sub-Godzilla-4-STD_ses-LITMUS-Rat-4-STD_ecephys/pipeline-aind+ephys/version-v1.2.4_codebase-v0.3.49_params-1cbdbee_config-7940dfd_attempt-1/dataset_description.json"": ""9fceb64f-aacb-4918-a287-87df36e9a3e4""}"		"{""derivatives/dandiset-001073/sub-Godzilla-4-STD/sub-Godzilla-4-STD_ses-LITMUS-Rat-4-STD_ecephys/pipeline-aind+ephys/version-v1.2.4_codebase-v0.3.49_params-1cbdbee_config-7940dfd_attempt-1/logs/dag.html"": ""374d93d6-f54a-49e3-9bd4-23cc49c2e489"", ""derivatives/dandiset-001073/sub-Godzilla-4-STD/sub-Godzilla-4-STD_ses-LITMUS-Rat-4-STD_ecephys/pipeline-aind+ephys/version-v1.2.4_codebase-v0.3.49_params-1cbdbee_config-7940dfd_attempt-1/logs/job-17602143_slurm.log"": ""af63af3f-d419-48a9-915b-4f68423c639e"", ""derivatives/dandiset-001073/sub-Godzilla-4-STD/sub-Godzilla-4-STD_ses-LITMUS-Rat-4-STD_ecephys/pipeline-aind+ephys/version-v1.2.4_codebase-v0.3.49_params-1cbdbee_config-7940dfd_attempt-1/logs/nextflow.log"": ""a012e74a-bdb2-48c4-a428-c3f02cc4ad16"", ""derivatives/dandiset-001073/sub-Godzilla-4-STD/sub-Godzilla-4-STD_ses-LITMUS-Rat-4-STD_ecephys/pipeline-aind+ephys/version-v1.2.4_codebase-v0.3.49_params-1cbdbee_config-7940dfd_attempt-1/logs/report.html"": ""6c4d25e5-32eb-45ff-91be-213e929e83c7"", ""derivatives/dandiset-001073/sub-Godzilla-4-STD/sub-Godzilla-4-STD_ses-LITMUS-Rat-4-STD_ecephys/pipeline-aind+ephys/version-v1.2.4_codebase-v0.3.49_params-1cbdbee_config-7940dfd_attempt-1/logs/timeline.html"": ""7b56fc12-4278-4a77-8481-c026102e0d08"", ""derivatives/dandiset-001073/sub-Godzilla-4-STD/sub-Godzilla-4-STD_ses-LITMUS-Rat-4-STD_ecephys/pipeline-aind+ephys/version-v1.2.4_codebase-v0.3.49_params-1cbdbee_config-7940dfd_attempt-1/logs/trace.txt"": ""c74e2363-468a-45de-8c99-e35950c02985""}"	2026-09-08T17:57:22.851732-04:00	2026-09-08T17:57:24.132169-04:00
001073	sub-Godzilla-4-STD/sub-Godzilla-4-STD_ses-LITMUS-Rat-4-STD_ecephys.nwb	aind+ephys	v1.2.4	1cbdbee	7940dfd	2	v0.3.49	b569e25e-b0ab-4933-a0fa-f1933582fa31	165460020	True	True	False	True	"{""derivatives/dandiset-001073/sub-Godzilla-4-STD/sub-Godzilla-4-STD_ses-LITMUS-Rat-4-STD_ecephys/pipeline-aind+ephys/version-v1.2.4_codebase-v0.3.49_params-1cbdbee_config-7940dfd_attempt-2/dataset_description.json"": ""9fceb64f-aacb-4918-a287-87df36e9a3e4""}"		"{""derivatives/dandiset-001073/sub-Godzilla-4-STD/sub-Godzilla-4-STD_ses-LITMUS-Rat-4-STD_ecephys/pipeline-aind+ephys/version-v1.2.4_codebase-v0.3.49_params-1cbdbee_config-7940dfd_attempt-2/logs/dag.html"": ""374d93d6-f54a-49e3-9bd4-23cc49c2e489"", ""derivatives/dandiset-001073/sub-Godzilla-4-STD/sub-Godzilla-4-STD_ses-LITMUS-Rat-4-STD_ecephys/pipeline-aind+ephys/version-v1.2.4_codebase-v0.3.49_params-1cbdbee_config-7940dfd_attempt-2/logs/job-17602329_slurm.log"": ""0e284071-81ca-4263-9861-78065117f796"", ""derivatives/dandiset-001073/sub-Godzilla-4-STD/sub-Godzilla-4-STD_ses-LITMUS-Rat-4-STD_ecephys/pipeline-aind+ephys/version-v1.2.4_codebase-v0.3.49_params-1cbdbee_config-7940dfd_attempt-2/logs/nextflow.log"": ""b359bcfc-c054-4807-b69e-06705e7df9ab"", ""derivatives/dandiset-001073/sub-Godzilla-4-STD/sub-Godzilla-4-STD_ses-LITMUS-Rat-4-STD_ecephys/pipeline-aind+ephys/version-v1.2.4_codebase-v0.3.49_params-1cbdbee_config-7940dfd_attempt-2/logs/report.html"": ""278a8615-e5d4-45c4-b21f-9491adc03366"", ""derivatives/dandiset-001073/sub-Godzilla-4-STD/sub-Godzilla-4-STD_ses-LITMUS-Rat-4-STD_ecephys/pipeline-aind+ephys/version-v1.2.4_codebase-v0.3.49_params-1cbdbee_config-7940dfd_attempt-2/logs/timeline.html"": ""f1ee3854-4431-44a7-aeaa-63758a174c23"", ""derivatives/dandiset-001073/sub-Godzilla-4-STD/sub-Godzilla-4-STD_ses-LITMUS-Rat-4-STD_ecephys/pipeline-aind+ephys/version-v1.2.4_codebase-v0.3.49_params-1cbdbee_config-7940dfd_attempt-2/logs/trace.txt"": ""a89172e2-950a-4974-b7d7-b83cc24b60ce""}"	2026-09-08T17:57:35.889585-04:00	2026-09-08T17:57:37.234007-04:00
001132	sub-10F-4/sub-10F-4_ses-20240928T165229_ecephys.nwb	aind+ephys	v1.2.2	1cbdbee	7940dfd	1	v0.3.34	ed335c05-781d-4fa0-87a4-f16dd4aae493	4068167088	True	True	False	True	"{""derivatives/dandiset-001132/sub-10F-4/sub-10F-4_ses-20240928T165229_ecephys/pipeline-aind+ephys/version-v1.2.2_codebase-v0.3.34_params-1cbdbee_config-7940dfd_attempt-1/dataset_description.json"": ""f4073d51-6d21-4fd1-8e1a-80364b3170ef""}"		"{""derivatives/dandiset-001132/sub-10F-4/sub-10F-4_ses-20240928T165229_ecephys/pipeline-aind+ephys/version-v1.2.2_codebase-v0.3.34_params-1cbdbee_config-7940dfd_attempt-1/logs/dag.html"": ""374d93d6-f54a-49e3-9bd4-23cc49c2e489"", ""derivatives/dandiset-001132/sub-10F-4/sub-10F-4_ses-20240928T165229_ecephys/pipeline-aind+ephys/version-v1.2.2_codebase-v0.3.34_params-1cbdbee_config-7940dfd_attempt-1/logs/job-15945202_slurm.log"": ""775e826b-f048-4361-b940-1f8e7360d3cf"", ""derivatives/dandiset-001132/sub-10F-4/sub-10F-4_ses-20240928T165229_ecephys/pipeline-aind+ephys/version-v1.2.2_codebase-v0.3.34_params-1cbdbee_config-7940dfd_attempt-1/logs/nextflow.log"": ""8e324532-5cb2-4d53-ba16-4ca6d783c828"", ""derivatives/dandiset-001132/sub-10F-4/sub-10F-4_ses-20240928T165229_ecephys/pipeline-aind+ephys/version-v1.2.2_codebase-v0.3.34_params-1cbdbee_config-7940dfd_attempt-1/logs/report.html"": ""dd0177b6-c11d-437c-aaac-dfbea0168ffc"", ""derivatives/dandiset-001132/sub-10F-4/sub-10F-4_ses-20240928T165229_ecephys/pipeline-aind+ephys/version-v1.2.2_codebase-v0.3.34_params-1cbdbee_config-7940dfd_attempt-1/logs/timeline.html"": ""d52ab8be-ad5a-4c3e-92ec-8fdf13ede150"", ""derivatives/dandiset-001132/sub-10F-4/sub-10F-4_ses-20240928T165229_ecephys/pipeline-aind+ephys/version-v1.2.2_codebase-v0.3.34_params-1cbdbee_config-7940dfd_attempt-1/logs/trace.txt"": ""f65eec64-afdb-4e5a-8340-7fb3ee7b6357""}"	2026-09-08T17:57:48.452015-04:00	2026-09-08T17:57:49.750991-04:00
001132	sub-10F-5/sub-10F-5_ses-20240928T165424_ecephys.nwb	aind+ephys	v1.2.4	1cbdbee	7940dfd	1	v0.3.46	09e74c10-3a67-46e4-a7ff-17c5a5c11b28	4208889800	True	True	False	False	"{""derivatives/dandiset-001132/sub-10F-5/sub-10F-5_ses-20240928T165424_ecephys/pipeline-aind+ephys/version-v1.2.4_codebase-v0.3.46_params-1cbdbee_config-7940dfd_attempt-1/dataset_description.json"": ""64d71046-4301-4a82-a38b-5e38afcebda0""}"			2026-09-09T09:31:16.326219-04:00	
001132	sub-10F-8/sub-10F-8_ses-20240928T165425_ecephys.nwb	aind+ephys	v1.2.4	1cbdbee	7940dfd	1	v0.3.46	fd36e552-b00b-424d-9cfd-bbbb36acefa4	5084470456	True	True	False	True	"{""derivatives/dandiset-001132/sub-10F-8/sub-10F-8_ses-20240928T165425_ecephys/pipeline-aind+ephys/version-v1.2.4_codebase-v0.3.46_params-1cbdbee_config-7940dfd_attempt-1/dataset_description.json"": ""64d71046-4301-4a82-a38b-5e38afcebda0""}"		"{""derivatives/dandiset-001132/sub-10F-8/sub-10F-8_ses-20240928T165425_ecephys/pipeline-aind+ephys/version-v1.2.4_codebase-v0.3.46_params-1cbdbee_config-7940dfd_attempt-1/logs/dag.html"": ""374d93d6-f54a-49e3-9bd4-23cc49c2e489"", ""derivatives/dandiset-001132/sub-10F-8/sub-10F-8_ses-20240928T165425_ecephys/pipeline-aind+ephys/version-v1.2.4_codebase-v0.3.46_params-1cbdbee_config-7940dfd_attempt-1/logs/job-16642993_slurm.log"": ""3fb212eb-7751-41cd-9fbb-13749b0b2346"", ""derivatives/dandiset-001132/sub-10F-8/sub-10F-8_ses-20240928T165425_ecephys/pipeline-aind+ephys/version-v1.2.4_codebase-v0.3.46_params-1cbdbee_config-7940dfd_attempt-1/logs/nextflow.log"": ""1c18f315-59d5-42a1-89b5-59fe02477675"", ""derivatives/dandiset-001132/sub-10F-8/sub-10F-8_ses-20240928T165425_ecephys/pipeline-aind+ephys/version-v1.2.4_codebase-v0.3.46_params-1cbdbee_config-7940dfd_attempt-1/logs/report.html"": ""efd6a723-f8a7-4bf6-abcc-3cf6167d0006"", ""derivatives/dandiset-001132/sub-10F-8/sub-10F-8_ses-20240928T165425_ecephys/pipeline-aind+ephys/version-v1.2.4_codebase-v0.3.46_params-1cbdbee_config-7940dfd_attempt-1/logs/timeline.html"": ""decb31d5-e202-4ae2-864f-618ca199296b"", ""derivatives/dandiset-001132/sub-10F-8/sub-10F-8_ses-20240928T165425_ecephys/pipeline-aind+ephys/version-v1.2.4_codebase-v0.3.46_params-1cbdbee_config-7940dfd_attempt-1/logs/trace.txt"": ""00f02be4-5573-4ef9-a76d-097cd3c259b1""}"	2026-09-08T17:58:00.465360-04:00	2026-09-08T17:58:01.950447-04:00
001132	sub-12G-2/sub-12G-2_ses-20240928T165429_ecephys.nwb	aind+ephys	v1.2.4	1cbdbee	7940dfd	1	v0.3.46	9fa43399-d412-416f-b407-579a7d4ad76f	6308587650	True	True	False	True	"{""derivatives/dandiset-001132/sub-12G-2/sub-12G-2_ses-20240928T165429_ecephys/pipeline-aind+ephys/version-v1.2.4_codebase-v0.3.46_params-1cbdbee_config-7940dfd_attempt-1/dataset_description.json"": ""64d71046-4301-4a82-a38b-5e38afcebda0""}"		"{""derivatives/dandiset-001132/sub-12G-2/sub-12G-2_ses-20240928T165429_ecephys/pipeline-aind+ephys/version-v1.2.4_codebase-v0.3.46_params-1cbdbee_config-7940dfd_attempt-1/logs/dag.html"": ""374d93d6-f54a-49e3-9bd4-23cc49c2e489"", ""derivatives/dandiset-001132/sub-12G-2/sub-12G-2_ses-20240928T165429_ecephys/pipeline-aind+ephys/version-v1.2.4_codebase-v0.3.46_params-1cbdbee_config-7940dfd_attempt-1/logs/job-16662305_slurm.log"": ""93cfa9cd-a73c-4cb0-9921-b2bf778b85a0"", ""derivatives/dandiset-001132/sub-12G-2/sub-12G-2_ses-20240928T165429_ecephys/pipeline-aind+ephys/version-v1.2.4_codebase-v0.3.46_params-1cbdbee_config-7940dfd_attempt-1/logs/nextflow.log"": ""10cfb2ce-02f7-4852-b04f-114e61218c33"", ""derivatives/dandiset-001132/sub-12G-2/sub-12G-2_ses-20240928T165429_ecephys/pipeline-aind+ephys/version-v1.2.4_codebase-v0.3.46_params-1cbdbee_config-7940dfd_attempt-1/logs/report.html"": ""808fb22e-4a2a-462c-bc62-91e272dcc9a3"", ""derivatives/dandiset-001132/sub-12G-2/sub-12G-2_ses-20240928T165429_ecephys/pipeline-aind+ephys/version-v1.2.4_codebase-v0.3.46_params-1cbdbee_config-7940dfd_attempt-1/logs/timeline.html"": ""94b2727d-003b-44d7-9c84-fcec4d43f31e"", ""derivatives/dandiset-001132/sub-12G-2/sub-12G-2_ses-20240928T165429_ecephys/pipeline-aind+ephys/version-v1.2.4_codebase-v0.3.46_params-1cbdbee_config-7940dfd_attempt-1/logs/trace.txt"": ""9a5fe4fa-faac-43cf-af80-5b2f6247bf8e""}"	2026-09-08T17:58:15.273792-04:00	2026-09-08T17:58:16.689895-04:00
001132	sub-1A-0/sub-1A-0_ses-20240928T165245_ecephys.nwb	aind+ephys	v1.2.4	1cbdbee	7940dfd	1	v0.3.49	12ffdce1-a7ad-4cb9-a0fd-87e2bbe9dc9e	5262620930	True	True	False	True	"{""derivatives/dandiset-001132/sub-1A-0/sub-1A-0_ses-20240928T165245_ecephys/pipeline-aind+ephys/version-v1.2.4_codebase-v0.3.49_params-1cbdbee_config-7940dfd_attempt-1/dataset_description.json"": ""785a2e2d-f476-4c79-a407-565da7c2aadd""}"		"{""derivatives/dandiset-001132/sub-1A-0/sub-1A-0_ses-20240928T165245_ecephys/pipeline-aind+ephys/version-v1.2.4_codebase-v0.3.49_params-1cbdbee_config-7940dfd_attempt-1/logs/dag.html"": ""374d93d6-f54a-49e3-9bd4-23cc49c2e489"", ""derivatives/dandiset-001132/sub-1A-0/sub-1A-0_ses-20240928T165245_ecephys/pipeline-aind+ephys/version-v1.2.4_codebase-v0.3.49_params-1cbdbee_config-7940dfd_attempt-1/logs/job-17812423_slurm.log"": ""43e47266-1239-4329-bab7-526ee24b4417"", ""derivatives/dandiset-001132/sub-1A-0/sub-1A-0_ses-20240928T165245_ecephys/pipeline-aind+ephys/version-v1.2.4_codebase-v0.3.49_params-1cbdbee_config-7940dfd_attempt-1/logs/nextflow.log"": ""5b9fab3b-eb33-4c70-bb4b-a4642e36ce2b"", ""derivatives/dandiset-001132/sub-1A-0/sub-1A-0_ses-20240928T165245_ecephys/pipeline-aind+ephys/version-v1.2.4_codebase-v0.3.49_params-1cbdbee_config-7940dfd_attempt-1/logs/report.html"": ""03210f99-a593-4286-9815-efa6b96b5f35"", ""derivatives/dandiset-001132/sub-1A-0/sub-1A-0_ses-20240928T165245_ecephys/pipeline-aind+ephys/version-v1.2.4_codebase-v0.3.49_params-1cbdbee_config-7940dfd_attempt-1/logs/timeline.html"": ""54e0f1af-f20f-4ea1-8e76-24cb64c5211a"", ""derivatives/dandiset-001132/sub-1A-0/sub-1A-0_ses-20240928T165245_ecephys/pipeline-aind+ephys/version-v1.2.4_codebase-v0.3.49_params-1cbdbee_config-7940dfd_attempt-1/logs/trace.txt"": ""980d3af0-a09f-4354-b12a-e6411c4325a4""}"	2026-09-08T17:58:29.173510-04:00	2026-09-08T17:58:30.639177-04:00
001132	sub-2B-0/sub-2B-0_ses-20240928T165049_ecephys.nwb	aind+ephys	v1.2.2	1cbdbee	7940dfd	1	v0.3.28	c822d0f0-c6bf-451c-8e7c-fd48134742ba	2179439801	True	True	False	True	"{""derivatives/dandiset-001132/sub-2B-0/sub-2B-0_ses-20240928T165049_ecephys/pipeline-aind+ephys/version-v1.2.2_codebase-v0.3.28_params-1cbdbee_config-7940dfd_attempt-1/dataset_description.json"": ""aebc9e83-7ab4-4cfe-ba36-834d7c311f29""}"		"{""derivatives/dandiset-001132/sub-2B-0/sub-2B-0_ses-20240928T165049_ecephys/pipeline-aind+ephys/version-v1.2.2_codebase-v0.3.28_params-1cbdbee_config-7940dfd_attempt-1/logs/dag.html"": ""374d93d6-f54a-49e3-9bd4-23cc49c2e489"", ""derivatives/dandiset-001132/sub-2B-0/sub-2B-0_ses-20240928T165049_ecephys/pipeline-aind+ephys/version-v1.2.2_codebase-v0.3.28_params-1cbdbee_config-7940dfd_attempt-1/logs/job-15836563_slurm.log"": ""67138364-5c70-40d2-847c-dd2a52855d11"", ""derivatives/dandiset-001132/sub-2B-0/sub-2B-0_ses-20240928T165049_ecephys/pipeline-aind+ephys/version-v1.2.2_codebase-v0.3.28_params-1cbdbee_config-7940dfd_attempt-1/logs/nextflow.log"": ""a9f72fda-a759-4323-a6ad-12e4c8e3bf82"", ""derivatives/dandiset-001132/sub-2B-0/sub-2B-0_ses-20240928T165049_ecephys/pipeline-aind+ephys/version-v1.2.2_codebase-v0.3.28_params-1cbdbee_config-7940dfd_attempt-1/logs/report.html"": ""9ff8b43a-5d57-47b8-9435-a29d72e08169"", ""derivatives/dandiset-001132/sub-2B-0/sub-2B-0_ses-20240928T165049_ecephys/pipeline-aind+ephys/version-v1.2.2_codebase-v0.3.28_params-1cbdbee_config-7940dfd_attempt-1/logs/timeline.html"": ""ca745196-4600-4603-9230-f5ea00228416"", ""derivatives/dandiset-001132/sub-2B-0/sub-2B-0_ses-20240928T165049_ecephys/pipeline-aind+ephys/version-v1.2.2_codebase-v0.3.28_params-1cbdbee_config-7940dfd_attempt-1/logs/trace.txt"": ""5e43d7f9-2226-47ba-a61e-08154dcf3522""}"	2026-09-08T17:58:43.870596-04:00	2026-09-08T17:58:45.393727-04:00
001132	sub-3C-4/sub-3C-4_ses-20240928T165422_ecephys.nwb	aind+ephys	v1.2.2	1cbdbee	0d4bf36	1	v0.3.27	8350cc2f-606f-4ea2-9264-f3a3619ae063	759159085	True	True	False	True	"{""derivatives/dandiset-001132/sub-3C-4/sub-3C-4_ses-20240928T165422_ecephys/pipeline-aind+ephys/version-v1.2.2_codebase-v0.3.27_params-1cbdbee_config-0d4bf36_attempt-1/dataset_description.json"": ""b35c08c9-2ca9-490d-ac12-e52607df2fd7""}"		"{""derivatives/dandiset-001132/sub-3C-4/sub-3C-4_ses-20240928T165422_ecephys/pipeline-aind+ephys/version-v1.2.2_codebase-v0.3.27_params-1cbdbee_config-0d4bf36_attempt-1/logs/dag.html"": ""374d93d6-f54a-49e3-9bd4-23cc49c2e489"", ""derivatives/dandiset-001132/sub-3C-4/sub-3C-4_ses-20240928T165422_ecephys/pipeline-aind+ephys/version-v1.2.2_codebase-v0.3.27_params-1cbdbee_config-0d4bf36_attempt-1/logs/job-15836603_slurm.log"": ""ec82ff36-c902-458a-a509-0b3701c61828"", ""derivatives/dandiset-001132/sub-3C-4/sub-3C-4_ses-20240928T165422_ecephys/pipeline-aind+ephys/version-v1.2.2_codebase-v0.3.27_params-1cbdbee_config-0d4bf36_attempt-1/logs/nextflow.log"": ""9f6249ec-cacb-4104-86f6-cbdf4ac23983"", ""derivatives/dandiset-001132/sub-3C-4/sub-3C-4_ses-20240928T165422_ecephys/pipeline-aind+ephys/version-v1.2.2_codebase-v0.3.27_params-1cbdbee_config-0d4bf36_attempt-1/logs/report.html"": ""fbc6e1fe-eee6-43a7-a31e-64185c732fab"", ""derivatives/dandiset-001132/sub-3C-4/sub-3C-4_ses-20240928T165422_ecephys/pipeline-aind+ephys/version-v1.2.2_codebase-v0.3.27_params-1cbdbee_config-0d4bf36_attempt-1/logs/timeline.html"": ""9ed5879f-3bf6-49a7-83af-9cdfaca50751"", ""derivatives/dandiset-001132/sub-3C-4/sub-3C-4_ses-20240928T165422_ecephys/pipeline-aind+ephys/version-v1.2.2_codebase-v0.3.27_params-1cbdbee_config-0d4bf36_attempt-1/logs/trace.txt"": ""a5ce64bb-9a8a-49c6-b564-6b0fc8c35b32""}"	2026-09-08T17:58:55.872589-04:00	2026-09-08T17:58:57.073602-04:00
001132	sub-4C-2/sub-4C-2_ses-20240928T164959_ecephys.nwb	aind+ephys	v1.2.2	1cbdbee	7940dfd	1	v0.3.28	7ad6499d-9e37-40e6-bab9-33c059fd8a24	1879800265	True	True	False	True	"{""derivatives/dandiset-001132/sub-4C-2/sub-4C-2_ses-20240928T164959_ecephys/pipeline-aind+ephys/version-v1.2.2_codebase-v0.3.28_params-1cbdbee_config-7940dfd_attempt-1/dataset_description.json"": ""aebc9e83-7ab4-4cfe-ba36-834d7c311f29""}"		"{""derivatives/dandiset-001132/sub-4C-2/sub-4C-2_ses-20240928T164959_ecephys/pipeline-aind+ephys/version-v1.2.2_codebase-v0.3.28_params-1cbdbee_config-7940dfd_attempt-1/logs/dag.html"": ""374d93d6-f54a-49e3-9bd4-23cc49c2e489"", ""derivatives/dandiset-001132/sub-4C-2/sub-4C-2_ses-20240928T164959_ecephys/pipeline-aind+ephys/version-v1.2.2_codebase-v0.3.28_params-1cbdbee_config-7940dfd_attempt-1/logs/job-15837025_slurm.log"": ""28983321-7599-445a-a040-17d4b29334a6"", ""derivatives/dandiset-001132/sub-4C-2/sub-4C-2_ses-20240928T164959_ecephys/pipeline-aind+ephys/version-v1.2.2_codebase-v0.3.28_params-1cbdbee_config-7940dfd_attempt-1/logs/nextflow.log"": ""88bd339c-2a21-47d2-87c2-04c496d2c03b"", ""derivatives/dandiset-001132/sub-4C-2/sub-4C-2_ses-20240928T164959_ecephys/pipeline-aind+ephys/version-v1.2.2_codebase-v0.3.28_params-1cbdbee_config-7940dfd_attempt-1/logs/report.html"": ""1a15643b-0e66-44e8-84d6-163f5f9a0629"", ""derivatives/dandiset-001132/sub-4C-2/sub-4C-2_ses-20240928T164959_ecephys/pipeline-aind+ephys/version-v1.2.2_codebase-v0.3.28_params-1cbdbee_config-7940dfd_attempt-1/logs/timeline.html"": ""547b3119-b8d6-48c2-97e1-a55fb9e93af3"", ""derivatives/dandiset-001132/sub-4C-2/sub-4C-2_ses-20240928T164959_ecephys/pipeline-aind+ephys/version-v1.2.2_codebase-v0.3.28_params-1cbdbee_config-7940dfd_attempt-1/logs/trace.txt"": ""c3d8be14-1a97-49ff-8580-5ca8ef1495b5""}"	2026-09-08T17:59:07.857688-04:00	2026-09-08T17:59:09.106281-04:00
001132	sub-4C-5/sub-4C-5_ses-20240928T192016_ecephys.nwb	aind+ephys	v1.2.4	1cbdbee	7940dfd	1	v0.3.42	45a212d1-020b-453b-927b-3fd079a029ce	2259636487	True	True	False	True	"{""derivatives/dandiset-001132/sub-4C-5/sub-4C-5_ses-20240928T192016_ecephys/pipeline-aind+ephys/version-v1.2.4_codebase-v0.3.42_params-1cbdbee_config-7940dfd_attempt-1/dataset_description.json"": ""231a0f7b-9d54-4d1c-98ee-60139d821d47""}"		"{""derivatives/dandiset-001132/sub-4C-5/sub-4C-5_ses-20240928T192016_ecephys/pipeline-aind+ephys/version-v1.2.4_codebase-v0.3.42_params-1cbdbee_config-7940dfd_attempt-1/logs/job-16217494_slurm.log"": ""f644baf7-49ac-412d-b3ab-2c95501921d9"", ""derivatives/dandiset-001132/sub-4C-5/sub-4C-5_ses-20240928T192016_ecephys/pipeline-aind+ephys/version-v1.2.4_codebase-v0.3.42_params-1cbdbee_config-7940dfd_attempt-1/logs/nextflow.log"": ""fd071ac5-4ced-4958-9555-25869a458405""}"	2026-06-22T16:37:09.353710-04:00	2026-06-22T16:37:09.984118-04:00
001132	sub-6C-3/sub-6C-3_ses-20240928T165422_ecephys.nwb	aind+ephys	v1.2.2	1cbdbee	7940dfd	1	v0.3.28	f1c0465e-be37-4b22-8ec1-784a32d2b70e	1132975774	True	True	False	True	"{""derivatives/dandiset-001132/sub-6C-3/sub-6C-3_ses-20240928T165422_ecephys/pipeline-aind+ephys/version-v1.2.2_codebase-v0.3.28_params-1cbdbee_config-7940dfd_attempt-1/dataset_description.json"": ""aebc9e83-7ab4-4cfe-ba36-834d7c311f29""}"		"{""derivatives/dandiset-001132/sub-6C-3/sub-6C-3_ses-20240928T165422_ecephys/pipeline-aind+ephys/version-v1.2.2_codebase-v0.3.28_params-1cbdbee_config-7940dfd_attempt-1/logs/dag.html"": ""374d93d6-f54a-49e3-9bd4-23cc49c2e489"", ""derivatives/dandiset-001132/sub-6C-3/sub-6C-3_ses-20240928T165422_ecephys/pipeline-aind+ephys/version-v1.2.2_codebase-v0.3.28_params-1cbdbee_config-7940dfd_attempt-1/logs/job-15837032_slurm.log"": ""97ae21ee-c203-4b19-b773-d1a43094c15f"", ""derivatives/dandiset-001132/sub-6C-3/sub-6C-3_ses-20240928T165422_ecephys/pipeline-aind+ephys/version-v1.2.2_codebase-v0.3.28_params-1cbdbee_config-7940dfd_attempt-1/logs/nextflow.log"": ""fe3d7069-625d-4e07-b93b-420cbb924efc"", ""derivatives/dandiset-001132/sub-6C-3/sub-6C-3_ses-20240928T165422_ecephys/pipeline-aind+ephys/version-v1.2.2_codebase-v0.3.28_params-1cbdbee_config-7940dfd_attempt-1/logs/report.html"": ""6cdabad1-de2e-4ef6-a410-86e26b79f0a6"", ""derivatives/dandiset-001132/sub-6C-3/sub-6C-3_ses-20240928T165422_ecephys/pipeline-aind+ephys/version-v1.2.2_codebase-v0.3.28_params-1cbdbee_config-7940dfd_attempt-1/logs/timeline.html"": ""d1c55ccc-c337-4fbf-a6a6-50cc459e63f1"", ""derivatives/dandiset-001132/sub-6C-3/sub-6C-3_ses-20240928T165422_ecephys/pipeline-aind+ephys/version-v1.2.2_codebase-v0.3.28_params-1cbdbee_config-7940dfd_attempt-1/logs/trace.txt"": ""d71c329f-b8a9-41dd-9ff0-da51a035ce98""}"	2026-09-08T17:59:25.214033-04:00	2026-09-08T17:59:26.742317-04:00
001132	sub-7D-0/sub-7D-0_ses-20240928T165425_ecephys.nwb	aind+ephys	v1.2.4	1cbdbee	7940dfd	1	v0.3.42	8dc65720-245a-4cdb-83e7-c9dad8febf97	3638298341	True	True	False	True	"{""derivatives/dandiset-001132/sub-7D-0/sub-7D-0_ses-20240928T165425_ecephys/pipeline-aind+ephys/version-v1.2.4_codebase-v0.3.42_params-1cbdbee_config-7940dfd_attempt-1/dataset_description.json"": ""231a0f7b-9d54-4d1c-98ee-60139d821d47""}"		"{""derivatives/dandiset-001132/sub-7D-0/sub-7D-0_ses-20240928T165425_ecephys/pipeline-aind+ephys/version-v1.2.4_codebase-v0.3.42_params-1cbdbee_config-7940dfd_attempt-1/logs/job-16256906_slurm.log"": ""e8c80cb8-5379-4dcb-82fa-c7f19c948b36"", ""derivatives/dandiset-001132/sub-7D-0/sub-7D-0_ses-20240928T165425_ecephys/pipeline-aind+ephys/version-v1.2.4_codebase-v0.3.42_params-1cbdbee_config-7940dfd_attempt-1/logs/nextflow.log"": ""3d7745e3-dce6-4321-857b-29ce084054c8""}"	2026-06-22T16:38:35.353389-04:00	2026-06-22T16:38:35.851421-04:00
001132	sub-7D-2/sub-7D-2_ses-20240928T165426_ecephys.nwb	aind+ephys	v1.2.2	1cbdbee	7940dfd	1	v0.3.34	c2e7cdfa-5b24-4da5-9f26-ec02f014a15b	3602992841	True	True	False	True	"{""derivatives/dandiset-001132/sub-7D-2/sub-7D-2_ses-20240928T165426_ecephys/pipeline-aind+ephys/version-v1.2.2_codebase-v0.3.34_params-1cbdbee_config-7940dfd_attempt-1/dataset_description.json"": ""f4073d51-6d21-4fd1-8e1a-80364b3170ef""}"		"{""derivatives/dandiset-001132/sub-7D-2/sub-7D-2_ses-20240928T165426_ecephys/pipeline-aind+ephys/version-v1.2.2_codebase-v0.3.34_params-1cbdbee_config-7940dfd_attempt-1/logs/dag.html"": ""374d93d6-f54a-49e3-9bd4-23cc49c2e489"", ""derivatives/dandiset-001132/sub-7D-2/sub-7D-2_ses-20240928T165426_ecephys/pipeline-aind+ephys/version-v1.2.2_codebase-v0.3.34_params-1cbdbee_config-7940dfd_attempt-1/logs/job-15971461_slurm.log"": ""efa78770-af9c-489f-b5f2-f6cc2cc83840"", ""derivatives/dandiset-001132/sub-7D-2/sub-7D-2_ses-20240928T165426_ecephys/pipeline-aind+ephys/version-v1.2.2_codebase-v0.3.34_params-1cbdbee_config-7940dfd_attempt-1/logs/nextflow.log"": ""b6b8955d-e985-4af3-a1a6-15d8e3f9fcdb"", ""derivatives/dandiset-001132/sub-7D-2/sub-7D-2_ses-20240928T165426_ecephys/pipeline-aind+ephys/version-v1.2.2_codebase-v0.3.34_params-1cbdbee_config-7940dfd_attempt-1/logs/report.html"": ""9b35c109-8e55-4376-8c46-df8b04042ca2"", ""derivatives/dandiset-001132/sub-7D-2/sub-7D-2_ses-20240928T165426_ecephys/pipeline-aind+ephys/version-v1.2.2_codebase-v0.3.34_params-1cbdbee_config-7940dfd_attempt-1/logs/timeline.html"": ""77611995-0127-4c56-97d8-fd99f616c623"", ""derivatives/dandiset-001132/sub-7D-2/sub-7D-2_ses-20240928T165426_ecephys/pipeline-aind+ephys/version-v1.2.2_codebase-v0.3.34_params-1cbdbee_config-7940dfd_attempt-1/logs/trace.txt"": ""66f51435-c7cd-47f5-983d-7c8fddc75da6""}"	2026-09-08T17:59:40.819297-04:00	2026-09-08T17:59:42.589717-04:00
001132	sub-8D-0/sub-8D-0_ses-20240928T165424_ecephys.nwb	aind+ephys	v1.2.4	1cbdbee	7940dfd	1	v0.3.42	f1176851-3628-4760-a42c-85d54386f6a9	3896003649	True	True	False	True	"{""derivatives/dandiset-001132/sub-8D-0/sub-8D-0_ses-20240928T165424_ecephys/pipeline-aind+ephys/version-v1.2.4_codebase-v0.3.42_params-1cbdbee_config-7940dfd_attempt-1/dataset_description.json"": ""231a0f7b-9d54-4d1c-98ee-60139d821d47""}"		"{""derivatives/dandiset-001132/sub-8D-0/sub-8D-0_ses-20240928T165424_ecephys/pipeline-aind+ephys/version-v1.2.4_codebase-v0.3.42_params-1cbdbee_config-7940dfd_attempt-1/logs/job-16237685_slurm.log"": ""4dcef5a0-1ab4-4c42-816c-5b7e87b35812"", ""derivatives/dandiset-001132/sub-8D-0/sub-8D-0_ses-20240928T165424_ecephys/pipeline-aind+ephys/version-v1.2.4_codebase-v0.3.42_params-1cbdbee_config-7940dfd_attempt-1/logs/nextflow.log"": ""03a91d94-0799-4ce0-93cb-120631bdb87b""}"	2026-06-22T16:39:34.175962-04:00	2026-06-22T16:39:34.598636-04:00
001132	sub-8D-1/sub-8D-1_ses-20240928T165423_ecephys.nwb	aind+ephys	v1.2.4	1cbdbee	7940dfd	1	v0.3.46	985bad23-821c-46b5-bf9a-e505c2aa2bd3	2666068384	True	True	False	True	"{""derivatives/dandiset-001132/sub-8D-1/sub-8D-1_ses-20240928T165423_ecephys/pipeline-aind+ephys/version-v1.2.4_codebase-v0.3.46_params-1cbdbee_config-7940dfd_attempt-1/dataset_description.json"": ""64d71046-4301-4a82-a38b-5e38afcebda0""}"		"{""derivatives/dandiset-001132/sub-8D-1/sub-8D-1_ses-20240928T165423_ecephys/pipeline-aind+ephys/version-v1.2.4_codebase-v0.3.46_params-1cbdbee_config-7940dfd_attempt-1/logs/dag.html"": ""374d93d6-f54a-49e3-9bd4-23cc49c2e489"", ""derivatives/dandiset-001132/sub-8D-1/sub-8D-1_ses-20240928T165423_ecephys/pipeline-aind+ephys/version-v1.2.4_codebase-v0.3.46_params-1cbdbee_config-7940dfd_attempt-1/logs/job-16662891_slurm.log"": ""23328e9e-78c1-4e4b-a757-53d04b1afa5b"", ""derivatives/dandiset-001132/sub-8D-1/sub-8D-1_ses-20240928T165423_ecephys/pipeline-aind+ephys/version-v1.2.4_codebase-v0.3.46_params-1cbdbee_config-7940dfd_attempt-1/logs/nextflow.log"": ""e4e5c1d9-fa89-4ad0-a877-a15fdf0dc764"", ""derivatives/dandiset-001132/sub-8D-1/sub-8D-1_ses-20240928T165423_ecephys/pipeline-aind+ephys/version-v1.2.4_codebase-v0.3.46_params-1cbdbee_config-7940dfd_attempt-1/logs/report.html"": ""38d1419d-39e5-4a35-a37f-d062682cd791"", ""derivatives/dandiset-001132/sub-8D-1/sub-8D-1_ses-20240928T165423_ecephys/pipeline-aind+ephys/version-v1.2.4_codebase-v0.3.46_params-1cbdbee_config-7940dfd_attempt-1/logs/timeline.html"": ""83d0ab65-7881-4312-a7bb-4e5fdf5e3d53"", ""derivatives/dandiset-001132/sub-8D-1/sub-8D-1_ses-20240928T165423_ecephys/pipeline-aind+ephys/version-v1.2.4_codebase-v0.3.46_params-1cbdbee_config-7940dfd_attempt-1/logs/trace.txt"": ""ff679b31-97cd-482b-b36a-eb4b8316b54c""}"	2026-09-08T17:59:55.149282-04:00	2026-09-08T17:59:56.396661-04:00
001132	sub-9E-0/sub-9E-0_ses-20240928T165047_ecephys.nwb	aind+ephys	v1.2.2	1cbdbee	7940dfd	1	v0.3.34	e3f6c774-ae50-4233-a8bb-a7147620d400	2365440019	True	True	False	True	"{""derivatives/dandiset-001132/sub-9E-0/sub-9E-0_ses-20240928T165047_ecephys/pipeline-aind+ephys/version-v1.2.2_codebase-v0.3.34_params-1cbdbee_config-7940dfd_attempt-1/dataset_description.json"": ""f4073d51-6d21-4fd1-8e1a-80364b3170ef""}"		"{""derivatives/dandiset-001132/sub-9E-0/sub-9E-0_ses-20240928T165047_ecephys/pipeline-aind+ephys/version-v1.2.2_codebase-v0.3.34_params-1cbdbee_config-7940dfd_attempt-1/logs/dag.html"": ""374d93d6-f54a-49e3-9bd4-23cc49c2e489"", ""derivatives/dandiset-001132/sub-9E-0/sub-9E-0_ses-20240928T165047_ecephys/pipeline-aind+ephys/version-v1.2.2_codebase-v0.3.34_params-1cbdbee_config-7940dfd_attempt-1/logs/job-15896793_slurm.log"": ""06c0625a-67e9-47c0-880b-e74bc3c18280"", ""derivatives/dandiset-001132/sub-9E-0/sub-9E-0_ses-20240928T165047_ecephys/pipeline-aind+ephys/version-v1.2.2_codebase-v0.3.34_params-1cbdbee_config-7940dfd_attempt-1/logs/nextflow.log"": ""d7cab4c7-2bd9-40fc-b6d5-276c6b11d8a1"", ""derivatives/dandiset-001132/sub-9E-0/sub-9E-0_ses-20240928T165047_ecephys/pipeline-aind+ephys/version-v1.2.2_codebase-v0.3.34_params-1cbdbee_config-7940dfd_attempt-1/logs/report.html"": ""f4813064-c07e-41e8-bd29-8f9d340932da"", ""derivatives/dandiset-001132/sub-9E-0/sub-9E-0_ses-20240928T165047_ecephys/pipeline-aind+ephys/version-v1.2.2_codebase-v0.3.34_params-1cbdbee_config-7940dfd_attempt-1/logs/timeline.html"": ""f81678f2-8d79-49f6-812b-c9102dd0bb0d"", ""derivatives/dandiset-001132/sub-9E-0/sub-9E-0_ses-20240928T165047_ecephys/pipeline-aind+ephys/version-v1.2.2_codebase-v0.3.34_params-1cbdbee_config-7940dfd_attempt-1/logs/trace.txt"": ""b5535de1-1cb3-44e1-ae57-d05e24defaf8""}"	2026-09-08T18:00:08.111021-04:00	2026-09-08T18:00:09.789953-04:00
001132	sub-9E-4/sub-9E-4_ses-20240928T165422_ecephys.nwb	aind+ephys	v1.2.2	1cbdbee	0d4bf36	1	v0.3.25	5d6d0199-03fa-4846-b913-925fa8e55c35	1927700858	True	True	False	True	"{""derivatives/dandiset-001132/sub-9E-4/sub-9E-4_ses-20240928T165422_ecephys/pipeline-aind+ephys/version-v1.2.2_codebase-v0.3.25_params-1cbdbee_config-0d4bf36_attempt-1/dataset_description.json"": ""d8cfcd4e-0294-4736-8d1a-ea4410ca9954""}"		"{""derivatives/dandiset-001132/sub-9E-4/sub-9E-4_ses-20240928T165422_ecephys/pipeline-aind+ephys/version-v1.2.2_codebase-v0.3.25_params-1cbdbee_config-0d4bf36_attempt-1/logs/dag.html"": ""374d93d6-f54a-49e3-9bd4-23cc49c2e489"", ""derivatives/dandiset-001132/sub-9E-4/sub-9E-4_ses-20240928T165422_ecephys/pipeline-aind+ephys/version-v1.2.2_codebase-v0.3.25_params-1cbdbee_config-0d4bf36_attempt-1/logs/job-15837633_slurm.log"": ""abce81f1-b98f-4180-904c-3c94e983507b"", ""derivatives/dandiset-001132/sub-9E-4/sub-9E-4_ses-20240928T165422_ecephys/pipeline-aind+ephys/version-v1.2.2_codebase-v0.3.25_params-1cbdbee_config-0d4bf36_attempt-1/logs/nextflow.log"": ""ec008d04-5c64-4255-8b00-d85e596d542c"", ""derivatives/dandiset-001132/sub-9E-4/sub-9E-4_ses-20240928T165422_ecephys/pipeline-aind+ephys/version-v1.2.2_codebase-v0.3.25_params-1cbdbee_config-0d4bf36_attempt-1/logs/report.html"": ""2c05fcdd-e489-4a1f-bd63-9aa86455654a"", ""derivatives/dandiset-001132/sub-9E-4/sub-9E-4_ses-20240928T165422_ecephys/pipeline-aind+ephys/version-v1.2.2_codebase-v0.3.25_params-1cbdbee_config-0d4bf36_attempt-1/logs/timeline.html"": ""96769581-e833-40a4-afda-6f3f3b9c6903"", ""derivatives/dandiset-001132/sub-9E-4/sub-9E-4_ses-20240928T165422_ecephys/pipeline-aind+ephys/version-v1.2.2_codebase-v0.3.25_params-1cbdbee_config-0d4bf36_attempt-1/logs/trace.txt"": ""9d690b08-364d-456c-9c12-9318247ee85d""}"	2026-09-08T18:00:20.487399-04:00	2026-09-08T18:00:22.025449-04:00
001177	sub-D0/sub-D0_ses-PPXopenField-D0-day1_ecephys.nwb	aind+ephys	v1.2.2	1cbdbee	7940dfd	1	v0.3.28	72a8b954-823d-4b66-a034-3e40939881d8	40108824180	True	True	False	True	"{""derivatives/dandiset-001177/sub-D0/sub-D0_ses-PPXopenField-D0-day1_ecephys/pipeline-aind+ephys/version-v1.2.2_codebase-v0.3.28_params-1cbdbee_config-7940dfd_attempt-1/dataset_description.json"": ""976b8c2c-4bef-4389-bfb6-c79ec7bed1ea""}"		"{""derivatives/dandiset-001177/sub-D0/sub-D0_ses-PPXopenField-D0-day1_ecephys/pipeline-aind+ephys/version-v1.2.2_codebase-v0.3.28_params-1cbdbee_config-7940dfd_attempt-1/logs/dag.html"": ""374d93d6-f54a-49e3-9bd4-23cc49c2e489"", ""derivatives/dandiset-001177/sub-D0/sub-D0_ses-PPXopenField-D0-day1_ecephys/pipeline-aind+ephys/version-v1.2.2_codebase-v0.3.28_params-1cbdbee_config-7940dfd_attempt-1/logs/job-15837640_slurm.log"": ""350c187e-6855-4c34-b888-86496fc320ca"", ""derivatives/dandiset-001177/sub-D0/sub-D0_ses-PPXopenField-D0-day1_ecephys/pipeline-aind+ephys/version-v1.2.2_codebase-v0.3.28_params-1cbdbee_config-7940dfd_attempt-1/logs/nextflow.log"": ""4d7cd3d5-93fe-4647-a9eb-a8b80c61cbb0"", ""derivatives/dandiset-001177/sub-D0/sub-D0_ses-PPXopenField-D0-day1_ecephys/pipeline-aind+ephys/version-v1.2.2_codebase-v0.3.28_params-1cbdbee_config-7940dfd_attempt-1/logs/report.html"": ""57d45612-43f7-4453-9972-b5a924d1e601"", ""derivatives/dandiset-001177/sub-D0/sub-D0_ses-PPXopenField-D0-day1_ecephys/pipeline-aind+ephys/version-v1.2.2_codebase-v0.3.28_params-1cbdbee_config-7940dfd_attempt-1/logs/timeline.html"": ""f6528964-1fb0-4723-b3be-68ed4760e42d"", ""derivatives/dandiset-001177/sub-D0/sub-D0_ses-PPXopenField-D0-day1_ecephys/pipeline-aind+ephys/version-v1.2.2_codebase-v0.3.28_params-1cbdbee_config-7940dfd_attempt-1/logs/trace.txt"": ""1d9611b0-aeaa-4c15-9968-9df82565d896""}"	2026-09-08T18:00:32.923338-04:00	2026-09-08T18:00:34.308250-04:00
001177	sub-D0/sub-D0_ses-PPXopenField-D0-day4_ecephys.nwb	aind+ephys	v1.2.2	1cbdbee	7940dfd	1	v0.3.28	30cf78cf-df77-4a16-bf35-7d9036e89b03	38657052811	True	True	False	True	"{""derivatives/dandiset-001177/sub-D0/sub-D0_ses-PPXopenField-D0-day4_ecephys/pipeline-aind+ephys/version-v1.2.2_codebase-v0.3.28_params-1cbdbee_config-7940dfd_attempt-1/dataset_description.json"": ""976b8c2c-4bef-4389-bfb6-c79ec7bed1ea""}"		"{""derivatives/dandiset-001177/sub-D0/sub-D0_ses-PPXopenField-D0-day4_ecephys/pipeline-aind+ephys/version-v1.2.2_codebase-v0.3.28_params-1cbdbee_config-7940dfd_attempt-1/logs/dag.html"": ""374d93d6-f54a-49e3-9bd4-23cc49c2e489"", ""derivatives/dandiset-001177/sub-D0/sub-D0_ses-PPXopenField-D0-day4_ecephys/pipeline-aind+ephys/version-v1.2.2_codebase-v0.3.28_params-1cbdbee_config-7940dfd_attempt-1/logs/job-15838181_slurm.log"": ""41aabbda-4bc5-4082-bc72-66bb1d1813f1"", ""derivatives/dandiset-001177/sub-D0/sub-D0_ses-PPXopenField-D0-day4_ecephys/pipeline-aind+ephys/version-v1.2.2_codebase-v0.3.28_params-1cbdbee_config-7940dfd_attempt-1/logs/nextflow.log"": ""1365021e-22bd-4c7a-88d3-077a3891d2a1"", ""derivatives/dandiset-001177/sub-D0/sub-D0_ses-PPXopenField-D0-day4_ecephys/pipeline-aind+ephys/version-v1.2.2_codebase-v0.3.28_params-1cbdbee_config-7940dfd_attempt-1/logs/report.html"": ""bf71780e-99fa-4d04-9415-f22a771660b8"", ""derivatives/dandiset-001177/sub-D0/sub-D0_ses-PPXopenField-D0-day4_ecephys/pipeline-aind+ephys/version-v1.2.2_codebase-v0.3.28_params-1cbdbee_config-7940dfd_attempt-1/logs/timeline.html"": ""690fbbd7-1e21-4308-9135-24378a4407e1"", ""derivatives/dandiset-001177/sub-D0/sub-D0_ses-PPXopenField-D0-day4_ecephys/pipeline-aind+ephys/version-v1.2.2_codebase-v0.3.28_params-1cbdbee_config-7940dfd_attempt-1/logs/trace.txt"": ""371a4b98-13a7-4b5b-8a0a-1ea4969739cb""}"	2026-09-08T18:00:45.556115-04:00	2026-09-08T18:00:47.093062-04:00
001177	sub-D3-1/sub-D3-1_ses-PPXopenField-D3-1-day2_ecephys.nwb	aind+ephys	v1.2.2	1cbdbee	0d4bf36	1	v0.3.25	e8ecafe6-8a4f-47c3-ae1e-d2a8cc9dd5da	40015019227	True	True	False	True	"{""derivatives/dandiset-001177/sub-D3-1/sub-D3-1_ses-PPXopenField-D3-1-day2_ecephys/pipeline-aind+ephys/version-v1.2.2_codebase-v0.3.25_params-1cbdbee_config-0d4bf36_attempt-1/dataset_description.json"": ""beb135fb-9242-42d2-818d-7d96dc3d85db""}"		"{""derivatives/dandiset-001177/sub-D3-1/sub-D3-1_ses-PPXopenField-D3-1-day2_ecephys/pipeline-aind+ephys/version-v1.2.2_codebase-v0.3.25_params-1cbdbee_config-0d4bf36_attempt-1/logs/dag.html"": ""374d93d6-f54a-49e3-9bd4-23cc49c2e489"", ""derivatives/dandiset-001177/sub-D3-1/sub-D3-1_ses-PPXopenField-D3-1-day2_ecephys/pipeline-aind+ephys/version-v1.2.2_codebase-v0.3.25_params-1cbdbee_config-0d4bf36_attempt-1/logs/job-15838585_slurm.log"": ""bc681d69-04ab-4470-b560-0eda5079431a"", ""derivatives/dandiset-001177/sub-D3-1/sub-D3-1_ses-PPXopenField-D3-1-day2_ecephys/pipeline-aind+ephys/version-v1.2.2_codebase-v0.3.25_params-1cbdbee_config-0d4bf36_attempt-1/logs/nextflow.log"": ""54418803-b80f-4908-a312-ae9ea7a5be54"", ""derivatives/dandiset-001177/sub-D3-1/sub-D3-1_ses-PPXopenField-D3-1-day2_ecephys/pipeline-aind+ephys/version-v1.2.2_codebase-v0.3.25_params-1cbdbee_config-0d4bf36_attempt-1/logs/report.html"": ""4e8f3f8a-9b8b-4e30-afaa-ae28ccdc3a7e"", ""derivatives/dandiset-001177/sub-D3-1/sub-D3-1_ses-PPXopenField-D3-1-day2_ecephys/pipeline-aind+ephys/version-v1.2.2_codebase-v0.3.25_params-1cbdbee_config-0d4bf36_attempt-1/logs/timeline.html"": ""145a7af5-20aa-427a-9625-7a2f0aa30bad"", ""derivatives/dandiset-001177/sub-D3-1/sub-D3-1_ses-PPXopenField-D3-1-day2_ecephys/pipeline-aind+ephys/version-v1.2.2_codebase-v0.3.25_params-1cbdbee_config-0d4bf36_attempt-1/logs/trace.txt"": ""db5725d9-f173-4ee6-9335-09fba5726ab4""}"	2026-09-08T18:00:57.832212-04:00	2026-09-08T18:00:59.116525-04:00
001177	sub-D3-1/sub-D3-1_ses-PPXopenField-D3-1-day4_ecephys.nwb	aind+ephys	v1.2.4	1cbdbee	7940dfd	1	v0.3.42	a86ea2fb-1ac7-4f51-9422-c1f588b5672f	45660913196	True	True	False	True	"{""derivatives/dandiset-001177/sub-D3-1/sub-D3-1_ses-PPXopenField-D3-1-day4_ecephys/pipeline-aind+ephys/version-v1.2.4_codebase-v0.3.42_params-1cbdbee_config-7940dfd_attempt-1/dataset_description.json"": ""ab8003e5-3c61-466f-aa2f-6a50755217d9""}"		"{""derivatives/dandiset-001177/sub-D3-1/sub-D3-1_ses-PPXopenField-D3-1-day4_ecephys/pipeline-aind+ephys/version-v1.2.4_codebase-v0.3.42_params-1cbdbee_config-7940dfd_attempt-1/logs/job-16217495_slurm.log"": ""ff79b7d4-8fa4-4913-9869-dea4db3d55e5"", ""derivatives/dandiset-001177/sub-D3-1/sub-D3-1_ses-PPXopenField-D3-1-day4_ecephys/pipeline-aind+ephys/version-v1.2.4_codebase-v0.3.42_params-1cbdbee_config-7940dfd_attempt-1/logs/nextflow.log"": ""0c9fb5a2-5692-49ed-a67d-fa38666a9d38""}"	2026-06-22T16:40:00.419388-04:00	2026-06-22T16:40:00.838411-04:00
001177	sub-D3-1/sub-D3-1_ses-PPXopenField-D3-1-day4_ecephys.nwb	aind+ephys	v1.2.4	1cbdbee	7940dfd	1	v0.3.39	a86ea2fb-1ac7-4f51-9422-c1f588b5672f	45660913196	True	True	False	True	"{""derivatives/dandiset-001177/sub-D3-1/sub-D3-1_ses-PPXopenField-D3-1-day4_ecephys/pipeline-aind+ephys/version-v1.2.4_codebase-v0.3.39_params-1cbdbee_config-7940dfd_attempt-1/dataset_description.json"": ""d1017c42-3e83-4a0d-bd1a-800d14803b7d""}"		"{""derivatives/dandiset-001177/sub-D3-1/sub-D3-1_ses-PPXopenField-D3-1-day4_ecephys/pipeline-aind+ephys/version-v1.2.4_codebase-v0.3.39_params-1cbdbee_config-7940dfd_attempt-1/logs/dag.html"": ""374d93d6-f54a-49e3-9bd4-23cc49c2e489"", ""derivatives/dandiset-001177/sub-D3-1/sub-D3-1_ses-PPXopenField-D3-1-day4_ecephys/pipeline-aind+ephys/version-v1.2.4_codebase-v0.3.39_params-1cbdbee_config-7940dfd_attempt-1/logs/job-16169443_slurm.log"": ""1e86ff62-c1b3-4835-8113-df6cc47e3e0f"", ""derivatives/dandiset-001177/sub-D3-1/sub-D3-1_ses-PPXopenField-D3-1-day4_ecephys/pipeline-aind+ephys/version-v1.2.4_codebase-v0.3.39_params-1cbdbee_config-7940dfd_attempt-1/logs/nextflow.log"": ""170b7793-c0de-4e2e-9459-572450f07322"", ""derivatives/dandiset-001177/sub-D3-1/sub-D3-1_ses-PPXopenField-D3-1-day4_ecephys/pipeline-aind+ephys/version-v1.2.4_codebase-v0.3.39_params-1cbdbee_config-7940dfd_attempt-1/logs/report.html"": ""db3f3e1a-d2c7-4928-9bdb-8e150e80040d"", ""derivatives/dandiset-001177/sub-D3-1/sub-D3-1_ses-PPXopenField-D3-1-day4_ecephys/pipeline-aind+ephys/version-v1.2.4_codebase-v0.3.39_params-1cbdbee_config-7940dfd_attempt-1/logs/timeline.html"": ""e1c9322a-dc64-4618-a455-06e0fcfef478"", ""derivatives/dandiset-001177/sub-D3-1/sub-D3-1_ses-PPXopenField-D3-1-day4_ecephys/pipeline-aind+ephys/version-v1.2.4_codebase-v0.3.39_params-1cbdbee_config-7940dfd_attempt-1/logs/trace.txt"": ""797a979b-a55a-40d3-bbf5-2b928a1232d4""}"	2026-09-08T18:01:11.481342-04:00	2026-09-08T18:01:12.980646-04:00
001177	sub-E0/sub-E0_ses-PPXopenField-E0-day1_ecephys.nwb	aind+ephys	v1.2.2	1cbdbee	7940dfd	1	v0.3.34	2bf7b5f3-7e46-4834-acc7-6c90ed7960dc	36447829123	True	True	False	True	"{""derivatives/dandiset-001177/sub-E0/sub-E0_ses-PPXopenField-E0-day1_ecephys/pipeline-aind+ephys/version-v1.2.2_codebase-v0.3.34_params-1cbdbee_config-7940dfd_attempt-1/dataset_description.json"": ""b0b6c2d4-e7ed-4656-b79d-59161ba651de""}"		"{""derivatives/dandiset-001177/sub-E0/sub-E0_ses-PPXopenField-E0-day1_ecephys/pipeline-aind+ephys/version-v1.2.2_codebase-v0.3.34_params-1cbdbee_config-7940dfd_attempt-1/logs/dag.html"": ""374d93d6-f54a-49e3-9bd4-23cc49c2e489"", ""derivatives/dandiset-001177/sub-E0/sub-E0_ses-PPXopenField-E0-day1_ecephys/pipeline-aind+ephys/version-v1.2.2_codebase-v0.3.34_params-1cbdbee_config-7940dfd_attempt-1/logs/job-15914921_slurm.log"": ""e8295f52-eb5e-459d-ba24-27e19621b209"", ""derivatives/dandiset-001177/sub-E0/sub-E0_ses-PPXopenField-E0-day1_ecephys/pipeline-aind+ephys/version-v1.2.2_codebase-v0.3.34_params-1cbdbee_config-7940dfd_attempt-1/logs/nextflow.log"": ""d2dad4ad-d800-4be7-9072-e92dcd3a6d47"", ""derivatives/dandiset-001177/sub-E0/sub-E0_ses-PPXopenField-E0-day1_ecephys/pipeline-aind+ephys/version-v1.2.2_codebase-v0.3.34_params-1cbdbee_config-7940dfd_attempt-1/logs/report.html"": ""e45005cc-3644-4feb-8ee5-46294d059060"", ""derivatives/dandiset-001177/sub-E0/sub-E0_ses-PPXopenField-E0-day1_ecephys/pipeline-aind+ephys/version-v1.2.2_codebase-v0.3.34_params-1cbdbee_config-7940dfd_attempt-1/logs/timeline.html"": ""7f07e334-7e89-410a-bc85-ac7c4119e2d8"", ""derivatives/dandiset-001177/sub-E0/sub-E0_ses-PPXopenField-E0-day1_ecephys/pipeline-aind+ephys/version-v1.2.2_codebase-v0.3.34_params-1cbdbee_config-7940dfd_attempt-1/logs/trace.txt"": ""4e8cee62-4d6f-4cd5-b6b8-a5af3475ad48""}"	2026-09-08T18:01:26.253745-04:00	2026-09-08T18:01:28.015604-04:00
001177	sub-E0/sub-E0_ses-PPXopenField-E0-day4_ecephys.nwb	aind+ephys	v1.2.4	1cbdbee	7940dfd	1	v0.3.46	66a2eff4-9894-4268-9a31-698930a7148f	36096646315	True	True	False	True	"{""derivatives/dandiset-001177/sub-E0/sub-E0_ses-PPXopenField-E0-day4_ecephys/pipeline-aind+ephys/version-v1.2.4_codebase-v0.3.46_params-1cbdbee_config-7940dfd_attempt-1/dataset_description.json"": ""208e0c31-b614-4d97-a69d-a8519a914074""}"		"{""derivatives/dandiset-001177/sub-E0/sub-E0_ses-PPXopenField-E0-day4_ecephys/pipeline-aind+ephys/version-v1.2.4_codebase-v0.3.46_params-1cbdbee_config-7940dfd_attempt-1/logs/dag.html"": ""374d93d6-f54a-49e3-9bd4-23cc49c2e489"", ""derivatives/dandiset-001177/sub-E0/sub-E0_ses-PPXopenField-E0-day4_ecephys/pipeline-aind+ephys/version-v1.2.4_codebase-v0.3.46_params-1cbdbee_config-7940dfd_attempt-1/logs/job-16664162_slurm.log"": ""a5eb9831-000f-47e5-8568-3ddc96f79fc9"", ""derivatives/dandiset-001177/sub-E0/sub-E0_ses-PPXopenField-E0-day4_ecephys/pipeline-aind+ephys/version-v1.2.4_codebase-v0.3.46_params-1cbdbee_config-7940dfd_attempt-1/logs/nextflow.log"": ""e5bfbd74-2d84-4613-b43c-1c5c3b9771cd"", ""derivatives/dandiset-001177/sub-E0/sub-E0_ses-PPXopenField-E0-day4_ecephys/pipeline-aind+ephys/version-v1.2.4_codebase-v0.3.46_params-1cbdbee_config-7940dfd_attempt-1/logs/report.html"": ""9cfad348-03dd-4dff-be31-b02850ec081b"", ""derivatives/dandiset-001177/sub-E0/sub-E0_ses-PPXopenField-E0-day4_ecephys/pipeline-aind+ephys/version-v1.2.4_codebase-v0.3.46_params-1cbdbee_config-7940dfd_attempt-1/logs/timeline.html"": ""fec20b71-d8fb-4e17-ae03-990724378d71"", ""derivatives/dandiset-001177/sub-E0/sub-E0_ses-PPXopenField-E0-day4_ecephys/pipeline-aind+ephys/version-v1.2.4_codebase-v0.3.46_params-1cbdbee_config-7940dfd_attempt-1/logs/trace.txt"": ""439a5543-b9e0-4b57-9fcd-09d7a08ecbc6""}"	2026-09-08T18:01:41.641542-04:00	2026-09-08T18:01:43.003456-04:00
001177	sub-E5/sub-E5_ses-PPXopenField-E5-day2_ecephys.nwb	aind+ephys	v1.2.4	1cbdbee	7940dfd	1	v0.3.46	a73fe29a-b71a-43c9-a738-9bb24eb111c3	38237800633	True	True	False	True	"{""derivatives/dandiset-001177/sub-E5/sub-E5_ses-PPXopenField-E5-day2_ecephys/pipeline-aind+ephys/version-v1.2.4_codebase-v0.3.46_params-1cbdbee_config-7940dfd_attempt-1/dataset_description.json"": ""208e0c31-b614-4d97-a69d-a8519a914074""}"		"{""derivatives/dandiset-001177/sub-E5/sub-E5_ses-PPXopenField-E5-day2_ecephys/pipeline-aind+ephys/version-v1.2.4_codebase-v0.3.46_params-1cbdbee_config-7940dfd_attempt-1/logs/dag.html"": ""374d93d6-f54a-49e3-9bd4-23cc49c2e489"", ""derivatives/dandiset-001177/sub-E5/sub-E5_ses-PPXopenField-E5-day2_ecephys/pipeline-aind+ephys/version-v1.2.4_codebase-v0.3.46_params-1cbdbee_config-7940dfd_attempt-1/logs/job-16461938_slurm.log"": ""836a22e5-7563-4e78-be2a-31036de1a839"", ""derivatives/dandiset-001177/sub-E5/sub-E5_ses-PPXopenField-E5-day2_ecephys/pipeline-aind+ephys/version-v1.2.4_codebase-v0.3.46_params-1cbdbee_config-7940dfd_attempt-1/logs/nextflow.log"": ""2814f1ed-3a00-4ce2-936e-2387bfb180b3"", ""derivatives/dandiset-001177/sub-E5/sub-E5_ses-PPXopenField-E5-day2_ecephys/pipeline-aind+ephys/version-v1.2.4_codebase-v0.3.46_params-1cbdbee_config-7940dfd_attempt-1/logs/report.html"": ""1f85d0a0-65ac-45a5-be14-dbceee813bf7"", ""derivatives/dandiset-001177/sub-E5/sub-E5_ses-PPXopenField-E5-day2_ecephys/pipeline-aind+ephys/version-v1.2.4_codebase-v0.3.46_params-1cbdbee_config-7940dfd_attempt-1/logs/timeline.html"": ""1a6b1ae2-1a89-4ea4-8ebb-897d61a0a291"", ""derivatives/dandiset-001177/sub-E5/sub-E5_ses-PPXopenField-E5-day2_ecephys/pipeline-aind+ephys/version-v1.2.4_codebase-v0.3.46_params-1cbdbee_config-7940dfd_attempt-1/logs/trace.txt"": ""5efbe366-44ed-44ff-b024-25cede6e2dad""}"	2026-09-08T18:01:53.431228-04:00	2026-09-08T18:01:54.792505-04:00
001177	sub-E5/sub-E5_ses-PPXopenField-E5-day4_ecephys.nwb	aind+ephys	v1.2.4	1cbdbee	7940dfd	1	v0.3.39	129e3373-10f4-4234-a2e0-6df4b61b38bc	46379377943	True	True	False	True	"{""derivatives/dandiset-001177/sub-E5/sub-E5_ses-PPXopenField-E5-day4_ecephys/pipeline-aind+ephys/version-v1.2.4_codebase-v0.3.39_params-1cbdbee_config-7940dfd_attempt-1/dataset_description.json"": ""d1017c42-3e83-4a0d-bd1a-800d14803b7d""}"		"{""derivatives/dandiset-001177/sub-E5/sub-E5_ses-PPXopenField-E5-day4_ecephys/pipeline-aind+ephys/version-v1.2.4_codebase-v0.3.39_params-1cbdbee_config-7940dfd_attempt-1/logs/dag.html"": ""374d93d6-f54a-49e3-9bd4-23cc49c2e489"", ""derivatives/dandiset-001177/sub-E5/sub-E5_ses-PPXopenField-E5-day4_ecephys/pipeline-aind+ephys/version-v1.2.4_codebase-v0.3.39_params-1cbdbee_config-7940dfd_attempt-1/logs/job-16195642_slurm.log"": ""64ebb0fb-77f9-4fc2-aecb-43f8716d37e3"", ""derivatives/dandiset-001177/sub-E5/sub-E5_ses-PPXopenField-E5-day4_ecephys/pipeline-aind+ephys/version-v1.2.4_codebase-v0.3.39_params-1cbdbee_config-7940dfd_attempt-1/logs/nextflow.log"": ""3ae8a5a3-3349-40be-8850-21afee7706be"", ""derivatives/dandiset-001177/sub-E5/sub-E5_ses-PPXopenField-E5-day4_ecephys/pipeline-aind+ephys/version-v1.2.4_codebase-v0.3.39_params-1cbdbee_config-7940dfd_attempt-1/logs/report.html"": ""b0dd2e71-aa34-4521-86ec-9f32547e4927"", ""derivatives/dandiset-001177/sub-E5/sub-E5_ses-PPXopenField-E5-day4_ecephys/pipeline-aind+ephys/version-v1.2.4_codebase-v0.3.39_params-1cbdbee_config-7940dfd_attempt-1/logs/timeline.html"": ""b32770ac-4a90-440d-b202-cc33296a635d"", ""derivatives/dandiset-001177/sub-E5/sub-E5_ses-PPXopenField-E5-day4_ecephys/pipeline-aind+ephys/version-v1.2.4_codebase-v0.3.39_params-1cbdbee_config-7940dfd_attempt-1/logs/trace.txt"": ""6cb86f4b-64f6-43bb-a6b7-4a7467632d92""}"	2026-09-08T18:02:05.447487-04:00	2026-09-08T18:02:06.597501-04:00
001177	sub-H0-2/sub-H0-2_ses-PPXopenField-H0-2-day2_ecephys.nwb	aind+ephys	v1.2.4	1cbdbee	7940dfd	1	v0.3.43	551b7a1f-590f-4950-b489-3d6d7f208e51	38186414479	True	True	False	True	"{""derivatives/dandiset-001177/sub-H0-2/sub-H0-2_ses-PPXopenField-H0-2-day2_ecephys/pipeline-aind+ephys/version-v1.2.4_codebase-v0.3.43_params-1cbdbee_config-7940dfd_attempt-1/dataset_description.json"": ""df9c497a-0467-42b9-9619-de0d9e98fd8c""}"		"{""derivatives/dandiset-001177/sub-H0-2/sub-H0-2_ses-PPXopenField-H0-2-day2_ecephys/pipeline-aind+ephys/version-v1.2.4_codebase-v0.3.43_params-1cbdbee_config-7940dfd_attempt-1/logs/dag.html"": ""374d93d6-f54a-49e3-9bd4-23cc49c2e489"", ""derivatives/dandiset-001177/sub-H0-2/sub-H0-2_ses-PPXopenField-H0-2-day2_ecephys/pipeline-aind+ephys/version-v1.2.4_codebase-v0.3.43_params-1cbdbee_config-7940dfd_attempt-1/logs/job-16337056_slurm.log"": ""f42422ac-fa5a-4c51-8904-e92a4fe91e52"", ""derivatives/dandiset-001177/sub-H0-2/sub-H0-2_ses-PPXopenField-H0-2-day2_ecephys/pipeline-aind+ephys/version-v1.2.4_codebase-v0.3.43_params-1cbdbee_config-7940dfd_attempt-1/logs/nextflow.log"": ""f1bf38ce-1222-4cba-85e1-1595138a0871"", ""derivatives/dandiset-001177/sub-H0-2/sub-H0-2_ses-PPXopenField-H0-2-day2_ecephys/pipeline-aind+ephys/version-v1.2.4_codebase-v0.3.43_params-1cbdbee_config-7940dfd_attempt-1/logs/report.html"": ""55376614-7d60-4e9a-a225-447fdbbdc0da"", ""derivatives/dandiset-001177/sub-H0-2/sub-H0-2_ses-PPXopenField-H0-2-day2_ecephys/pipeline-aind+ephys/version-v1.2.4_codebase-v0.3.43_params-1cbdbee_config-7940dfd_attempt-1/logs/timeline.html"": ""fe5022be-2d3b-4ea1-b3a5-9cf5c9491025"", ""derivatives/dandiset-001177/sub-H0-2/sub-H0-2_ses-PPXopenField-H0-2-day2_ecephys/pipeline-aind+ephys/version-v1.2.4_codebase-v0.3.43_params-1cbdbee_config-7940dfd_attempt-1/logs/trace.txt"": ""0f76514e-861b-4030-b759-becd1775227e""}"	2026-09-08T18:02:17.101912-04:00	2026-09-08T18:02:18.355402-04:00
001177	sub-H0-2/sub-H0-2_ses-PPXopenField-H0-2-day3_ecephys.nwb	aind+ephys	v1.2.2	1cbdbee	0d4bf36	1	v0.3.27	2b0ed39f-adbb-4fd4-ac41-adcd42f467bf	36835152947	True	True	False	True	"{""derivatives/dandiset-001177/sub-H0-2/sub-H0-2_ses-PPXopenField-H0-2-day3_ecephys/pipeline-aind+ephys/version-v1.2.2_codebase-v0.3.27_params-1cbdbee_config-0d4bf36_attempt-1/dataset_description.json"": ""5279ac7a-34b5-4d8b-8699-f7f86e7be875""}"		"{""derivatives/dandiset-001177/sub-H0-2/sub-H0-2_ses-PPXopenField-H0-2-day3_ecephys/pipeline-aind+ephys/version-v1.2.2_codebase-v0.3.27_params-1cbdbee_config-0d4bf36_attempt-1/logs/dag.html"": ""374d93d6-f54a-49e3-9bd4-23cc49c2e489"", ""derivatives/dandiset-001177/sub-H0-2/sub-H0-2_ses-PPXopenField-H0-2-day3_ecephys/pipeline-aind+ephys/version-v1.2.2_codebase-v0.3.27_params-1cbdbee_config-0d4bf36_attempt-1/logs/job-15839141_slurm.log"": ""56873f87-76d7-46cb-a253-5ee3779c009f"", ""derivatives/dandiset-001177/sub-H0-2/sub-H0-2_ses-PPXopenField-H0-2-day3_ecephys/pipeline-aind+ephys/version-v1.2.2_codebase-v0.3.27_params-1cbdbee_config-0d4bf36_attempt-1/logs/nextflow.log"": ""b8dfb573-a29e-4b67-9f24-297964df3aa5"", ""derivatives/dandiset-001177/sub-H0-2/sub-H0-2_ses-PPXopenField-H0-2-day3_ecephys/pipeline-aind+ephys/version-v1.2.2_codebase-v0.3.27_params-1cbdbee_config-0d4bf36_attempt-1/logs/report.html"": ""98fc22b6-fdec-43a2-bb02-82eeadda8d0e"", ""derivatives/dandiset-001177/sub-H0-2/sub-H0-2_ses-PPXopenField-H0-2-day3_ecephys/pipeline-aind+ephys/version-v1.2.2_codebase-v0.3.27_params-1cbdbee_config-0d4bf36_attempt-1/logs/timeline.html"": ""36291925-cae5-4876-8489-9b876937e43f"", ""derivatives/dandiset-001177/sub-H0-2/sub-H0-2_ses-PPXopenField-H0-2-day3_ecephys/pipeline-aind+ephys/version-v1.2.2_codebase-v0.3.27_params-1cbdbee_config-0d4bf36_attempt-1/logs/trace.txt"": ""d43bd788-8f52-4b93-820e-dfefbbdc1d35""}"	2026-09-08T18:02:31.040577-04:00	2026-09-08T18:02:32.357445-04:00
001177	sub-H4-3/sub-H4-3_ses-PPXopenField-H4-3-day2_ecephys.nwb	aind+ephys	v1.2.4	1cbdbee	7940dfd	1	v0.3.49	2a6d8cd0-9fd5-478b-a382-2144a458fd96	32676965209	True	True	False	True	"{""derivatives/dandiset-001177/sub-H4-3/sub-H4-3_ses-PPXopenField-H4-3-day2_ecephys/pipeline-aind+ephys/version-v1.2.4_codebase-v0.3.49_params-1cbdbee_config-7940dfd_attempt-1/dataset_description.json"": ""7b21eb95-d6b6-4fae-8936-7301c6af7a3a""}"		"{""derivatives/dandiset-001177/sub-H4-3/sub-H4-3_ses-PPXopenField-H4-3-day2_ecephys/pipeline-aind+ephys/version-v1.2.4_codebase-v0.3.49_params-1cbdbee_config-7940dfd_attempt-1/logs/dag.html"": ""374d93d6-f54a-49e3-9bd4-23cc49c2e489"", ""derivatives/dandiset-001177/sub-H4-3/sub-H4-3_ses-PPXopenField-H4-3-day2_ecephys/pipeline-aind+ephys/version-v1.2.4_codebase-v0.3.49_params-1cbdbee_config-7940dfd_attempt-1/logs/job-18501782_slurm.log"": ""6c483ab5-4757-4b4b-a303-7f19e402fe56"", ""derivatives/dandiset-001177/sub-H4-3/sub-H4-3_ses-PPXopenField-H4-3-day2_ecephys/pipeline-aind+ephys/version-v1.2.4_codebase-v0.3.49_params-1cbdbee_config-7940dfd_attempt-1/logs/nextflow.log"": ""1e0e73c7-dee5-4544-bf80-53e2dbd89821"", ""derivatives/dandiset-001177/sub-H4-3/sub-H4-3_ses-PPXopenField-H4-3-day2_ecephys/pipeline-aind+ephys/version-v1.2.4_codebase-v0.3.49_params-1cbdbee_config-7940dfd_attempt-1/logs/report.html"": ""6d2bf44c-a04c-4a11-add2-86ed3e9649ff"", ""derivatives/dandiset-001177/sub-H4-3/sub-H4-3_ses-PPXopenField-H4-3-day2_ecephys/pipeline-aind+ephys/version-v1.2.4_codebase-v0.3.49_params-1cbdbee_config-7940dfd_attempt-1/logs/timeline.html"": ""65247a3d-90ce-46b4-834f-ecee781d0e2d"", ""derivatives/dandiset-001177/sub-H4-3/sub-H4-3_ses-PPXopenField-H4-3-day2_ecephys/pipeline-aind+ephys/version-v1.2.4_codebase-v0.3.49_params-1cbdbee_config-7940dfd_attempt-1/logs/trace.txt"": ""63ae3b8c-6f26-4d5d-bfb6-4aba6e201c0c""}"	2026-09-08T18:02:45.564440-04:00	2026-09-08T18:02:46.934780-04:00
001177	sub-H4-3/sub-H4-3_ses-PPXopenField-H4-3-day3_ecephys.nwb	aind+ephys	v1.2.4	1cbdbee	7940dfd	1	v0.3.49	d20bcbf6-3fda-49c1-8041-d07d0c732d38	32152465302	True	True	False	True	"{""derivatives/dandiset-001177/sub-H4-3/sub-H4-3_ses-PPXopenField-H4-3-day3_ecephys/pipeline-aind+ephys/version-v1.2.4_codebase-v0.3.49_params-1cbdbee_config-7940dfd_attempt-1/dataset_description.json"": ""7b21eb95-d6b6-4fae-8936-7301c6af7a3a""}"		"{""derivatives/dandiset-001177/sub-H4-3/sub-H4-3_ses-PPXopenField-H4-3-day3_ecephys/pipeline-aind+ephys/version-v1.2.4_codebase-v0.3.49_params-1cbdbee_config-7940dfd_attempt-1/logs/dag.html"": ""374d93d6-f54a-49e3-9bd4-23cc49c2e489"", ""derivatives/dandiset-001177/sub-H4-3/sub-H4-3_ses-PPXopenField-H4-3-day3_ecephys/pipeline-aind+ephys/version-v1.2.4_codebase-v0.3.49_params-1cbdbee_config-7940dfd_attempt-1/logs/job-18899346_slurm.log"": ""fd3a2888-a873-4ec6-b9db-d296dc968ae8"", ""derivatives/dandiset-001177/sub-H4-3/sub-H4-3_ses-PPXopenField-H4-3-day3_ecephys/pipeline-aind+ephys/version-v1.2.4_codebase-v0.3.49_params-1cbdbee_config-7940dfd_attempt-1/logs/nextflow.log"": ""e054d6bf-dca6-427e-895f-224c38c24dd1"", ""derivatives/dandiset-001177/sub-H4-3/sub-H4-3_ses-PPXopenField-H4-3-day3_ecephys/pipeline-aind+ephys/version-v1.2.4_codebase-v0.3.49_params-1cbdbee_config-7940dfd_attempt-1/logs/report.html"": ""cb6e4bed-8126-4ce7-b28f-cf0ef20c41e1"", ""derivatives/dandiset-001177/sub-H4-3/sub-H4-3_ses-PPXopenField-H4-3-day3_ecephys/pipeline-aind+ephys/version-v1.2.4_codebase-v0.3.49_params-1cbdbee_config-7940dfd_attempt-1/logs/timeline.html"": ""af1fb626-5d42-407c-bfd3-14585cc75ccb"", ""derivatives/dandiset-001177/sub-H4-3/sub-H4-3_ses-PPXopenField-H4-3-day3_ecephys/pipeline-aind+ephys/version-v1.2.4_codebase-v0.3.49_params-1cbdbee_config-7940dfd_attempt-1/logs/trace.txt"": ""5e91d6ab-6eaf-4f2e-92a2-7e052d7d2b82""}"	2026-09-08T18:02:57.940044-04:00	2026-09-08T18:02:59.283102-04:00
001177	sub-H4-3/sub-H4-3_ses-SalineopenField-H4-3_ecephys.nwb	aind+ephys	v1.2.2	1cbdbee	7940dfd	1	v0.3.34	344fa188-1e80-4e76-ade6-03d7cb762d95	29654609007	True	True	False	True	"{""derivatives/dandiset-001177/sub-H4-3/sub-H4-3_ses-SalineopenField-H4-3_ecephys/pipeline-aind+ephys/version-v1.2.2_codebase-v0.3.34_params-1cbdbee_config-7940dfd_attempt-1/dataset_description.json"": ""b0b6c2d4-e7ed-4656-b79d-59161ba651de""}"		"{""derivatives/dandiset-001177/sub-H4-3/sub-H4-3_ses-SalineopenField-H4-3_ecephys/pipeline-aind+ephys/version-v1.2.2_codebase-v0.3.34_params-1cbdbee_config-7940dfd_attempt-1/logs/dag.html"": ""374d93d6-f54a-49e3-9bd4-23cc49c2e489"", ""derivatives/dandiset-001177/sub-H4-3/sub-H4-3_ses-SalineopenField-H4-3_ecephys/pipeline-aind+ephys/version-v1.2.2_codebase-v0.3.34_params-1cbdbee_config-7940dfd_attempt-1/logs/job-15945809_slurm.log"": ""1d7a01ee-1ef2-4e05-918d-e9a506e8b1c7"", ""derivatives/dandiset-001177/sub-H4-3/sub-H4-3_ses-SalineopenField-H4-3_ecephys/pipeline-aind+ephys/version-v1.2.2_codebase-v0.3.34_params-1cbdbee_config-7940dfd_attempt-1/logs/nextflow.log"": ""7470ec60-c20e-46e4-ab0e-349fbf712aff"", ""derivatives/dandiset-001177/sub-H4-3/sub-H4-3_ses-SalineopenField-H4-3_ecephys/pipeline-aind+ephys/version-v1.2.2_codebase-v0.3.34_params-1cbdbee_config-7940dfd_attempt-1/logs/report.html"": ""feeaee88-8cb3-4686-a29e-1d525b905e96"", ""derivatives/dandiset-001177/sub-H4-3/sub-H4-3_ses-SalineopenField-H4-3_ecephys/pipeline-aind+ephys/version-v1.2.2_codebase-v0.3.34_params-1cbdbee_config-7940dfd_attempt-1/logs/timeline.html"": ""68266e71-efd2-4a80-b8b9-60132e9078c4"", ""derivatives/dandiset-001177/sub-H4-3/sub-H4-3_ses-SalineopenField-H4-3_ecephys/pipeline-aind+ephys/version-v1.2.2_codebase-v0.3.34_params-1cbdbee_config-7940dfd_attempt-1/logs/trace.txt"": ""287c18a6-3281-4ff5-abad-198d69e8203e""}"	2026-09-08T18:03:11.052676-04:00	2026-09-08T18:03:12.346180-04:00
001177	sub-J0/sub-J0_ses-PPXopenField-J0-day3_ecephys.nwb	aind+ephys	v1.2.4	1cbdbee	7940dfd	1	v0.3.46	da073d8a-27cc-458c-b70c-ef70df828e16	37134373087	True	True	False	True	"{""derivatives/dandiset-001177/sub-J0/sub-J0_ses-PPXopenField-J0-day3_ecephys/pipeline-aind+ephys/version-v1.2.4_codebase-v0.3.46_params-1cbdbee_config-7940dfd_attempt-1/dataset_description.json"": ""208e0c31-b614-4d97-a69d-a8519a914074""}"		"{""derivatives/dandiset-001177/sub-J0/sub-J0_ses-PPXopenField-J0-day3_ecephys/pipeline-aind+ephys/version-v1.2.4_codebase-v0.3.46_params-1cbdbee_config-7940dfd_attempt-1/logs/dag.html"": ""374d93d6-f54a-49e3-9bd4-23cc49c2e489"", ""derivatives/dandiset-001177/sub-J0/sub-J0_ses-PPXopenField-J0-day3_ecephys/pipeline-aind+ephys/version-v1.2.4_codebase-v0.3.46_params-1cbdbee_config-7940dfd_attempt-1/logs/job-16671688_slurm.log"": ""b3d7c74d-e286-40ee-8e24-f7766fdf4a6d"", ""derivatives/dandiset-001177/sub-J0/sub-J0_ses-PPXopenField-J0-day3_ecephys/pipeline-aind+ephys/version-v1.2.4_codebase-v0.3.46_params-1cbdbee_config-7940dfd_attempt-1/logs/nextflow.log"": ""7428294c-78f9-402d-9fe7-31fefd1f74b9"", ""derivatives/dandiset-001177/sub-J0/sub-J0_ses-PPXopenField-J0-day3_ecephys/pipeline-aind+ephys/version-v1.2.4_codebase-v0.3.46_params-1cbdbee_config-7940dfd_attempt-1/logs/report.html"": ""59b703ed-2296-449a-9a0d-5eb37bbee5f7"", ""derivatives/dandiset-001177/sub-J0/sub-J0_ses-PPXopenField-J0-day3_ecephys/pipeline-aind+ephys/version-v1.2.4_codebase-v0.3.46_params-1cbdbee_config-7940dfd_attempt-1/logs/timeline.html"": ""d9058d70-1d29-4e19-9c9d-0014564c530b"", ""derivatives/dandiset-001177/sub-J0/sub-J0_ses-PPXopenField-J0-day3_ecephys/pipeline-aind+ephys/version-v1.2.4_codebase-v0.3.46_params-1cbdbee_config-7940dfd_attempt-1/logs/trace.txt"": ""ef258a88-b069-4f9d-a778-ff91b78927d9""}"	2026-09-08T18:03:22.894130-04:00	2026-09-08T18:03:24.220663-04:00
001177	sub-J0/sub-J0_ses-PPXopenField-J0-day4_ecephys.nwb	aind+ephys	v1.2.4	1cbdbee	7940dfd	1	v0.3.49	b3d31041-837c-4909-9d3d-fc52c591028e	40168404593	True	True	False	True	"{""derivatives/dandiset-001177/sub-J0/sub-J0_ses-PPXopenField-J0-day4_ecephys/pipeline-aind+ephys/version-v1.2.4_codebase-v0.3.49_params-1cbdbee_config-7940dfd_attempt-1/dataset_description.json"": ""7b21eb95-d6b6-4fae-8936-7301c6af7a3a""}"		"{""derivatives/dandiset-001177/sub-J0/sub-J0_ses-PPXopenField-J0-day4_ecephys/pipeline-aind+ephys/version-v1.2.4_codebase-v0.3.49_params-1cbdbee_config-7940dfd_attempt-1/logs/dag.html"": ""374d93d6-f54a-49e3-9bd4-23cc49c2e489"", ""derivatives/dandiset-001177/sub-J0/sub-J0_ses-PPXopenField-J0-day4_ecephys/pipeline-aind+ephys/version-v1.2.4_codebase-v0.3.49_params-1cbdbee_config-7940dfd_attempt-1/logs/job-18219114_slurm.log"": ""b27b0b51-dde0-416e-9482-7bf0566390ff"", ""derivatives/dandiset-001177/sub-J0/sub-J0_ses-PPXopenField-J0-day4_ecephys/pipeline-aind+ephys/version-v1.2.4_codebase-v0.3.49_params-1cbdbee_config-7940dfd_attempt-1/logs/nextflow.log"": ""0e9162da-8cff-42ae-81b7-465558c5b112"", ""derivatives/dandiset-001177/sub-J0/sub-J0_ses-PPXopenField-J0-day4_ecephys/pipeline-aind+ephys/version-v1.2.4_codebase-v0.3.49_params-1cbdbee_config-7940dfd_attempt-1/logs/report.html"": ""c238d32d-9d5c-4dbd-83d8-bdc33ff8a020"", ""derivatives/dandiset-001177/sub-J0/sub-J0_ses-PPXopenField-J0-day4_ecephys/pipeline-aind+ephys/version-v1.2.4_codebase-v0.3.49_params-1cbdbee_config-7940dfd_attempt-1/logs/timeline.html"": ""c82f416a-1bba-4d83-ac3b-a8fd09208c07"", ""derivatives/dandiset-001177/sub-J0/sub-J0_ses-PPXopenField-J0-day4_ecephys/pipeline-aind+ephys/version-v1.2.4_codebase-v0.3.49_params-1cbdbee_config-7940dfd_attempt-1/logs/trace.txt"": ""fb37557e-2192-44ad-b999-dc01a9732ef0""}"	2026-09-08T18:03:35.398172-04:00	2026-09-08T18:03:36.655271-04:00
001177	sub-JFB/sub-JFB_ses-PPXopenField-JFB-day1_ecephys.nwb	aind+ephys	v1.2.4	1cbdbee	7940dfd	1	v0.3.49	bb41fcab-295f-47eb-9e4a-4790fb9273e0	29842896321	True	True	False	True	"{""derivatives/dandiset-001177/sub-JFB/sub-JFB_ses-PPXopenField-JFB-day1_ecephys/pipeline-aind+ephys/version-v1.2.4_codebase-v0.3.49_params-1cbdbee_config-7940dfd_attempt-1/dataset_description.json"": ""7b21eb95-d6b6-4fae-8936-7301c6af7a3a""}"		"{""derivatives/dandiset-001177/sub-JFB/sub-JFB_ses-PPXopenField-JFB-day1_ecephys/pipeline-aind+ephys/version-v1.2.4_codebase-v0.3.49_params-1cbdbee_config-7940dfd_attempt-1/logs/dag.html"": ""374d93d6-f54a-49e3-9bd4-23cc49c2e489"", ""derivatives/dandiset-001177/sub-JFB/sub-JFB_ses-PPXopenField-JFB-day1_ecephys/pipeline-aind+ephys/version-v1.2.4_codebase-v0.3.49_params-1cbdbee_config-7940dfd_attempt-1/logs/job-18825741_slurm.log"": ""281300ca-9f32-4ca6-b513-beec31bd96a9"", ""derivatives/dandiset-001177/sub-JFB/sub-JFB_ses-PPXopenField-JFB-day1_ecephys/pipeline-aind+ephys/version-v1.2.4_codebase-v0.3.49_params-1cbdbee_config-7940dfd_attempt-1/logs/nextflow.log"": ""926586e2-1c63-4e4a-b25e-75cf3858d24f"", ""derivatives/dandiset-001177/sub-JFB/sub-JFB_ses-PPXopenField-JFB-day1_ecephys/pipeline-aind+ephys/version-v1.2.4_codebase-v0.3.49_params-1cbdbee_config-7940dfd_attempt-1/logs/report.html"": ""d54d5674-7a20-4ded-bc0b-c59fa9df0aa2"", ""derivatives/dandiset-001177/sub-JFB/sub-JFB_ses-PPXopenField-JFB-day1_ecephys/pipeline-aind+ephys/version-v1.2.4_codebase-v0.3.49_params-1cbdbee_config-7940dfd_attempt-1/logs/timeline.html"": ""f20c2109-c4f6-4895-ac0b-fe8c286c7bd4"", ""derivatives/dandiset-001177/sub-JFB/sub-JFB_ses-PPXopenField-JFB-day1_ecephys/pipeline-aind+ephys/version-v1.2.4_codebase-v0.3.49_params-1cbdbee_config-7940dfd_attempt-1/logs/trace.txt"": ""b2296f4a-6f97-41a3-92ef-89ecbaffaf3f""}"	2026-09-08T18:03:47.115406-04:00	2026-09-08T18:03:48.308536-04:00
001177	sub-JFF/sub-JFF_ses-PPXopenField-JFF-day1_ecephys.nwb	aind+ephys	v1.2.4	1cbdbee	7940dfd	1	v0.3.46	8ccab0bb-cd2e-492f-8625-3ad007a81ac2	31306396877	True	True	False	True	"{""derivatives/dandiset-001177/sub-JFF/sub-JFF_ses-PPXopenField-JFF-day1_ecephys/pipeline-aind+ephys/version-v1.2.4_codebase-v0.3.46_params-1cbdbee_config-7940dfd_attempt-1/dataset_description.json"": ""208e0c31-b614-4d97-a69d-a8519a914074""}"		"{""derivatives/dandiset-001177/sub-JFF/sub-JFF_ses-PPXopenField-JFF-day1_ecephys/pipeline-aind+ephys/version-v1.2.4_codebase-v0.3.46_params-1cbdbee_config-7940dfd_attempt-1/logs/dag.html"": ""374d93d6-f54a-49e3-9bd4-23cc49c2e489"", ""derivatives/dandiset-001177/sub-JFF/sub-JFF_ses-PPXopenField-JFF-day1_ecephys/pipeline-aind+ephys/version-v1.2.4_codebase-v0.3.46_params-1cbdbee_config-7940dfd_attempt-1/logs/job-16674814_slurm.log"": ""dbad7d1b-f875-4dba-a539-5f300dc1b028"", ""derivatives/dandiset-001177/sub-JFF/sub-JFF_ses-PPXopenField-JFF-day1_ecephys/pipeline-aind+ephys/version-v1.2.4_codebase-v0.3.46_params-1cbdbee_config-7940dfd_attempt-1/logs/nextflow.log"": ""cedfc408-8f94-4c41-8d31-a4265ce92996"", ""derivatives/dandiset-001177/sub-JFF/sub-JFF_ses-PPXopenField-JFF-day1_ecephys/pipeline-aind+ephys/version-v1.2.4_codebase-v0.3.46_params-1cbdbee_config-7940dfd_attempt-1/logs/report.html"": ""8b17a07b-304c-4bae-a774-5bc9dedf94f6"", ""derivatives/dandiset-001177/sub-JFF/sub-JFF_ses-PPXopenField-JFF-day1_ecephys/pipeline-aind+ephys/version-v1.2.4_codebase-v0.3.46_params-1cbdbee_config-7940dfd_attempt-1/logs/timeline.html"": ""b24bed09-0185-4bd5-aeb8-35d6a30187cf"", ""derivatives/dandiset-001177/sub-JFF/sub-JFF_ses-PPXopenField-JFF-day1_ecephys/pipeline-aind+ephys/version-v1.2.4_codebase-v0.3.46_params-1cbdbee_config-7940dfd_attempt-1/logs/trace.txt"": ""071def81-5e87-4484-83fc-9ff336dd41d8""}"	2026-09-08T18:03:59.012635-04:00	2026-09-08T18:04:00.314246-04:00
001177	sub-K1/sub-K1_ses-PPXopenField-K1-day2_ecephys.nwb	aind+ephys	v1.2.4	1cbdbee	7940dfd	1	v0.3.49	60171f40-792f-4514-a9fe-77542cc90983	37608632415	True	True	False	True	"{""derivatives/dandiset-001177/sub-K1/sub-K1_ses-PPXopenField-K1-day2_ecephys/pipeline-aind+ephys/version-v1.2.4_codebase-v0.3.49_params-1cbdbee_config-7940dfd_attempt-1/dataset_description.json"": ""7b21eb95-d6b6-4fae-8936-7301c6af7a3a""}"		"{""derivatives/dandiset-001177/sub-K1/sub-K1_ses-PPXopenField-K1-day2_ecephys/pipeline-aind+ephys/version-v1.2.4_codebase-v0.3.49_params-1cbdbee_config-7940dfd_attempt-1/logs/dag.html"": ""374d93d6-f54a-49e3-9bd4-23cc49c2e489"", ""derivatives/dandiset-001177/sub-K1/sub-K1_ses-PPXopenField-K1-day2_ecephys/pipeline-aind+ephys/version-v1.2.4_codebase-v0.3.49_params-1cbdbee_config-7940dfd_attempt-1/logs/job-17605159_slurm.log"": ""476bf75c-1c52-447b-a025-be42f9497022"", ""derivatives/dandiset-001177/sub-K1/sub-K1_ses-PPXopenField-K1-day2_ecephys/pipeline-aind+ephys/version-v1.2.4_codebase-v0.3.49_params-1cbdbee_config-7940dfd_attempt-1/logs/nextflow.log"": ""1e73264a-7c31-4dfb-b059-be5cc67f1cb1"", ""derivatives/dandiset-001177/sub-K1/sub-K1_ses-PPXopenField-K1-day2_ecephys/pipeline-aind+ephys/version-v1.2.4_codebase-v0.3.49_params-1cbdbee_config-7940dfd_attempt-1/logs/report.html"": ""92825e26-5c31-4365-9642-982127050c2c"", ""derivatives/dandiset-001177/sub-K1/sub-K1_ses-PPXopenField-K1-day2_ecephys/pipeline-aind+ephys/version-v1.2.4_codebase-v0.3.49_params-1cbdbee_config-7940dfd_attempt-1/logs/timeline.html"": ""9d1bcc89-5c33-4f6b-8d24-54a33fba9ab1"", ""derivatives/dandiset-001177/sub-K1/sub-K1_ses-PPXopenField-K1-day2_ecephys/pipeline-aind+ephys/version-v1.2.4_codebase-v0.3.49_params-1cbdbee_config-7940dfd_attempt-1/logs/trace.txt"": ""01099416-e2ac-4526-a4ed-2f189115cafa""}"	2026-09-08T18:04:11.212019-04:00	2026-09-08T18:04:12.505443-04:00
001177	sub-K4/sub-K4_ses-PPXopenField-K4-day2_ecephys.nwb	aind+ephys	v1.2.2	1cbdbee	7940dfd	1	v0.3.28	c1d37f92-cc7b-4f51-bb68-f342b0950021	30294366487	True	True	False	True	"{""derivatives/dandiset-001177/sub-K4/sub-K4_ses-PPXopenField-K4-day2_ecephys/pipeline-aind+ephys/version-v1.2.2_codebase-v0.3.28_params-1cbdbee_config-7940dfd_attempt-1/dataset_description.json"": ""976b8c2c-4bef-4389-bfb6-c79ec7bed1ea""}"		"{""derivatives/dandiset-001177/sub-K4/sub-K4_ses-PPXopenField-K4-day2_ecephys/pipeline-aind+ephys/version-v1.2.2_codebase-v0.3.28_params-1cbdbee_config-7940dfd_attempt-1/logs/dag.html"": ""374d93d6-f54a-49e3-9bd4-23cc49c2e489"", ""derivatives/dandiset-001177/sub-K4/sub-K4_ses-PPXopenField-K4-day2_ecephys/pipeline-aind+ephys/version-v1.2.2_codebase-v0.3.28_params-1cbdbee_config-7940dfd_attempt-1/logs/job-15839144_slurm.log"": ""fb29d3c1-240d-4e7d-9e99-6368b0008d1b"", ""derivatives/dandiset-001177/sub-K4/sub-K4_ses-PPXopenField-K4-day2_ecephys/pipeline-aind+ephys/version-v1.2.2_codebase-v0.3.28_params-1cbdbee_config-7940dfd_attempt-1/logs/nextflow.log"": ""96cb9122-bc01-4401-aa70-828c61dc0391"", ""derivatives/dandiset-001177/sub-K4/sub-K4_ses-PPXopenField-K4-day2_ecephys/pipeline-aind+ephys/version-v1.2.2_codebase-v0.3.28_params-1cbdbee_config-7940dfd_attempt-1/logs/report.html"": ""44fa4b8a-7805-4fe9-830b-8f65999a256b"", ""derivatives/dandiset-001177/sub-K4/sub-K4_ses-PPXopenField-K4-day2_ecephys/pipeline-aind+ephys/version-v1.2.2_codebase-v0.3.28_params-1cbdbee_config-7940dfd_attempt-1/logs/timeline.html"": ""bcd33b0a-4ffd-4947-a79e-877d4db5da3b"", ""derivatives/dandiset-001177/sub-K4/sub-K4_ses-PPXopenField-K4-day2_ecephys/pipeline-aind+ephys/version-v1.2.2_codebase-v0.3.28_params-1cbdbee_config-7940dfd_attempt-1/logs/trace.txt"": ""2826cc82-db6c-4849-ad5f-021ef17dc48f""}"	2026-09-08T18:04:23.136578-04:00	2026-09-08T18:04:24.652618-04:00
001177	sub-N4/sub-N4_ses-PPXopenField-N4-day4_ecephys.nwb	aind+ephys	v1.2.4	1cbdbee	7940dfd	1	v0.3.49	2704372d-0024-410c-a63b-324eee165546	23255616512	True	True	False	True	"{""derivatives/dandiset-001177/sub-N4/sub-N4_ses-PPXopenField-N4-day4_ecephys/pipeline-aind+ephys/version-v1.2.4_codebase-v0.3.49_params-1cbdbee_config-7940dfd_attempt-1/dataset_description.json"": ""7b21eb95-d6b6-4fae-8936-7301c6af7a3a""}"		"{""derivatives/dandiset-001177/sub-N4/sub-N4_ses-PPXopenField-N4-day4_ecephys/pipeline-aind+ephys/version-v1.2.4_codebase-v0.3.49_params-1cbdbee_config-7940dfd_attempt-1/logs/dag.html"": ""374d93d6-f54a-49e3-9bd4-23cc49c2e489"", ""derivatives/dandiset-001177/sub-N4/sub-N4_ses-PPXopenField-N4-day4_ecephys/pipeline-aind+ephys/version-v1.2.4_codebase-v0.3.49_params-1cbdbee_config-7940dfd_attempt-1/logs/job-17606441_slurm.log"": ""4128c395-31e2-4d8c-9123-a2635fb2ad76"", ""derivatives/dandiset-001177/sub-N4/sub-N4_ses-PPXopenField-N4-day4_ecephys/pipeline-aind+ephys/version-v1.2.4_codebase-v0.3.49_params-1cbdbee_config-7940dfd_attempt-1/logs/nextflow.log"": ""8352133a-b0a1-4ae8-bbfd-b958a4fde628"", ""derivatives/dandiset-001177/sub-N4/sub-N4_ses-PPXopenField-N4-day4_ecephys/pipeline-aind+ephys/version-v1.2.4_codebase-v0.3.49_params-1cbdbee_config-7940dfd_attempt-1/logs/report.html"": ""d06d5582-6926-405b-b748-94d34ad7c7cd"", ""derivatives/dandiset-001177/sub-N4/sub-N4_ses-PPXopenField-N4-day4_ecephys/pipeline-aind+ephys/version-v1.2.4_codebase-v0.3.49_params-1cbdbee_config-7940dfd_attempt-1/logs/timeline.html"": ""7efe26ca-40ff-4574-af45-100548a121a6"", ""derivatives/dandiset-001177/sub-N4/sub-N4_ses-PPXopenField-N4-day4_ecephys/pipeline-aind+ephys/version-v1.2.4_codebase-v0.3.49_params-1cbdbee_config-7940dfd_attempt-1/logs/trace.txt"": ""fc16898e-c032-419c-8adf-f8857f572041""}"	2026-09-08T18:04:37.529727-04:00	2026-09-08T18:04:38.805878-04:00
001177	sub-P4/sub-P4_ses-PPXopenField-P4-day1_ecephys.nwb	aind+ephys	v1.2.4	1cbdbee	7940dfd	1	v0.3.43	9e240fa8-0c22-48d6-ab8e-aafdec9c7c86	39948814820	True	True	False	True	"{""derivatives/dandiset-001177/sub-P4/sub-P4_ses-PPXopenField-P4-day1_ecephys/pipeline-aind+ephys/version-v1.2.4_codebase-v0.3.43_params-1cbdbee_config-7940dfd_attempt-1/dataset_description.json"": ""df9c497a-0467-42b9-9619-de0d9e98fd8c""}"		"{""derivatives/dandiset-001177/sub-P4/sub-P4_ses-PPXopenField-P4-day1_ecephys/pipeline-aind+ephys/version-v1.2.4_codebase-v0.3.43_params-1cbdbee_config-7940dfd_attempt-1/logs/dag.html"": ""374d93d6-f54a-49e3-9bd4-23cc49c2e489"", ""derivatives/dandiset-001177/sub-P4/sub-P4_ses-PPXopenField-P4-day1_ecephys/pipeline-aind+ephys/version-v1.2.4_codebase-v0.3.43_params-1cbdbee_config-7940dfd_attempt-1/logs/job-16464660_slurm.log"": ""00cf169a-cd38-409b-b1cc-922e76d1a314"", ""derivatives/dandiset-001177/sub-P4/sub-P4_ses-PPXopenField-P4-day1_ecephys/pipeline-aind+ephys/version-v1.2.4_codebase-v0.3.43_params-1cbdbee_config-7940dfd_attempt-1/logs/nextflow.log"": ""53b575e2-1189-43e2-9c00-5879a1098017"", ""derivatives/dandiset-001177/sub-P4/sub-P4_ses-PPXopenField-P4-day1_ecephys/pipeline-aind+ephys/version-v1.2.4_codebase-v0.3.43_params-1cbdbee_config-7940dfd_attempt-1/logs/report.html"": ""bb4b3517-85ae-4691-add7-cdeb07984c9b"", ""derivatives/dandiset-001177/sub-P4/sub-P4_ses-PPXopenField-P4-day1_ecephys/pipeline-aind+ephys/version-v1.2.4_codebase-v0.3.43_params-1cbdbee_config-7940dfd_attempt-1/logs/timeline.html"": ""267599b8-98c4-4324-8eb0-269f423a319d"", ""derivatives/dandiset-001177/sub-P4/sub-P4_ses-PPXopenField-P4-day1_ecephys/pipeline-aind+ephys/version-v1.2.4_codebase-v0.3.43_params-1cbdbee_config-7940dfd_attempt-1/logs/trace.txt"": ""588d2e17-5bb0-49f0-9ff1-f6882f494b11""}"	2026-09-08T18:04:51.321442-04:00	2026-09-08T18:04:52.615084-04:00
001250	sub-001-fitted/sub-001-fitted_ecephys.nwb	aind+ephys	v1.2.4	1cbdbee	7940dfd	1	v0.3.49	0c32c475-1251-485b-9934-83667b3ba4ba	117376401959	True	True	False	False	"{""derivatives/dandiset-001250/sub-001-fitted/sub-001-fitted_ecephys/pipeline-aind+ephys/version-v1.2.4_codebase-v0.3.49_params-1cbdbee_config-7940dfd_attempt-1/dataset_description.json"": ""112b4ff8-e76f-4c1d-a6be-360995a66237""}"			2026-09-09T09:31:28.348177-04:00	
001250	sub-002-fitted/sub-002-fitted_ecephys.nwb	aind+ephys	v1.2.4	1cbdbee	7940dfd	1	v0.3.49	9d66ed40-af31-43aa-b4ba-246d2206dcad	103166485050	True	True	False	True	"{""derivatives/dandiset-001250/sub-002-fitted/sub-002-fitted_ecephys/pipeline-aind+ephys/version-v1.2.4_codebase-v0.3.49_params-1cbdbee_config-7940dfd_attempt-1/dataset_description.json"": ""112b4ff8-e76f-4c1d-a6be-360995a66237""}"		"{""derivatives/dandiset-001250/sub-002-fitted/sub-002-fitted_ecephys/pipeline-aind+ephys/version-v1.2.4_codebase-v0.3.49_params-1cbdbee_config-7940dfd_attempt-1/logs/dag.html"": ""374d93d6-f54a-49e3-9bd4-23cc49c2e489"", ""derivatives/dandiset-001250/sub-002-fitted/sub-002-fitted_ecephys/pipeline-aind+ephys/version-v1.2.4_codebase-v0.3.49_params-1cbdbee_config-7940dfd_attempt-1/logs/job-17652075_slurm.log"": ""e9d35d2f-f005-4173-9fa6-645c60dc9f8c"", ""derivatives/dandiset-001250/sub-002-fitted/sub-002-fitted_ecephys/pipeline-aind+ephys/version-v1.2.4_codebase-v0.3.49_params-1cbdbee_config-7940dfd_attempt-1/logs/nextflow.log"": ""140b695f-821e-4c16-9cd2-31c3f7331b33"", ""derivatives/dandiset-001250/sub-002-fitted/sub-002-fitted_ecephys/pipeline-aind+ephys/version-v1.2.4_codebase-v0.3.49_params-1cbdbee_config-7940dfd_attempt-1/logs/report.html"": ""077ffc58-16af-419b-a63e-69c9a83de6c4"", ""derivatives/dandiset-001250/sub-002-fitted/sub-002-fitted_ecephys/pipeline-aind+ephys/version-v1.2.4_codebase-v0.3.49_params-1cbdbee_config-7940dfd_attempt-1/logs/timeline.html"": ""06797683-2cb5-445e-9acf-01dd40934204"", ""derivatives/dandiset-001250/sub-002-fitted/sub-002-fitted_ecephys/pipeline-aind+ephys/version-v1.2.4_codebase-v0.3.49_params-1cbdbee_config-7940dfd_attempt-1/logs/trace.txt"": ""cec5a411-e072-4dfd-b7ce-41887ca52909""}"	2026-09-08T18:05:04.536552-04:00	2026-09-08T18:05:05.855182-04:00
001250	sub-002/sub-002_ecephys.nwb	aind+ephys	v1.2.4	1cbdbee	7940dfd	1	v0.3.49	fecce052-19ae-43bb-9961-db1d75fddd37	97552688811	True	True	False	True	"{""derivatives/dandiset-001250/sub-002/sub-002_ecephys/pipeline-aind+ephys/version-v1.2.4_codebase-v0.3.49_params-1cbdbee_config-7940dfd_attempt-1/dataset_description.json"": ""112b4ff8-e76f-4c1d-a6be-360995a66237""}"		"{""derivatives/dandiset-001250/sub-002/sub-002_ecephys/pipeline-aind+ephys/version-v1.2.4_codebase-v0.3.49_params-1cbdbee_config-7940dfd_attempt-1/logs/dag.html"": ""374d93d6-f54a-49e3-9bd4-23cc49c2e489"", ""derivatives/dandiset-001250/sub-002/sub-002_ecephys/pipeline-aind+ephys/version-v1.2.4_codebase-v0.3.49_params-1cbdbee_config-7940dfd_attempt-1/logs/job-18704561_slurm.log"": ""49dc631b-e787-45fa-951f-f7bd912dbb04"", ""derivatives/dandiset-001250/sub-002/sub-002_ecephys/pipeline-aind+ephys/version-v1.2.4_codebase-v0.3.49_params-1cbdbee_config-7940dfd_attempt-1/logs/nextflow.log"": ""05ad5b95-0e6b-4678-aa74-0e69211559fb"", ""derivatives/dandiset-001250/sub-002/sub-002_ecephys/pipeline-aind+ephys/version-v1.2.4_codebase-v0.3.49_params-1cbdbee_config-7940dfd_attempt-1/logs/report.html"": ""caf5ab66-2a7c-41ad-b009-23bdb5eccc97"", ""derivatives/dandiset-001250/sub-002/sub-002_ecephys/pipeline-aind+ephys/version-v1.2.4_codebase-v0.3.49_params-1cbdbee_config-7940dfd_attempt-1/logs/timeline.html"": ""fd6e6706-a79e-4bc1-a843-f8af534ce9f2"", ""derivatives/dandiset-001250/sub-002/sub-002_ecephys/pipeline-aind+ephys/version-v1.2.4_codebase-v0.3.49_params-1cbdbee_config-7940dfd_attempt-1/logs/trace.txt"": ""67210284-1742-40e4-93d7-740e69a6046b""}"	2026-09-08T18:05:16.198583-04:00	2026-09-08T18:05:17.800131-04:00
001250	sub-003-fitted/sub-003-fitted_ecephys.nwb	aind+ephys	v1.2.4	1cbdbee	7940dfd	3	v0.3.43	dece6568-cee4-4ade-80bf-c1166a03fe2a	16215369543	True	True	False	False	"{""derivatives/dandiset-001250/sub-003-fitted/sub-003-fitted_ecephys/pipeline-aind+ephys/version-v1.2.4_codebase-v0.3.43_params-1cbdbee_config-7940dfd_attempt-3/dataset_description.json"": ""018927df-6327-4f19-9e3d-36ae3f976333""}"			2026-09-09T09:31:40.117780-04:00	
001250	sub-003/sub-003_ecephys.nwb	aind+ephys	v1.2.4	1cbdbee	7940dfd	1	v0.3.42	d0e61e4d-111e-46d3-8418-f0ba6ae1a17e	14642480594	True	True	False	True	"{""derivatives/dandiset-001250/sub-003/sub-003_ecephys/pipeline-aind+ephys/version-v1.2.4_codebase-v0.3.42_params-1cbdbee_config-7940dfd_attempt-1/dataset_description.json"": ""e4bcba1c-7670-47fa-bc29-a8f589fc64ef""}"		"{""derivatives/dandiset-001250/sub-003/sub-003_ecephys/pipeline-aind+ephys/version-v1.2.4_codebase-v0.3.42_params-1cbdbee_config-7940dfd_attempt-1/logs/job-16218589_slurm.log"": ""b0620607-f0bf-446b-835d-bfab99ad7d7f"", ""derivatives/dandiset-001250/sub-003/sub-003_ecephys/pipeline-aind+ephys/version-v1.2.4_codebase-v0.3.42_params-1cbdbee_config-7940dfd_attempt-1/logs/nextflow.log"": ""7d0485ba-9c9c-4d2f-98ad-5b0a3a23d094""}"	2026-06-22T16:40:28.694838-04:00	2026-06-22T16:40:29.248093-04:00
001250	sub-003/sub-003_ecephys.nwb	aind+ephys	v1.2.4	1cbdbee	7940dfd	2	v0.3.42	d0e61e4d-111e-46d3-8418-f0ba6ae1a17e	14642480594	True	True	False	True	"{""derivatives/dandiset-001250/sub-003/sub-003_ecephys/pipeline-aind+ephys/version-v1.2.4_codebase-v0.3.42_params-1cbdbee_config-7940dfd_attempt-2/dataset_description.json"": ""e4bcba1c-7670-47fa-bc29-a8f589fc64ef""}"		"{""derivatives/dandiset-001250/sub-003/sub-003_ecephys/pipeline-aind+ephys/version-v1.2.4_codebase-v0.3.42_params-1cbdbee_config-7940dfd_attempt-2/logs/job-16237686_slurm.log"": ""fffc03ed-7292-443f-827f-32f124631035"", ""derivatives/dandiset-001250/sub-003/sub-003_ecephys/pipeline-aind+ephys/version-v1.2.4_codebase-v0.3.42_params-1cbdbee_config-7940dfd_attempt-2/logs/nextflow.log"": ""0569430a-0fe2-49ff-bff4-910a8ff3de5f""}"	2026-06-22T16:40:54.689899-04:00	2026-06-22T16:40:55.291462-04:00
001250	sub-003/sub-003_ecephys.nwb	aind+ephys	v1.2.4	1cbdbee	7940dfd	3	v0.3.42	d0e61e4d-111e-46d3-8418-f0ba6ae1a17e	14642480594	True	True	False	True	"{""derivatives/dandiset-001250/sub-003/sub-003_ecephys/pipeline-aind+ephys/version-v1.2.4_codebase-v0.3.42_params-1cbdbee_config-7940dfd_attempt-3/dataset_description.json"": ""e4bcba1c-7670-47fa-bc29-a8f589fc64ef""}"		"{""derivatives/dandiset-001250/sub-003/sub-003_ecephys/pipeline-aind+ephys/version-v1.2.4_codebase-v0.3.42_params-1cbdbee_config-7940dfd_attempt-3/logs/job-16256909_slurm.log"": ""15b684da-312b-46c0-ab7e-43e9d9eb72f7"", ""derivatives/dandiset-001250/sub-003/sub-003_ecephys/pipeline-aind+ephys/version-v1.2.4_codebase-v0.3.42_params-1cbdbee_config-7940dfd_attempt-3/logs/nextflow.log"": ""4b00a0c3-a0ba-4f01-b054-d6beb5e510ed""}"	2026-06-22T16:41:21.729863-04:00	2026-06-22T16:41:22.145508-04:00
001250	sub-003/sub-003_ecephys.nwb	aind+ephys	v1.2.4	1cbdbee	7940dfd	1	v0.3.43	d0e61e4d-111e-46d3-8418-f0ba6ae1a17e	14642480594	True	True	False	True	"{""derivatives/dandiset-001250/sub-003/sub-003_ecephys/pipeline-aind+ephys/version-v1.2.4_codebase-v0.3.43_params-1cbdbee_config-7940dfd_attempt-1/dataset_description.json"": ""018927df-6327-4f19-9e3d-36ae3f976333""}"		"{""derivatives/dandiset-001250/sub-003/sub-003_ecephys/pipeline-aind+ephys/version-v1.2.4_codebase-v0.3.43_params-1cbdbee_config-7940dfd_attempt-1/logs/dag.html"": ""374d93d6-f54a-49e3-9bd4-23cc49c2e489"", ""derivatives/dandiset-001250/sub-003/sub-003_ecephys/pipeline-aind+ephys/version-v1.2.4_codebase-v0.3.43_params-1cbdbee_config-7940dfd_attempt-1/logs/job-16319071_slurm.log"": ""61c3c16a-34b2-4a7c-9249-a3f9ae9f967c"", ""derivatives/dandiset-001250/sub-003/sub-003_ecephys/pipeline-aind+ephys/version-v1.2.4_codebase-v0.3.43_params-1cbdbee_config-7940dfd_attempt-1/logs/nextflow.log"": ""9c6871c6-6d7c-4e0e-a7d9-8ab81dd9ab8c"", ""derivatives/dandiset-001250/sub-003/sub-003_ecephys/pipeline-aind+ephys/version-v1.2.4_codebase-v0.3.43_params-1cbdbee_config-7940dfd_attempt-1/logs/report.html"": ""c0adc27b-7eab-461b-be13-d723efb1273c"", ""derivatives/dandiset-001250/sub-003/sub-003_ecephys/pipeline-aind+ephys/version-v1.2.4_codebase-v0.3.43_params-1cbdbee_config-7940dfd_attempt-1/logs/timeline.html"": ""f11fbd8a-0cad-4c7a-ad45-428bdd6499ac"", ""derivatives/dandiset-001250/sub-003/sub-003_ecephys/pipeline-aind+ephys/version-v1.2.4_codebase-v0.3.43_params-1cbdbee_config-7940dfd_attempt-1/logs/trace.txt"": ""c82fc695-6ed6-4081-971a-158515c430bc""}"	2026-09-08T18:05:29.876338-04:00	2026-09-08T18:05:31.199128-04:00
001250	sub-003/sub-003_ecephys.nwb	aind+ephys	v1.2.4	1cbdbee	7940dfd	1	v0.3.46	d0e61e4d-111e-46d3-8418-f0ba6ae1a17e	14642480594	True	True	False	True	"{""derivatives/dandiset-001250/sub-003/sub-003_ecephys/pipeline-aind+ephys/version-v1.2.4_codebase-v0.3.46_params-1cbdbee_config-7940dfd_attempt-1/dataset_description.json"": ""e11a4f0c-77b8-4292-9b71-a43e79ca126a""}"		"{""derivatives/dandiset-001250/sub-003/sub-003_ecephys/pipeline-aind+ephys/version-v1.2.4_codebase-v0.3.46_params-1cbdbee_config-7940dfd_attempt-1/logs/dag.html"": ""374d93d6-f54a-49e3-9bd4-23cc49c2e489"", ""derivatives/dandiset-001250/sub-003/sub-003_ecephys/pipeline-aind+ephys/version-v1.2.4_codebase-v0.3.46_params-1cbdbee_config-7940dfd_attempt-1/logs/job-16678950_slurm.log"": ""15019704-4922-490d-8f06-2e5e43ec1148"", ""derivatives/dandiset-001250/sub-003/sub-003_ecephys/pipeline-aind+ephys/version-v1.2.4_codebase-v0.3.46_params-1cbdbee_config-7940dfd_attempt-1/logs/nextflow.log"": ""83ce08b1-d427-4013-b713-0c152ebc9404"", ""derivatives/dandiset-001250/sub-003/sub-003_ecephys/pipeline-aind+ephys/version-v1.2.4_codebase-v0.3.46_params-1cbdbee_config-7940dfd_attempt-1/logs/report.html"": ""55aa6a1d-941a-4da6-9399-fe4b74d35876"", ""derivatives/dandiset-001250/sub-003/sub-003_ecephys/pipeline-aind+ephys/version-v1.2.4_codebase-v0.3.46_params-1cbdbee_config-7940dfd_attempt-1/logs/timeline.html"": ""ca32d7c4-9642-4248-8731-32957f77e5f7"", ""derivatives/dandiset-001250/sub-003/sub-003_ecephys/pipeline-aind+ephys/version-v1.2.4_codebase-v0.3.46_params-1cbdbee_config-7940dfd_attempt-1/logs/trace.txt"": ""b10f8b67-664f-44d5-857e-8e7dd327f26d""}"	2026-09-08T18:05:44.238738-04:00	2026-09-08T18:05:45.693674-04:00
001250	sub-003/sub-003_ecephys.nwb	aind+ephys	v1.2.4	1cbdbee	7940dfd	2	v0.3.46	d0e61e4d-111e-46d3-8418-f0ba6ae1a17e	14642480594	True	True	False	True	"{""derivatives/dandiset-001250/sub-003/sub-003_ecephys/pipeline-aind+ephys/version-v1.2.4_codebase-v0.3.46_params-1cbdbee_config-7940dfd_attempt-2/dataset_description.json"": ""e11a4f0c-77b8-4292-9b71-a43e79ca126a""}"		"{""derivatives/dandiset-001250/sub-003/sub-003_ecephys/pipeline-aind+ephys/version-v1.2.4_codebase-v0.3.46_params-1cbdbee_config-7940dfd_attempt-2/logs/dag.html"": ""374d93d6-f54a-49e3-9bd4-23cc49c2e489"", ""derivatives/dandiset-001250/sub-003/sub-003_ecephys/pipeline-aind+ephys/version-v1.2.4_codebase-v0.3.46_params-1cbdbee_config-7940dfd_attempt-2/logs/job-16685164_slurm.log"": ""fe7fd2fc-9844-4c6a-8c53-1dfe2db3243b"", ""derivatives/dandiset-001250/sub-003/sub-003_ecephys/pipeline-aind+ephys/version-v1.2.4_codebase-v0.3.46_params-1cbdbee_config-7940dfd_attempt-2/logs/nextflow.log"": ""c400cc11-ecab-4b2c-b512-7018a910a039"", ""derivatives/dandiset-001250/sub-003/sub-003_ecephys/pipeline-aind+ephys/version-v1.2.4_codebase-v0.3.46_params-1cbdbee_config-7940dfd_attempt-2/logs/report.html"": ""36f5f009-b999-42be-83a0-e536848abec9"", ""derivatives/dandiset-001250/sub-003/sub-003_ecephys/pipeline-aind+ephys/version-v1.2.4_codebase-v0.3.46_params-1cbdbee_config-7940dfd_attempt-2/logs/timeline.html"": ""3373961c-f0c3-4cbd-a08a-53dfb8dad94e"", ""derivatives/dandiset-001250/sub-003/sub-003_ecephys/pipeline-aind+ephys/version-v1.2.4_codebase-v0.3.46_params-1cbdbee_config-7940dfd_attempt-2/logs/trace.txt"": ""410c855c-1eb7-4cdc-91fa-e48036321517""}"	2026-09-08T18:05:56.807355-04:00	2026-09-08T18:05:58.126933-04:00
001250	sub-005/sub-005_ecephys.nwb	aind+ephys	v1.2.4	1cbdbee	7940dfd	1	v0.3.43	9bc44d41-2d14-4798-b649-ab77ff92579c	15624008932	True	True	False	True	"{""derivatives/dandiset-001250/sub-005/sub-005_ecephys/pipeline-aind+ephys/version-v1.2.4_codebase-v0.3.43_params-1cbdbee_config-7940dfd_attempt-1/dataset_description.json"": ""018927df-6327-4f19-9e3d-36ae3f976333""}"		"{""derivatives/dandiset-001250/sub-005/sub-005_ecephys/pipeline-aind+ephys/version-v1.2.4_codebase-v0.3.43_params-1cbdbee_config-7940dfd_attempt-1/logs/dag.html"": ""374d93d6-f54a-49e3-9bd4-23cc49c2e489"", ""derivatives/dandiset-001250/sub-005/sub-005_ecephys/pipeline-aind+ephys/version-v1.2.4_codebase-v0.3.43_params-1cbdbee_config-7940dfd_attempt-1/logs/job-16696572_slurm.log"": ""5d2b1869-3005-4bb8-bff0-8cfae8887537"", ""derivatives/dandiset-001250/sub-005/sub-005_ecephys/pipeline-aind+ephys/version-v1.2.4_codebase-v0.3.43_params-1cbdbee_config-7940dfd_attempt-1/logs/nextflow.log"": ""b7bc2b21-4025-49fc-b9ba-ec73d4f20e4f"", ""derivatives/dandiset-001250/sub-005/sub-005_ecephys/pipeline-aind+ephys/version-v1.2.4_codebase-v0.3.43_params-1cbdbee_config-7940dfd_attempt-1/logs/report.html"": ""bf829e38-0a6d-48ef-835b-f52eb65c52b3"", ""derivatives/dandiset-001250/sub-005/sub-005_ecephys/pipeline-aind+ephys/version-v1.2.4_codebase-v0.3.43_params-1cbdbee_config-7940dfd_attempt-1/logs/timeline.html"": ""ea48c20d-bb19-40e9-9527-178a42b2e6fa"", ""derivatives/dandiset-001250/sub-005/sub-005_ecephys/pipeline-aind+ephys/version-v1.2.4_codebase-v0.3.43_params-1cbdbee_config-7940dfd_attempt-1/logs/trace.txt"": ""38121ae7-1d03-4259-baa8-519bca17b96a""}"	2026-09-08T18:06:12.363586-04:00	2026-09-08T18:06:13.775958-04:00
001250	sub-005/sub-005_ecephys.nwb	aind+ephys	v1.2.4	1cbdbee	7940dfd	1	v0.3.46	9bc44d41-2d14-4798-b649-ab77ff92579c	15624008932	True	True	False	True	"{""derivatives/dandiset-001250/sub-005/sub-005_ecephys/pipeline-aind+ephys/version-v1.2.4_codebase-v0.3.46_params-1cbdbee_config-7940dfd_attempt-1/dataset_description.json"": ""e11a4f0c-77b8-4292-9b71-a43e79ca126a""}"		"{""derivatives/dandiset-001250/sub-005/sub-005_ecephys/pipeline-aind+ephys/version-v1.2.4_codebase-v0.3.46_params-1cbdbee_config-7940dfd_attempt-1/logs/dag.html"": ""374d93d6-f54a-49e3-9bd4-23cc49c2e489"", ""derivatives/dandiset-001250/sub-005/sub-005_ecephys/pipeline-aind+ephys/version-v1.2.4_codebase-v0.3.46_params-1cbdbee_config-7940dfd_attempt-1/logs/job-16698001_slurm.log"": ""31fbcd8c-2b30-47d1-a37a-c3a19b3bbf5c"", ""derivatives/dandiset-001250/sub-005/sub-005_ecephys/pipeline-aind+ephys/version-v1.2.4_codebase-v0.3.46_params-1cbdbee_config-7940dfd_attempt-1/logs/nextflow.log"": ""324d5c9d-fdc5-4aec-9865-2fc94c1b7f88"", ""derivatives/dandiset-001250/sub-005/sub-005_ecephys/pipeline-aind+ephys/version-v1.2.4_codebase-v0.3.46_params-1cbdbee_config-7940dfd_attempt-1/logs/report.html"": ""44a9f5bc-d1ab-47ce-9f90-4cf2afcbe634"", ""derivatives/dandiset-001250/sub-005/sub-005_ecephys/pipeline-aind+ephys/version-v1.2.4_codebase-v0.3.46_params-1cbdbee_config-7940dfd_attempt-1/logs/timeline.html"": ""c2ea9262-cf1e-411c-8b94-0c1e69854bde"", ""derivatives/dandiset-001250/sub-005/sub-005_ecephys/pipeline-aind+ephys/version-v1.2.4_codebase-v0.3.46_params-1cbdbee_config-7940dfd_attempt-1/logs/trace.txt"": ""9c201961-c8f8-475e-8d28-9f648f12b498""}"	2026-09-08T18:06:25.965132-04:00	2026-09-08T18:06:27.297480-04:00
001250	sub-005/sub-005_ecephys.nwb	aind+ephys	v1.2.4	1cbdbee	7940dfd	2	v0.3.46	9bc44d41-2d14-4798-b649-ab77ff92579c	15624008932	True	True	False	True	"{""derivatives/dandiset-001250/sub-005/sub-005_ecephys/pipeline-aind+ephys/version-v1.2.4_codebase-v0.3.46_params-1cbdbee_config-7940dfd_attempt-2/dataset_description.json"": ""e11a4f0c-77b8-4292-9b71-a43e79ca126a""}"		"{""derivatives/dandiset-001250/sub-005/sub-005_ecephys/pipeline-aind+ephys/version-v1.2.4_codebase-v0.3.46_params-1cbdbee_config-7940dfd_attempt-2/logs/dag.html"": ""374d93d6-f54a-49e3-9bd4-23cc49c2e489"", ""derivatives/dandiset-001250/sub-005/sub-005_ecephys/pipeline-aind+ephys/version-v1.2.4_codebase-v0.3.46_params-1cbdbee_config-7940dfd_attempt-2/logs/job-16699174_slurm.log"": ""d53c4364-4afd-436a-86b5-b050d573665e"", ""derivatives/dandiset-001250/sub-005/sub-005_ecephys/pipeline-aind+ephys/version-v1.2.4_codebase-v0.3.46_params-1cbdbee_config-7940dfd_attempt-2/logs/nextflow.log"": ""cc132e27-1f9c-4014-b4d9-b5c01b3644f4"", ""derivatives/dandiset-001250/sub-005/sub-005_ecephys/pipeline-aind+ephys/version-v1.2.4_codebase-v0.3.46_params-1cbdbee_config-7940dfd_attempt-2/logs/report.html"": ""7861edac-8428-4faa-92a5-dc42b5aee83a"", ""derivatives/dandiset-001250/sub-005/sub-005_ecephys/pipeline-aind+ephys/version-v1.2.4_codebase-v0.3.46_params-1cbdbee_config-7940dfd_attempt-2/logs/timeline.html"": ""37ae438f-04cf-45a8-8bbf-3880b2f3d841"", ""derivatives/dandiset-001250/sub-005/sub-005_ecephys/pipeline-aind+ephys/version-v1.2.4_codebase-v0.3.46_params-1cbdbee_config-7940dfd_attempt-2/logs/trace.txt"": ""1993b201-3c3a-46a6-b154-0df0d8c79fdd""}"	2026-09-08T18:06:38.958630-04:00	2026-09-08T18:06:40.653370-04:00
001250	sub-biophy-isolated-traces-reyes/sub-biophy-isolated-traces-reyes_ses-006_ecephys.nwb	aind+ephys	v1.2.2	1cbdbee	7940dfd	1	v0.3.34	2f3edc58-b09e-4571-bb1c-1ffb2f768b57	382278942	True	True	False	True	"{""derivatives/dandiset-001250/sub-biophy-isolated-traces-reyes/sub-biophy-isolated-traces-reyes_ses-006_ecephys/pipeline-aind+ephys/version-v1.2.2_codebase-v0.3.34_params-1cbdbee_config-7940dfd_attempt-1/dataset_description.json"": ""8b8b45dd-11f9-4a08-ba24-e4aa562d7032""}"		"{""derivatives/dandiset-001250/sub-biophy-isolated-traces-reyes/sub-biophy-isolated-traces-reyes_ses-006_ecephys/pipeline-aind+ephys/version-v1.2.2_codebase-v0.3.34_params-1cbdbee_config-7940dfd_attempt-1/logs/dag.html"": ""374d93d6-f54a-49e3-9bd4-23cc49c2e489"", ""derivatives/dandiset-001250/sub-biophy-isolated-traces-reyes/sub-biophy-isolated-traces-reyes_ses-006_ecephys/pipeline-aind+ephys/version-v1.2.2_codebase-v0.3.34_params-1cbdbee_config-7940dfd_attempt-1/logs/job-15896806_slurm.log"": ""61cb98b7-1d90-4b49-9029-093867b23864"", ""derivatives/dandiset-001250/sub-biophy-isolated-traces-reyes/sub-biophy-isolated-traces-reyes_ses-006_ecephys/pipeline-aind+ephys/version-v1.2.2_codebase-v0.3.34_params-1cbdbee_config-7940dfd_attempt-1/logs/nextflow.log"": ""0fcf1cd0-3ada-42de-918a-25421cf40c20"", ""derivatives/dandiset-001250/sub-biophy-isolated-traces-reyes/sub-biophy-isolated-traces-reyes_ses-006_ecephys/pipeline-aind+ephys/version-v1.2.2_codebase-v0.3.34_params-1cbdbee_config-7940dfd_attempt-1/logs/report.html"": ""7a5c7708-931d-4e5f-aa24-a43927a09be8"", ""derivatives/dandiset-001250/sub-biophy-isolated-traces-reyes/sub-biophy-isolated-traces-reyes_ses-006_ecephys/pipeline-aind+ephys/version-v1.2.2_codebase-v0.3.34_params-1cbdbee_config-7940dfd_attempt-1/logs/timeline.html"": ""aa1f932d-69fa-4779-a089-d676bce90658"", ""derivatives/dandiset-001250/sub-biophy-isolated-traces-reyes/sub-biophy-isolated-traces-reyes_ses-006_ecephys/pipeline-aind+ephys/version-v1.2.2_codebase-v0.3.34_params-1cbdbee_config-7940dfd_attempt-1/logs/trace.txt"": ""7ed48a32-60a9-4a91-8c89-f8ff5a53c5a5""}"	2026-09-08T18:06:52.282162-04:00	2026-09-08T18:06:53.582329-04:00
001250	sub-biophy-npx-spont-disconnected/sub-biophy-npx-spont-disconnected_ecephys.nwb	aind+ephys	v1.2.4	1cbdbee	7940dfd	1	v0.3.46	62de17c3-fbbf-448d-9a2f-e6466f037c85	33122896884	True	True	False	True	"{""derivatives/dandiset-001250/sub-biophy-npx-spont-disconnected/sub-biophy-npx-spont-disconnected_ecephys/pipeline-aind+ephys/version-v1.2.4_codebase-v0.3.46_params-1cbdbee_config-7940dfd_attempt-1/dataset_description.json"": ""e11a4f0c-77b8-4292-9b71-a43e79ca126a""}"		"{""derivatives/dandiset-001250/sub-biophy-npx-spont-disconnected/sub-biophy-npx-spont-disconnected_ecephys/pipeline-aind+ephys/version-v1.2.4_codebase-v0.3.46_params-1cbdbee_config-7940dfd_attempt-1/logs/dag.html"": ""374d93d6-f54a-49e3-9bd4-23cc49c2e489"", ""derivatives/dandiset-001250/sub-biophy-npx-spont-disconnected/sub-biophy-npx-spont-disconnected_ecephys/pipeline-aind+ephys/version-v1.2.4_codebase-v0.3.46_params-1cbdbee_config-7940dfd_attempt-1/logs/job-16700110_slurm.log"": ""8ee34d3d-7fe0-4a85-ab80-71e51ae2a763"", ""derivatives/dandiset-001250/sub-biophy-npx-spont-disconnected/sub-biophy-npx-spont-disconnected_ecephys/pipeline-aind+ephys/version-v1.2.4_codebase-v0.3.46_params-1cbdbee_config-7940dfd_attempt-1/logs/nextflow.log"": ""b3ea5b44-34ce-43fa-b5e7-5646feb8399c"", ""derivatives/dandiset-001250/sub-biophy-npx-spont-disconnected/sub-biophy-npx-spont-disconnected_ecephys/pipeline-aind+ephys/version-v1.2.4_codebase-v0.3.46_params-1cbdbee_config-7940dfd_attempt-1/logs/report.html"": ""5dfcba6a-48d3-4193-85a3-a128ffbf350a"", ""derivatives/dandiset-001250/sub-biophy-npx-spont-disconnected/sub-biophy-npx-spont-disconnected_ecephys/pipeline-aind+ephys/version-v1.2.4_codebase-v0.3.46_params-1cbdbee_config-7940dfd_attempt-1/logs/timeline.html"": ""207c9ae1-7102-49e8-8da9-7fba8137e626"", ""derivatives/dandiset-001250/sub-biophy-npx-spont-disconnected/sub-biophy-npx-spont-disconnected_ecephys/pipeline-aind+ephys/version-v1.2.4_codebase-v0.3.46_params-1cbdbee_config-7940dfd_attempt-1/logs/trace.txt"": ""7e25283a-d151-46bd-81c4-10badc5aae75""}"	2026-09-08T18:07:06.485937-04:00	2026-09-08T18:07:08.034722-04:00
001250	sub-biophy-summed-traces-reyes/sub-biophy-summed-traces-reyes_ses-006_ecephys.nwb	aind+ephys	v1.2.2	1cbdbee	0d4bf36	1	v0.3.27	eb8ed18b-1d19-4f1a-aeba-5fe96ff02b5d	381997610	True	True	False	True	"{""derivatives/dandiset-001250/sub-biophy-summed-traces-reyes/sub-biophy-summed-traces-reyes_ses-006_ecephys/pipeline-aind+ephys/version-v1.2.2_codebase-v0.3.27_params-1cbdbee_config-0d4bf36_attempt-1/dataset_description.json"": ""009560be-82a6-4d29-8f06-a4548c0e82eb""}"		"{""derivatives/dandiset-001250/sub-biophy-summed-traces-reyes/sub-biophy-summed-traces-reyes_ses-006_ecephys/pipeline-aind+ephys/version-v1.2.2_codebase-v0.3.27_params-1cbdbee_config-0d4bf36_attempt-1/logs/dag.html"": ""374d93d6-f54a-49e3-9bd4-23cc49c2e489"", ""derivatives/dandiset-001250/sub-biophy-summed-traces-reyes/sub-biophy-summed-traces-reyes_ses-006_ecephys/pipeline-aind+ephys/version-v1.2.2_codebase-v0.3.27_params-1cbdbee_config-0d4bf36_attempt-1/logs/job-15839646_slurm.log"": ""8499b30b-f154-415f-a33e-7bb0324a1620"", ""derivatives/dandiset-001250/sub-biophy-summed-traces-reyes/sub-biophy-summed-traces-reyes_ses-006_ecephys/pipeline-aind+ephys/version-v1.2.2_codebase-v0.3.27_params-1cbdbee_config-0d4bf36_attempt-1/logs/nextflow.log"": ""3f2b6dc9-4315-4869-b0db-7a927d69d2e3"", ""derivatives/dandiset-001250/sub-biophy-summed-traces-reyes/sub-biophy-summed-traces-reyes_ses-006_ecephys/pipeline-aind+ephys/version-v1.2.2_codebase-v0.3.27_params-1cbdbee_config-0d4bf36_attempt-1/logs/report.html"": ""676afea6-1932-4828-bf50-afe9f6910a1b"", ""derivatives/dandiset-001250/sub-biophy-summed-traces-reyes/sub-biophy-summed-traces-reyes_ses-006_ecephys/pipeline-aind+ephys/version-v1.2.2_codebase-v0.3.27_params-1cbdbee_config-0d4bf36_attempt-1/logs/timeline.html"": ""41f6574f-c717-44d2-a6d8-4b44ddde0612"", ""derivatives/dandiset-001250/sub-biophy-summed-traces-reyes/sub-biophy-summed-traces-reyes_ses-006_ecephys/pipeline-aind+ephys/version-v1.2.2_codebase-v0.3.27_params-1cbdbee_config-0d4bf36_attempt-1/logs/trace.txt"": ""902787a2-313d-4672-8a61-44c10bac5027""}"	2026-09-08T18:07:19.948010-04:00	2026-09-08T18:07:21.321806-04:00
001250	sub-demo-npx-bio-spont/sub-demo-npx-bio-spont_ecephys.nwb	aind+ephys	v1.2.2	1cbdbee	7940dfd	1	v0.3.34	e011435f-108b-43a1-b6e7-a021b36d901c	1240528744	True	True	False	True	"{""derivatives/dandiset-001250/sub-demo-npx-bio-spont/sub-demo-npx-bio-spont_ecephys/pipeline-aind+ephys/version-v1.2.2_codebase-v0.3.34_params-1cbdbee_config-7940dfd_attempt-1/dataset_description.json"": ""8b8b45dd-11f9-4a08-ba24-e4aa562d7032""}"		"{""derivatives/dandiset-001250/sub-demo-npx-bio-spont/sub-demo-npx-bio-spont_ecephys/pipeline-aind+ephys/version-v1.2.2_codebase-v0.3.34_params-1cbdbee_config-7940dfd_attempt-1/logs/dag.html"": ""374d93d6-f54a-49e3-9bd4-23cc49c2e489"", ""derivatives/dandiset-001250/sub-demo-npx-bio-spont/sub-demo-npx-bio-spont_ecephys/pipeline-aind+ephys/version-v1.2.2_codebase-v0.3.34_params-1cbdbee_config-7940dfd_attempt-1/logs/job-15971462_slurm.log"": ""e98ff6a4-6d05-4d4c-93ca-a454ec2d4095"", ""derivatives/dandiset-001250/sub-demo-npx-bio-spont/sub-demo-npx-bio-spont_ecephys/pipeline-aind+ephys/version-v1.2.2_codebase-v0.3.34_params-1cbdbee_config-7940dfd_attempt-1/logs/nextflow.log"": ""a87366ca-7679-4526-ade6-fa8a0c6bca10"", ""derivatives/dandiset-001250/sub-demo-npx-bio-spont/sub-demo-npx-bio-spont_ecephys/pipeline-aind+ephys/version-v1.2.2_codebase-v0.3.34_params-1cbdbee_config-7940dfd_attempt-1/logs/report.html"": ""11453f9e-96fa-44b3-80d9-f001bb136804"", ""derivatives/dandiset-001250/sub-demo-npx-bio-spont/sub-demo-npx-bio-spont_ecephys/pipeline-aind+ephys/version-v1.2.2_codebase-v0.3.34_params-1cbdbee_config-7940dfd_attempt-1/logs/timeline.html"": ""c076401d-0ad1-4a06-91a5-9a96667a4ad1"", ""derivatives/dandiset-001250/sub-demo-npx-bio-spont/sub-demo-npx-bio-spont_ecephys/pipeline-aind+ephys/version-v1.2.2_codebase-v0.3.34_params-1cbdbee_config-7940dfd_attempt-1/logs/trace.txt"": ""644d14ed-0780-4852-a0e6-04e13398598c""}"	2026-09-08T18:07:35.099680-04:00	2026-09-08T18:07:36.432536-04:00
001250	sub-npx-evoked-sf-40Hz-fitted/sub-npx-evoked-sf-40Hz-fitted_ecephys.nwb	aind+ephys	v1.2.4	1cbdbee	7940dfd	1	v0.3.49	69498f8f-9d32-4b30-9069-8b51f4a073a2	34522230336	True	True	False	True	"{""derivatives/dandiset-001250/sub-npx-evoked-sf-40Hz-fitted/sub-npx-evoked-sf-40Hz-fitted_ecephys/pipeline-aind+ephys/version-v1.2.4_codebase-v0.3.49_params-1cbdbee_config-7940dfd_attempt-1/dataset_description.json"": ""112b4ff8-e76f-4c1d-a6be-360995a66237""}"		"{""derivatives/dandiset-001250/sub-npx-evoked-sf-40Hz-fitted/sub-npx-evoked-sf-40Hz-fitted_ecephys/pipeline-aind+ephys/version-v1.2.4_codebase-v0.3.49_params-1cbdbee_config-7940dfd_attempt-1/logs/dag.html"": ""374d93d6-f54a-49e3-9bd4-23cc49c2e489"", ""derivatives/dandiset-001250/sub-npx-evoked-sf-40Hz-fitted/sub-npx-evoked-sf-40Hz-fitted_ecephys/pipeline-aind+ephys/version-v1.2.4_codebase-v0.3.49_params-1cbdbee_config-7940dfd_attempt-1/logs/job-19036334_slurm.log"": ""6e585263-7477-4da8-8a6d-8a580668d7c5"", ""derivatives/dandiset-001250/sub-npx-evoked-sf-40Hz-fitted/sub-npx-evoked-sf-40Hz-fitted_ecephys/pipeline-aind+ephys/version-v1.2.4_codebase-v0.3.49_params-1cbdbee_config-7940dfd_attempt-1/logs/nextflow.log"": ""d3486683-2ee8-4f92-8379-3722d894c95c"", ""derivatives/dandiset-001250/sub-npx-evoked-sf-40Hz-fitted/sub-npx-evoked-sf-40Hz-fitted_ecephys/pipeline-aind+ephys/version-v1.2.4_codebase-v0.3.49_params-1cbdbee_config-7940dfd_attempt-1/logs/report.html"": ""ed1c0873-b742-4836-ac6a-2e99d4d18e6b"", ""derivatives/dandiset-001250/sub-npx-evoked-sf-40Hz-fitted/sub-npx-evoked-sf-40Hz-fitted_ecephys/pipeline-aind+ephys/version-v1.2.4_codebase-v0.3.49_params-1cbdbee_config-7940dfd_attempt-1/logs/timeline.html"": ""3c975a4a-5292-4d43-bcae-6b0402e2f809"", ""derivatives/dandiset-001250/sub-npx-evoked-sf-40Hz-fitted/sub-npx-evoked-sf-40Hz-fitted_ecephys/pipeline-aind+ephys/version-v1.2.4_codebase-v0.3.49_params-1cbdbee_config-7940dfd_attempt-1/logs/trace.txt"": ""bc5a7cf6-8f0f-4337-812a-28d0cb660ac5""}"	2026-09-08T18:07:47.682995-04:00	2026-09-08T18:07:48.992062-04:00
001250	sub-vivo-horvath-depth-2/sub-vivo-horvath-depth-2_ecephys.nwb	aind+ephys	v1.2.2	1cbdbee	0d4bf36	1	v0.3.25	4d2875ba-d83b-44d5-9036-74f42e19e8a0	14047634164	True	True	False	True	"{""derivatives/dandiset-001250/sub-vivo-horvath-depth-2/sub-vivo-horvath-depth-2_ecephys/pipeline-aind+ephys/version-v1.2.2_codebase-v0.3.25_params-1cbdbee_config-0d4bf36_attempt-1/dataset_description.json"": ""2341a460-9cf9-4916-9215-a1b84b9771c8""}"		"{""derivatives/dandiset-001250/sub-vivo-horvath-depth-2/sub-vivo-horvath-depth-2_ecephys/pipeline-aind+ephys/version-v1.2.2_codebase-v0.3.25_params-1cbdbee_config-0d4bf36_attempt-1/logs/dag.html"": ""374d93d6-f54a-49e3-9bd4-23cc49c2e489"", ""derivatives/dandiset-001250/sub-vivo-horvath-depth-2/sub-vivo-horvath-depth-2_ecephys/pipeline-aind+ephys/version-v1.2.2_codebase-v0.3.25_params-1cbdbee_config-0d4bf36_attempt-1/logs/job-15841076_slurm.log"": ""d1839d9b-b1af-48d8-92c4-fc438e2c58f6"", ""derivatives/dandiset-001250/sub-vivo-horvath-depth-2/sub-vivo-horvath-depth-2_ecephys/pipeline-aind+ephys/version-v1.2.2_codebase-v0.3.25_params-1cbdbee_config-0d4bf36_attempt-1/logs/nextflow.log"": ""9772654b-e0db-4158-8c66-b6b6377f6d65"", ""derivatives/dandiset-001250/sub-vivo-horvath-depth-2/sub-vivo-horvath-depth-2_ecephys/pipeline-aind+ephys/version-v1.2.2_codebase-v0.3.25_params-1cbdbee_config-0d4bf36_attempt-1/logs/report.html"": ""12721181-2114-4ccb-bfdc-bd87bbe49a8a"", ""derivatives/dandiset-001250/sub-vivo-horvath-depth-2/sub-vivo-horvath-depth-2_ecephys/pipeline-aind+ephys/version-v1.2.2_codebase-v0.3.25_params-1cbdbee_config-0d4bf36_attempt-1/logs/timeline.html"": ""3d84e226-bf06-4756-8c2b-d9c0538f0fb3"", ""derivatives/dandiset-001250/sub-vivo-horvath-depth-2/sub-vivo-horvath-depth-2_ecephys/pipeline-aind+ephys/version-v1.2.2_codebase-v0.3.25_params-1cbdbee_config-0d4bf36_attempt-1/logs/trace.txt"": ""814c8a4f-d783-40fc-a2c7-580797efb7ee""}"	2026-09-08T18:07:59.556475-04:00	2026-09-08T18:08:01.198945-04:00
001275	sub-amadeus/sub-amadeus_ses-06242019_ecephys.nwb	aind+ephys	v1.2.4	1cbdbee	7940dfd	1	v0.3.43	53b1bd08-3477-4d54-99f3-eadfca799842	16449265001	True	True	False	True	"{""derivatives/dandiset-001275/sub-amadeus/sub-amadeus_ses-06242019_ecephys/pipeline-aind+ephys/version-v1.2.4_codebase-v0.3.43_params-1cbdbee_config-7940dfd_attempt-1/dataset_description.json"": ""6d57a88f-11e1-403a-bd56-593f1d8fff50""}"		"{""derivatives/dandiset-001275/sub-amadeus/sub-amadeus_ses-06242019_ecephys/pipeline-aind+ephys/version-v1.2.4_codebase-v0.3.43_params-1cbdbee_config-7940dfd_attempt-1/logs/dag.html"": ""374d93d6-f54a-49e3-9bd4-23cc49c2e489"", ""derivatives/dandiset-001275/sub-amadeus/sub-amadeus_ses-06242019_ecephys/pipeline-aind+ephys/version-v1.2.4_codebase-v0.3.43_params-1cbdbee_config-7940dfd_attempt-1/logs/job-16337060_slurm.log"": ""3ca7f28b-e0f5-4dda-832b-e47fc20bf866"", ""derivatives/dandiset-001275/sub-amadeus/sub-amadeus_ses-06242019_ecephys/pipeline-aind+ephys/version-v1.2.4_codebase-v0.3.43_params-1cbdbee_config-7940dfd_attempt-1/logs/nextflow.log"": ""4df1ffc9-dbfa-4884-bc3b-e67abc396558"", ""derivatives/dandiset-001275/sub-amadeus/sub-amadeus_ses-06242019_ecephys/pipeline-aind+ephys/version-v1.2.4_codebase-v0.3.43_params-1cbdbee_config-7940dfd_attempt-1/logs/report.html"": ""853f2276-abb8-4fea-bfdb-a22e3316e533"", ""derivatives/dandiset-001275/sub-amadeus/sub-amadeus_ses-06242019_ecephys/pipeline-aind+ephys/version-v1.2.4_codebase-v0.3.43_params-1cbdbee_config-7940dfd_attempt-1/logs/timeline.html"": ""a7030095-bfd5-4385-9f9c-5350ebcd638c"", ""derivatives/dandiset-001275/sub-amadeus/sub-amadeus_ses-06242019_ecephys/pipeline-aind+ephys/version-v1.2.4_codebase-v0.3.43_params-1cbdbee_config-7940dfd_attempt-1/logs/trace.txt"": ""efda30a1-230f-47cf-8000-3ee0346480a1""}"	2026-09-08T18:08:12.317205-04:00	2026-09-08T18:08:13.595421-04:00
001275	sub-amadeus/sub-amadeus_ses-06242019_ecephys.nwb	aind+ephys	v1.2.4	1cbdbee	7940dfd	2	v0.3.43	53b1bd08-3477-4d54-99f3-eadfca799842	16449265001	True	True	False	True	"{""derivatives/dandiset-001275/sub-amadeus/sub-amadeus_ses-06242019_ecephys/pipeline-aind+ephys/version-v1.2.4_codebase-v0.3.43_params-1cbdbee_config-7940dfd_attempt-2/dataset_description.json"": ""6d57a88f-11e1-403a-bd56-593f1d8fff50""}"		"{""derivatives/dandiset-001275/sub-amadeus/sub-amadeus_ses-06242019_ecephys/pipeline-aind+ephys/version-v1.2.4_codebase-v0.3.43_params-1cbdbee_config-7940dfd_attempt-2/logs/dag.html"": ""374d93d6-f54a-49e3-9bd4-23cc49c2e489"", ""derivatives/dandiset-001275/sub-amadeus/sub-amadeus_ses-06242019_ecephys/pipeline-aind+ephys/version-v1.2.4_codebase-v0.3.43_params-1cbdbee_config-7940dfd_attempt-2/logs/job-16707115_slurm.log"": ""ee93cae1-426d-4cd9-a4ad-548473c04009"", ""derivatives/dandiset-001275/sub-amadeus/sub-amadeus_ses-06242019_ecephys/pipeline-aind+ephys/version-v1.2.4_codebase-v0.3.43_params-1cbdbee_config-7940dfd_attempt-2/logs/nextflow.log"": ""e9d18ef8-c544-4df7-8929-193a6464b26c"", ""derivatives/dandiset-001275/sub-amadeus/sub-amadeus_ses-06242019_ecephys/pipeline-aind+ephys/version-v1.2.4_codebase-v0.3.43_params-1cbdbee_config-7940dfd_attempt-2/logs/report.html"": ""d5624175-386c-4da9-8255-287b22a1a189"", ""derivatives/dandiset-001275/sub-amadeus/sub-amadeus_ses-06242019_ecephys/pipeline-aind+ephys/version-v1.2.4_codebase-v0.3.43_params-1cbdbee_config-7940dfd_attempt-2/logs/timeline.html"": ""b542d77d-687f-4989-a7b6-d709fb1fd329"", ""derivatives/dandiset-001275/sub-amadeus/sub-amadeus_ses-06242019_ecephys/pipeline-aind+ephys/version-v1.2.4_codebase-v0.3.43_params-1cbdbee_config-7940dfd_attempt-2/logs/trace.txt"": ""decb07c7-1a01-4b6a-9fcf-eefd3665f226""}"	2026-09-08T18:08:27.153777-04:00	2026-09-08T18:08:29.015154-04:00
001275	sub-amadeus/sub-amadeus_ses-06302020_ecephys.nwb	aind+ephys	v1.2.2	1cbdbee	7940dfd	1	v0.3.28	61134bbd-cbb1-49fa-9708-b07feead27c9	34953786502	True	True	False	True	"{""derivatives/dandiset-001275/sub-amadeus/sub-amadeus_ses-06302020_ecephys/pipeline-aind+ephys/version-v1.2.2_codebase-v0.3.28_params-1cbdbee_config-7940dfd_attempt-1/dataset_description.json"": ""2bb1076c-3e91-4245-963b-a4c755b9316e""}"		"{""derivatives/dandiset-001275/sub-amadeus/sub-amadeus_ses-06302020_ecephys/pipeline-aind+ephys/version-v1.2.2_codebase-v0.3.28_params-1cbdbee_config-7940dfd_attempt-1/logs/dag.html"": ""374d93d6-f54a-49e3-9bd4-23cc49c2e489"", ""derivatives/dandiset-001275/sub-amadeus/sub-amadeus_ses-06302020_ecephys/pipeline-aind+ephys/version-v1.2.2_codebase-v0.3.28_params-1cbdbee_config-7940dfd_attempt-1/logs/job-15841900_slurm.log"": ""37440ad7-d0b7-4bf3-8389-7b27cea8edd5"", ""derivatives/dandiset-001275/sub-amadeus/sub-amadeus_ses-06302020_ecephys/pipeline-aind+ephys/version-v1.2.2_codebase-v0.3.28_params-1cbdbee_config-7940dfd_attempt-1/logs/nextflow.log"": ""3586e4d4-2fe4-45e7-b52b-4a5ee79c12d6"", ""derivatives/dandiset-001275/sub-amadeus/sub-amadeus_ses-06302020_ecephys/pipeline-aind+ephys/version-v1.2.2_codebase-v0.3.28_params-1cbdbee_config-7940dfd_attempt-1/logs/report.html"": ""0695072c-a64b-4dab-a47d-6b968115789f"", ""derivatives/dandiset-001275/sub-amadeus/sub-amadeus_ses-06302020_ecephys/pipeline-aind+ephys/version-v1.2.2_codebase-v0.3.28_params-1cbdbee_config-7940dfd_attempt-1/logs/timeline.html"": ""ea0f8f39-02b8-4ad9-b7d2-cc7f9286becd"", ""derivatives/dandiset-001275/sub-amadeus/sub-amadeus_ses-06302020_ecephys/pipeline-aind+ephys/version-v1.2.2_codebase-v0.3.28_params-1cbdbee_config-7940dfd_attempt-1/logs/trace.txt"": ""c3d76c58-26f1-4d23-85e5-89fb2b61520c""}"	2026-09-08T18:08:42.243288-04:00	2026-09-08T18:08:43.884022-04:00
001275	sub-amadeus/sub-amadeus_ses-07032020_ecephys.nwb	aind+ephys	v1.2.4	1cbdbee	7940dfd	1	v0.3.43	3d97c766-3db7-498a-aa67-79f486f4d41a	40493745977	True	True	False	True	"{""derivatives/dandiset-001275/sub-amadeus/sub-amadeus_ses-07032020_ecephys/pipeline-aind+ephys/version-v1.2.4_codebase-v0.3.43_params-1cbdbee_config-7940dfd_attempt-1/dataset_description.json"": ""6d57a88f-11e1-403a-bd56-593f1d8fff50""}"		"{""derivatives/dandiset-001275/sub-amadeus/sub-amadeus_ses-07032020_ecephys/pipeline-aind+ephys/version-v1.2.4_codebase-v0.3.43_params-1cbdbee_config-7940dfd_attempt-1/logs/dag.html"": ""374d93d6-f54a-49e3-9bd4-23cc49c2e489"", ""derivatives/dandiset-001275/sub-amadeus/sub-amadeus_ses-07032020_ecephys/pipeline-aind+ephys/version-v1.2.4_codebase-v0.3.43_params-1cbdbee_config-7940dfd_attempt-1/logs/job-16709536_slurm.log"": ""d2de7c62-1cf3-4bdb-af3b-2cc270b20c6f"", ""derivatives/dandiset-001275/sub-amadeus/sub-amadeus_ses-07032020_ecephys/pipeline-aind+ephys/version-v1.2.4_codebase-v0.3.43_params-1cbdbee_config-7940dfd_attempt-1/logs/nextflow.log"": ""39ba0d63-8340-44db-87c3-199a0f414cd1"", ""derivatives/dandiset-001275/sub-amadeus/sub-amadeus_ses-07032020_ecephys/pipeline-aind+ephys/version-v1.2.4_codebase-v0.3.43_params-1cbdbee_config-7940dfd_attempt-1/logs/report.html"": ""af70b1be-18db-4b67-93c5-d7681f16ae5a"", ""derivatives/dandiset-001275/sub-amadeus/sub-amadeus_ses-07032020_ecephys/pipeline-aind+ephys/version-v1.2.4_codebase-v0.3.43_params-1cbdbee_config-7940dfd_attempt-1/logs/timeline.html"": ""02670486-9ebb-4bf3-ac2a-2b771550ffc3"", ""derivatives/dandiset-001275/sub-amadeus/sub-amadeus_ses-07032020_ecephys/pipeline-aind+ephys/version-v1.2.4_codebase-v0.3.43_params-1cbdbee_config-7940dfd_attempt-1/logs/trace.txt"": ""78023f13-d21b-434b-8dac-c0eec1a8caed""}"	2026-09-08T18:08:57.215273-04:00	2026-09-08T18:08:58.654411-04:00
001275	sub-amadeus/sub-amadeus_ses-07082020_ecephys.nwb	aind+ephys	v1.2.4	1cbdbee	7940dfd	1	v0.3.42	a042b339-5389-4abd-a826-66a2c6aac386	32278704460	True	True	False	True	"{""derivatives/dandiset-001275/sub-amadeus/sub-amadeus_ses-07082020_ecephys/pipeline-aind+ephys/version-v1.2.4_codebase-v0.3.42_params-1cbdbee_config-7940dfd_attempt-1/dataset_description.json"": ""347ceced-a15e-4a74-a80a-036fb455f90b""}"		"{""derivatives/dandiset-001275/sub-amadeus/sub-amadeus_ses-07082020_ecephys/pipeline-aind+ephys/version-v1.2.4_codebase-v0.3.42_params-1cbdbee_config-7940dfd_attempt-1/logs/job-16237688_slurm.log"": ""5ee52bbd-0210-4288-9673-e35c5f2bddb9"", ""derivatives/dandiset-001275/sub-amadeus/sub-amadeus_ses-07082020_ecephys/pipeline-aind+ephys/version-v1.2.4_codebase-v0.3.42_params-1cbdbee_config-7940dfd_attempt-1/logs/nextflow.log"": ""36625cc8-0cb2-4adb-bddc-684ca4060ff8""}"	2026-06-22T16:41:47.510817-04:00	2026-06-22T16:41:47.876983-04:00
001275	sub-amadeus/sub-amadeus_ses-07082020_ecephys.nwb	aind+ephys	v1.2.4	1cbdbee	7940dfd	2	v0.3.42	a042b339-5389-4abd-a826-66a2c6aac386	32278704460	True	True	False	True	"{""derivatives/dandiset-001275/sub-amadeus/sub-amadeus_ses-07082020_ecephys/pipeline-aind+ephys/version-v1.2.4_codebase-v0.3.42_params-1cbdbee_config-7940dfd_attempt-2/dataset_description.json"": ""347ceced-a15e-4a74-a80a-036fb455f90b""}"		"{""derivatives/dandiset-001275/sub-amadeus/sub-amadeus_ses-07082020_ecephys/pipeline-aind+ephys/version-v1.2.4_codebase-v0.3.42_params-1cbdbee_config-7940dfd_attempt-2/logs/job-16291308_slurm.log"": ""e621f006-becc-4bb5-a93e-126c48959a68"", ""derivatives/dandiset-001275/sub-amadeus/sub-amadeus_ses-07082020_ecephys/pipeline-aind+ephys/version-v1.2.4_codebase-v0.3.42_params-1cbdbee_config-7940dfd_attempt-2/logs/nextflow.log"": ""7de23c94-6dcf-44e7-a605-016fe1de3082""}"	2026-06-22T20:13:46.651000-04:00	2026-06-22T20:13:47.177403-04:00
001275	sub-amadeus/sub-amadeus_ses-07082020_ecephys.nwb	aind+ephys	v1.2.4	1cbdbee	7940dfd	1	v0.3.43	a042b339-5389-4abd-a826-66a2c6aac386	32278704460	True	True	False	True	"{""derivatives/dandiset-001275/sub-amadeus/sub-amadeus_ses-07082020_ecephys/pipeline-aind+ephys/version-v1.2.4_codebase-v0.3.43_params-1cbdbee_config-7940dfd_attempt-1/dataset_description.json"": ""6d57a88f-11e1-403a-bd56-593f1d8fff50""}"		"{""derivatives/dandiset-001275/sub-amadeus/sub-amadeus_ses-07082020_ecephys/pipeline-aind+ephys/version-v1.2.4_codebase-v0.3.43_params-1cbdbee_config-7940dfd_attempt-1/logs/dag.html"": ""374d93d6-f54a-49e3-9bd4-23cc49c2e489"", ""derivatives/dandiset-001275/sub-amadeus/sub-amadeus_ses-07082020_ecephys/pipeline-aind+ephys/version-v1.2.4_codebase-v0.3.43_params-1cbdbee_config-7940dfd_attempt-1/logs/job-16319773_slurm.log"": ""45db05c3-913d-42e4-a3e5-80f9f57f6e82"", ""derivatives/dandiset-001275/sub-amadeus/sub-amadeus_ses-07082020_ecephys/pipeline-aind+ephys/version-v1.2.4_codebase-v0.3.43_params-1cbdbee_config-7940dfd_attempt-1/logs/nextflow.log"": ""76978df9-7365-4323-af7a-8067d1248986"", ""derivatives/dandiset-001275/sub-amadeus/sub-amadeus_ses-07082020_ecephys/pipeline-aind+ephys/version-v1.2.4_codebase-v0.3.43_params-1cbdbee_config-7940dfd_attempt-1/logs/report.html"": ""4a9656b5-9a57-4464-960b-2973c6c647f9"", ""derivatives/dandiset-001275/sub-amadeus/sub-amadeus_ses-07082020_ecephys/pipeline-aind+ephys/version-v1.2.4_codebase-v0.3.43_params-1cbdbee_config-7940dfd_attempt-1/logs/timeline.html"": ""48acf52c-6cf7-4f86-9246-44a69d335c12"", ""derivatives/dandiset-001275/sub-amadeus/sub-amadeus_ses-07082020_ecephys/pipeline-aind+ephys/version-v1.2.4_codebase-v0.3.43_params-1cbdbee_config-7940dfd_attempt-1/logs/trace.txt"": ""29da80e4-dd73-4b35-9f23-49b61f069385""}"	2026-09-08T18:09:12.230279-04:00	2026-09-08T18:09:13.960645-04:00
001275	sub-amadeus/sub-amadeus_ses-07082020_ecephys.nwb	aind+ephys	v1.2.4	1cbdbee	7940dfd	2	v0.3.43	a042b339-5389-4abd-a826-66a2c6aac386	32278704460	True	True	False	True	"{""derivatives/dandiset-001275/sub-amadeus/sub-amadeus_ses-07082020_ecephys/pipeline-aind+ephys/version-v1.2.4_codebase-v0.3.43_params-1cbdbee_config-7940dfd_attempt-2/dataset_description.json"": ""6d57a88f-11e1-403a-bd56-593f1d8fff50""}"		"{""derivatives/dandiset-001275/sub-amadeus/sub-amadeus_ses-07082020_ecephys/pipeline-aind+ephys/version-v1.2.4_codebase-v0.3.43_params-1cbdbee_config-7940dfd_attempt-2/logs/dag.html"": ""374d93d6-f54a-49e3-9bd4-23cc49c2e489"", ""derivatives/dandiset-001275/sub-amadeus/sub-amadeus_ses-07082020_ecephys/pipeline-aind+ephys/version-v1.2.4_codebase-v0.3.43_params-1cbdbee_config-7940dfd_attempt-2/logs/job-16362555_slurm.log"": ""96757fa4-6deb-42db-9941-65dd808b0410"", ""derivatives/dandiset-001275/sub-amadeus/sub-amadeus_ses-07082020_ecephys/pipeline-aind+ephys/version-v1.2.4_codebase-v0.3.43_params-1cbdbee_config-7940dfd_attempt-2/logs/nextflow.log"": ""463a3d59-d137-4f1c-9351-456f4ff98f58"", ""derivatives/dandiset-001275/sub-amadeus/sub-amadeus_ses-07082020_ecephys/pipeline-aind+ephys/version-v1.2.4_codebase-v0.3.43_params-1cbdbee_config-7940dfd_attempt-2/logs/report.html"": ""8349cdd6-5fb0-4308-ac65-bbe1357f71c8"", ""derivatives/dandiset-001275/sub-amadeus/sub-amadeus_ses-07082020_ecephys/pipeline-aind+ephys/version-v1.2.4_codebase-v0.3.43_params-1cbdbee_config-7940dfd_attempt-2/logs/timeline.html"": ""1fe5ea4f-1fac-4592-bfe6-ea68f05adb80"", ""derivatives/dandiset-001275/sub-amadeus/sub-amadeus_ses-07082020_ecephys/pipeline-aind+ephys/version-v1.2.4_codebase-v0.3.43_params-1cbdbee_config-7940dfd_attempt-2/logs/trace.txt"": ""e5fad392-f21c-4aba-a1e0-f05ecbe3a881""}"	2026-09-08T18:09:26.333180-04:00	2026-09-08T18:09:27.944783-04:00
001275	sub-amadeus/sub-amadeus_ses-07082020_ecephys.nwb	aind+ephys	v1.2.4	1cbdbee	7940dfd	3	v0.3.43	a042b339-5389-4abd-a826-66a2c6aac386	32278704460	True	True	False	True	"{""derivatives/dandiset-001275/sub-amadeus/sub-amadeus_ses-07082020_ecephys/pipeline-aind+ephys/version-v1.2.4_codebase-v0.3.43_params-1cbdbee_config-7940dfd_attempt-3/dataset_description.json"": ""6d57a88f-11e1-403a-bd56-593f1d8fff50""}"		"{""derivatives/dandiset-001275/sub-amadeus/sub-amadeus_ses-07082020_ecephys/pipeline-aind+ephys/version-v1.2.4_codebase-v0.3.43_params-1cbdbee_config-7940dfd_attempt-3/logs/dag.html"": ""374d93d6-f54a-49e3-9bd4-23cc49c2e489"", ""derivatives/dandiset-001275/sub-amadeus/sub-amadeus_ses-07082020_ecephys/pipeline-aind+ephys/version-v1.2.4_codebase-v0.3.43_params-1cbdbee_config-7940dfd_attempt-3/logs/job-16719535_slurm.log"": ""cf968872-0096-4aff-9092-a0f9ff8268ab"", ""derivatives/dandiset-001275/sub-amadeus/sub-amadeus_ses-07082020_ecephys/pipeline-aind+ephys/version-v1.2.4_codebase-v0.3.43_params-1cbdbee_config-7940dfd_attempt-3/logs/nextflow.log"": ""53b2261c-a882-466d-95af-7bc39993aa11"", ""derivatives/dandiset-001275/sub-amadeus/sub-amadeus_ses-07082020_ecephys/pipeline-aind+ephys/version-v1.2.4_codebase-v0.3.43_params-1cbdbee_config-7940dfd_attempt-3/logs/report.html"": ""cc8c6461-21ec-46a2-b295-427c300e7f83"", ""derivatives/dandiset-001275/sub-amadeus/sub-amadeus_ses-07082020_ecephys/pipeline-aind+ephys/version-v1.2.4_codebase-v0.3.43_params-1cbdbee_config-7940dfd_attempt-3/logs/timeline.html"": ""e482c66f-5b68-42d1-b783-ec3ddfbffc13"", ""derivatives/dandiset-001275/sub-amadeus/sub-amadeus_ses-07082020_ecephys/pipeline-aind+ephys/version-v1.2.4_codebase-v0.3.43_params-1cbdbee_config-7940dfd_attempt-3/logs/trace.txt"": ""cd90b969-ed94-42bd-904a-1d3e2212e576""}"	2026-09-08T18:09:42.214175-04:00	2026-09-08T18:09:43.610444-04:00
001275	sub-amadeus/sub-amadeus_ses-07082020_ecephys.nwb	aind+ephys	v1.2.4	1cbdbee	7940dfd	4	v0.3.43	a042b339-5389-4abd-a826-66a2c6aac386	32278704460	True	True	False	True	"{""derivatives/dandiset-001275/sub-amadeus/sub-amadeus_ses-07082020_ecephys/pipeline-aind+ephys/version-v1.2.4_codebase-v0.3.43_params-1cbdbee_config-7940dfd_attempt-4/dataset_description.json"": ""6d57a88f-11e1-403a-bd56-593f1d8fff50""}"		"{""derivatives/dandiset-001275/sub-amadeus/sub-amadeus_ses-07082020_ecephys/pipeline-aind+ephys/version-v1.2.4_codebase-v0.3.43_params-1cbdbee_config-7940dfd_attempt-4/logs/dag.html"": ""374d93d6-f54a-49e3-9bd4-23cc49c2e489"", ""derivatives/dandiset-001275/sub-amadeus/sub-amadeus_ses-07082020_ecephys/pipeline-aind+ephys/version-v1.2.4_codebase-v0.3.43_params-1cbdbee_config-7940dfd_attempt-4/logs/job-16722986_slurm.log"": ""c5d78b45-8c11-454a-90dd-388d4ee91c31"", ""derivatives/dandiset-001275/sub-amadeus/sub-amadeus_ses-07082020_ecephys/pipeline-aind+ephys/version-v1.2.4_codebase-v0.3.43_params-1cbdbee_config-7940dfd_attempt-4/logs/nextflow.log"": ""3c76420f-83c2-4907-beda-c89fc64de6f4"", ""derivatives/dandiset-001275/sub-amadeus/sub-amadeus_ses-07082020_ecephys/pipeline-aind+ephys/version-v1.2.4_codebase-v0.3.43_params-1cbdbee_config-7940dfd_attempt-4/logs/report.html"": ""f2107ff9-ef33-4499-872a-51bef6554b0b"", ""derivatives/dandiset-001275/sub-amadeus/sub-amadeus_ses-07082020_ecephys/pipeline-aind+ephys/version-v1.2.4_codebase-v0.3.43_params-1cbdbee_config-7940dfd_attempt-4/logs/timeline.html"": ""7b5f3d33-5ea2-4115-90fe-163ddd0d8202"", ""derivatives/dandiset-001275/sub-amadeus/sub-amadeus_ses-07082020_ecephys/pipeline-aind+ephys/version-v1.2.4_codebase-v0.3.43_params-1cbdbee_config-7940dfd_attempt-4/logs/trace.txt"": ""b4915609-4f7e-486f-824f-0b9bbbcd86d5""}"	2026-09-08T18:09:57.042637-04:00	2026-09-08T18:09:58.528115-04:00
001275	sub-mahler/sub-mahler_ses-03122021_ecephys.nwb	aind+ephys	v1.2.2	1cbdbee	7940dfd	1	v0.3.28	872dac61-86c7-4a4c-8e28-cb3ad271ceed	198883798108	True	True	False	True	"{""derivatives/dandiset-001275/sub-mahler/sub-mahler_ses-03122021_ecephys/pipeline-aind+ephys/version-v1.2.2_codebase-v0.3.28_params-1cbdbee_config-7940dfd_attempt-1/dataset_description.json"": ""2bb1076c-3e91-4245-963b-a4c755b9316e""}"		"{""derivatives/dandiset-001275/sub-mahler/sub-mahler_ses-03122021_ecephys/pipeline-aind+ephys/version-v1.2.2_codebase-v0.3.28_params-1cbdbee_config-7940dfd_attempt-1/logs/dag.html"": ""374d93d6-f54a-49e3-9bd4-23cc49c2e489"", ""derivatives/dandiset-001275/sub-mahler/sub-mahler_ses-03122021_ecephys/pipeline-aind+ephys/version-v1.2.2_codebase-v0.3.28_params-1cbdbee_config-7940dfd_attempt-1/logs/job-15843878_slurm.log"": ""f6f54200-e02f-47b6-a59e-452aa09597f7"", ""derivatives/dandiset-001275/sub-mahler/sub-mahler_ses-03122021_ecephys/pipeline-aind+ephys/version-v1.2.2_codebase-v0.3.28_params-1cbdbee_config-7940dfd_attempt-1/logs/nextflow.log"": ""a913ceaf-604f-4ba1-ac18-39d3f0e4833e"", ""derivatives/dandiset-001275/sub-mahler/sub-mahler_ses-03122021_ecephys/pipeline-aind+ephys/version-v1.2.2_codebase-v0.3.28_params-1cbdbee_config-7940dfd_attempt-1/logs/report.html"": ""e31d9ad5-a9bc-4edc-b400-fd82d78cd771"", ""derivatives/dandiset-001275/sub-mahler/sub-mahler_ses-03122021_ecephys/pipeline-aind+ephys/version-v1.2.2_codebase-v0.3.28_params-1cbdbee_config-7940dfd_attempt-1/logs/timeline.html"": ""fd45593d-0fe3-44ab-ab7e-e07a49ecf012"", ""derivatives/dandiset-001275/sub-mahler/sub-mahler_ses-03122021_ecephys/pipeline-aind+ephys/version-v1.2.2_codebase-v0.3.28_params-1cbdbee_config-7940dfd_attempt-1/logs/trace.txt"": ""22f8843e-f98e-4449-8588-7291c785b1bb""}"	2026-09-08T18:10:10.671574-04:00	2026-09-08T18:10:11.898570-04:00
001275	sub-mahler/sub-mahler_ses-03182021_ecephys.nwb	aind+ephys	v1.2.2	1cbdbee	7940dfd	1	v0.3.28	b10f747a-5303-48ad-9fe5-85b0be81adf1	287760193141	True	True	False	True	"{""derivatives/dandiset-001275/sub-mahler/sub-mahler_ses-03182021_ecephys/pipeline-aind+ephys/version-v1.2.2_codebase-v0.3.28_params-1cbdbee_config-7940dfd_attempt-1/dataset_description.json"": ""2bb1076c-3e91-4245-963b-a4c755b9316e""}"		"{""derivatives/dandiset-001275/sub-mahler/sub-mahler_ses-03182021_ecephys/pipeline-aind+ephys/version-v1.2.2_codebase-v0.3.28_params-1cbdbee_config-7940dfd_attempt-1/logs/dag.html"": ""374d93d6-f54a-49e3-9bd4-23cc49c2e489"", ""derivatives/dandiset-001275/sub-mahler/sub-mahler_ses-03182021_ecephys/pipeline-aind+ephys/version-v1.2.2_codebase-v0.3.28_params-1cbdbee_config-7940dfd_attempt-1/logs/job-15851306_slurm.log"": ""f9adf8b0-f923-43c2-85c9-b6982f345432"", ""derivatives/dandiset-001275/sub-mahler/sub-mahler_ses-03182021_ecephys/pipeline-aind+ephys/version-v1.2.2_codebase-v0.3.28_params-1cbdbee_config-7940dfd_attempt-1/logs/nextflow.log"": ""d84bf7e7-c144-4e9b-8749-1a5e5d8a8f8f"", ""derivatives/dandiset-001275/sub-mahler/sub-mahler_ses-03182021_ecephys/pipeline-aind+ephys/version-v1.2.2_codebase-v0.3.28_params-1cbdbee_config-7940dfd_attempt-1/logs/report.html"": ""72268ed2-06ae-4435-8ad2-574787901d1a"", ""derivatives/dandiset-001275/sub-mahler/sub-mahler_ses-03182021_ecephys/pipeline-aind+ephys/version-v1.2.2_codebase-v0.3.28_params-1cbdbee_config-7940dfd_attempt-1/logs/timeline.html"": ""9ce8e30f-ddf8-4fe7-9a4d-4bd8431a4216"", ""derivatives/dandiset-001275/sub-mahler/sub-mahler_ses-03182021_ecephys/pipeline-aind+ephys/version-v1.2.2_codebase-v0.3.28_params-1cbdbee_config-7940dfd_attempt-1/logs/trace.txt"": ""c5d44327-7c79-4be4-8289-077dddfc80b9""}"	2026-09-08T18:10:23.742475-04:00	2026-09-08T18:10:25.032531-04:00
001275	sub-mahler/sub-mahler_ses-03192021_ecephys.nwb	aind+ephys	v1.2.2	1cbdbee	7940dfd	1	v0.3.28	014c466f-e6d4-4756-8fc3-737023fa38cb	274474539111	True	True	False	True	"{""derivatives/dandiset-001275/sub-mahler/sub-mahler_ses-03192021_ecephys/pipeline-aind+ephys/version-v1.2.2_codebase-v0.3.28_params-1cbdbee_config-7940dfd_attempt-1/dataset_description.json"": ""2bb1076c-3e91-4245-963b-a4c755b9316e""}"		"{""derivatives/dandiset-001275/sub-mahler/sub-mahler_ses-03192021_ecephys/pipeline-aind+ephys/version-v1.2.2_codebase-v0.3.28_params-1cbdbee_config-7940dfd_attempt-1/logs/dag.html"": ""374d93d6-f54a-49e3-9bd4-23cc49c2e489"", ""derivatives/dandiset-001275/sub-mahler/sub-mahler_ses-03192021_ecephys/pipeline-aind+ephys/version-v1.2.2_codebase-v0.3.28_params-1cbdbee_config-7940dfd_attempt-1/logs/job-15856628_slurm.log"": ""d3bd1d17-f07a-4a04-ae0d-fb581109af53"", ""derivatives/dandiset-001275/sub-mahler/sub-mahler_ses-03192021_ecephys/pipeline-aind+ephys/version-v1.2.2_codebase-v0.3.28_params-1cbdbee_config-7940dfd_attempt-1/logs/nextflow.log"": ""05908988-e6e8-4378-95f0-02e314de2056"", ""derivatives/dandiset-001275/sub-mahler/sub-mahler_ses-03192021_ecephys/pipeline-aind+ephys/version-v1.2.2_codebase-v0.3.28_params-1cbdbee_config-7940dfd_attempt-1/logs/report.html"": ""f3958e8a-4d05-4a80-a8dd-372e99081d74"", ""derivatives/dandiset-001275/sub-mahler/sub-mahler_ses-03192021_ecephys/pipeline-aind+ephys/version-v1.2.2_codebase-v0.3.28_params-1cbdbee_config-7940dfd_attempt-1/logs/timeline.html"": ""fe4535a5-9afc-4bde-96f5-5a44b4bbd6b1"", ""derivatives/dandiset-001275/sub-mahler/sub-mahler_ses-03192021_ecephys/pipeline-aind+ephys/version-v1.2.2_codebase-v0.3.28_params-1cbdbee_config-7940dfd_attempt-1/logs/trace.txt"": ""ab37ca0c-9c1b-4670-8647-72468f3b13e9""}"	2026-09-08T18:10:36.703576-04:00	2026-09-08T18:10:37.964766-04:00
001282	sub-C/sub-C_ses-20220121T133754_ecephys.nwb	aind+ephys	v1.2.4	1cbdbee	7940dfd	1	v0.3.42	dcc3e626-6ae1-44c6-a718-d6e96f056a34	29215221246	True	True	False	True	"{""derivatives/dandiset-001282/sub-C/sub-C_ses-20220121T133754_ecephys/pipeline-aind+ephys/version-v1.2.4_codebase-v0.3.42_params-1cbdbee_config-7940dfd_attempt-1/dataset_description.json"": ""99ce6340-6820-45fb-bee9-eaebefe720ec""}"		"{""derivatives/dandiset-001282/sub-C/sub-C_ses-20220121T133754_ecephys/pipeline-aind+ephys/version-v1.2.4_codebase-v0.3.42_params-1cbdbee_config-7940dfd_attempt-1/logs/job-16218599_slurm.log"": ""a536061d-f82a-44f0-a5d2-79a634bc700f"", ""derivatives/dandiset-001282/sub-C/sub-C_ses-20220121T133754_ecephys/pipeline-aind+ephys/version-v1.2.4_codebase-v0.3.42_params-1cbdbee_config-7940dfd_attempt-1/logs/nextflow.log"": ""59701997-447c-4dff-9941-540567fad61a""}"	2026-06-22T16:42:14.841920-04:00	2026-06-22T16:42:15.253064-04:00
001282	sub-C/sub-C_ses-20220121T133754_ecephys.nwb	aind+ephys	v1.2.4	1cbdbee	7940dfd	2	v0.3.42	dcc3e626-6ae1-44c6-a718-d6e96f056a34	29215221246	True	True	False	True	"{""derivatives/dandiset-001282/sub-C/sub-C_ses-20220121T133754_ecephys/pipeline-aind+ephys/version-v1.2.4_codebase-v0.3.42_params-1cbdbee_config-7940dfd_attempt-2/dataset_description.json"": ""99ce6340-6820-45fb-bee9-eaebefe720ec""}"		"{""derivatives/dandiset-001282/sub-C/sub-C_ses-20220121T133754_ecephys/pipeline-aind+ephys/version-v1.2.4_codebase-v0.3.42_params-1cbdbee_config-7940dfd_attempt-2/logs/job-16291310_slurm.log"": ""c1d08f7e-b21c-4b76-8019-a385d3c4fac8"", ""derivatives/dandiset-001282/sub-C/sub-C_ses-20220121T133754_ecephys/pipeline-aind+ephys/version-v1.2.4_codebase-v0.3.42_params-1cbdbee_config-7940dfd_attempt-2/logs/nextflow.log"": ""7c9187f1-41fd-446d-82c6-ed1b2626fb60""}"	2026-06-22T20:14:08.794659-04:00	2026-06-22T20:14:09.212972-04:00
001282	sub-C/sub-C_ses-20220121T133754_ecephys.nwb	aind+ephys	v1.2.4	1cbdbee	7940dfd	1	v0.3.46	dcc3e626-6ae1-44c6-a718-d6e96f056a34	29215221246	True	True	False	True	"{""derivatives/dandiset-001282/sub-C/sub-C_ses-20220121T133754_ecephys/pipeline-aind+ephys/version-v1.2.4_codebase-v0.3.46_params-1cbdbee_config-7940dfd_attempt-1/dataset_description.json"": ""436110bb-cf4b-46d4-81d6-41779f601036""}"		"{""derivatives/dandiset-001282/sub-C/sub-C_ses-20220121T133754_ecephys/pipeline-aind+ephys/version-v1.2.4_codebase-v0.3.46_params-1cbdbee_config-7940dfd_attempt-1/logs/dag.html"": ""374d93d6-f54a-49e3-9bd4-23cc49c2e489"", ""derivatives/dandiset-001282/sub-C/sub-C_ses-20220121T133754_ecephys/pipeline-aind+ephys/version-v1.2.4_codebase-v0.3.46_params-1cbdbee_config-7940dfd_attempt-1/logs/job-16724395_slurm.log"": ""459eb9e8-f13a-4524-a331-a7fca90667c3"", ""derivatives/dandiset-001282/sub-C/sub-C_ses-20220121T133754_ecephys/pipeline-aind+ephys/version-v1.2.4_codebase-v0.3.46_params-1cbdbee_config-7940dfd_attempt-1/logs/nextflow.log"": ""8708567c-ab31-498f-878f-7334d89bf958"", ""derivatives/dandiset-001282/sub-C/sub-C_ses-20220121T133754_ecephys/pipeline-aind+ephys/version-v1.2.4_codebase-v0.3.46_params-1cbdbee_config-7940dfd_attempt-1/logs/report.html"": ""656a39a4-18c5-4c6f-bd73-483d0ca10adc"", ""derivatives/dandiset-001282/sub-C/sub-C_ses-20220121T133754_ecephys/pipeline-aind+ephys/version-v1.2.4_codebase-v0.3.46_params-1cbdbee_config-7940dfd_attempt-1/logs/timeline.html"": ""80e54397-9470-4854-b59d-a2a94a78635a"", ""derivatives/dandiset-001282/sub-C/sub-C_ses-20220121T133754_ecephys/pipeline-aind+ephys/version-v1.2.4_codebase-v0.3.46_params-1cbdbee_config-7940dfd_attempt-1/logs/trace.txt"": ""9f6a9df9-c73e-4b16-af92-c9b81bb30b7c""}"	2026-09-08T18:10:48.990964-04:00	2026-09-08T18:10:50.395476-04:00
001282	sub-C/sub-C_ses-20220121T133754_ecephys.nwb	aind+ephys	v1.2.4	1cbdbee	7940dfd	3	v0.3.46	dcc3e626-6ae1-44c6-a718-d6e96f056a34	29215221246	True	True	False	True	"{""derivatives/dandiset-001282/sub-C/sub-C_ses-20220121T133754_ecephys/pipeline-aind+ephys/version-v1.2.4_codebase-v0.3.46_params-1cbdbee_config-7940dfd_attempt-3/dataset_description.json"": ""436110bb-cf4b-46d4-81d6-41779f601036""}"		"{""derivatives/dandiset-001282/sub-C/sub-C_ses-20220121T133754_ecephys/pipeline-aind+ephys/version-v1.2.4_codebase-v0.3.46_params-1cbdbee_config-7940dfd_attempt-3/logs/dag.html"": ""374d93d6-f54a-49e3-9bd4-23cc49c2e489"", ""derivatives/dandiset-001282/sub-C/sub-C_ses-20220121T133754_ecephys/pipeline-aind+ephys/version-v1.2.4_codebase-v0.3.46_params-1cbdbee_config-7940dfd_attempt-3/logs/job-16736326_slurm.log"": ""8ef32416-b1bd-4f41-8aac-444cde6576d7"", ""derivatives/dandiset-001282/sub-C/sub-C_ses-20220121T133754_ecephys/pipeline-aind+ephys/version-v1.2.4_codebase-v0.3.46_params-1cbdbee_config-7940dfd_attempt-3/logs/nextflow.log"": ""c12f9888-8c09-485e-928f-b0a6d2a15713"", ""derivatives/dandiset-001282/sub-C/sub-C_ses-20220121T133754_ecephys/pipeline-aind+ephys/version-v1.2.4_codebase-v0.3.46_params-1cbdbee_config-7940dfd_attempt-3/logs/report.html"": ""b27449a6-bf3c-451b-86a1-28788c0ecd1a"", ""derivatives/dandiset-001282/sub-C/sub-C_ses-20220121T133754_ecephys/pipeline-aind+ephys/version-v1.2.4_codebase-v0.3.46_params-1cbdbee_config-7940dfd_attempt-3/logs/timeline.html"": ""0f08c349-868c-48db-aec9-824ff2efec10"", ""derivatives/dandiset-001282/sub-C/sub-C_ses-20220121T133754_ecephys/pipeline-aind+ephys/version-v1.2.4_codebase-v0.3.46_params-1cbdbee_config-7940dfd_attempt-3/logs/trace.txt"": ""c3cfd78d-049f-4ce2-be02-c326d0eeaeb2""}"	2026-09-08T18:11:02.778472-04:00	2026-09-08T18:11:04.275860-04:00
001282	sub-C/sub-C_ses-20220121T133754_ecephys.nwb	aind+ephys	v1.2.4	1cbdbee	7940dfd	5	v0.3.46	dcc3e626-6ae1-44c6-a718-d6e96f056a34	29215221246	True	True	False	True	"{""derivatives/dandiset-001282/sub-C/sub-C_ses-20220121T133754_ecephys/pipeline-aind+ephys/version-v1.2.4_codebase-v0.3.46_params-1cbdbee_config-7940dfd_attempt-5/dataset_description.json"": ""436110bb-cf4b-46d4-81d6-41779f601036""}"		"{""derivatives/dandiset-001282/sub-C/sub-C_ses-20220121T133754_ecephys/pipeline-aind+ephys/version-v1.2.4_codebase-v0.3.46_params-1cbdbee_config-7940dfd_attempt-5/logs/dag.html"": ""374d93d6-f54a-49e3-9bd4-23cc49c2e489"", ""derivatives/dandiset-001282/sub-C/sub-C_ses-20220121T133754_ecephys/pipeline-aind+ephys/version-v1.2.4_codebase-v0.3.46_params-1cbdbee_config-7940dfd_attempt-5/logs/job-16757377_slurm.log"": ""a9724d8a-a41e-4128-8bde-0ddcf46602b3"", ""derivatives/dandiset-001282/sub-C/sub-C_ses-20220121T133754_ecephys/pipeline-aind+ephys/version-v1.2.4_codebase-v0.3.46_params-1cbdbee_config-7940dfd_attempt-5/logs/nextflow.log"": ""5507f865-cb11-42ce-9489-9a20e64b2c57"", ""derivatives/dandiset-001282/sub-C/sub-C_ses-20220121T133754_ecephys/pipeline-aind+ephys/version-v1.2.4_codebase-v0.3.46_params-1cbdbee_config-7940dfd_attempt-5/logs/report.html"": ""a1ad40d3-cd7b-4b96-84e9-b88c26368ab8"", ""derivatives/dandiset-001282/sub-C/sub-C_ses-20220121T133754_ecephys/pipeline-aind+ephys/version-v1.2.4_codebase-v0.3.46_params-1cbdbee_config-7940dfd_attempt-5/logs/timeline.html"": ""64dfb247-d902-48d7-926e-e6fcd44be0e3"", ""derivatives/dandiset-001282/sub-C/sub-C_ses-20220121T133754_ecephys/pipeline-aind+ephys/version-v1.2.4_codebase-v0.3.46_params-1cbdbee_config-7940dfd_attempt-5/logs/trace.txt"": ""a3a499df-62ae-46f3-9759-ef6d0b64db2d""}"	2026-09-08T18:11:17.018521-04:00	2026-09-08T18:11:18.540970-04:00
001282	sub-C/sub-C_ses-20220121T133754_ecephys.nwb	aind+ephys	v1.2.4	1cbdbee	7940dfd	2	v0.3.46	dcc3e626-6ae1-44c6-a718-d6e96f056a34	29215221246	True	True	False	False	"{""derivatives/dandiset-001282/sub-C/sub-C_ses-20220121T133754_ecephys/pipeline-aind+ephys/version-v1.2.4_codebase-v0.3.46_params-1cbdbee_config-7940dfd_attempt-2/dataset_description.json"": ""436110bb-cf4b-46d4-81d6-41779f601036""}"			2026-09-09T09:31:50.491368-04:00	
001282	sub-C/sub-C_ses-20220121T133754_ecephys.nwb	aind+ephys	v1.2.4	1cbdbee	7940dfd	6	v0.3.46	dcc3e626-6ae1-44c6-a718-d6e96f056a34	29215221246	True	True	False	False	"{""derivatives/dandiset-001282/sub-C/sub-C_ses-20220121T133754_ecephys/pipeline-aind+ephys/version-v1.2.4_codebase-v0.3.46_params-1cbdbee_config-7940dfd_attempt-6/dataset_description.json"": ""436110bb-cf4b-46d4-81d6-41779f601036""}"			2026-09-09T09:32:01.306000-04:00	
001336	sub-BO14/sub-BO14_ses-BO14-W5D1-062524-30uA_ecephys.nwb	aind+ephys	v1.2.4	1cbdbee	7940dfd	1	v0.3.49	5bc42aed-432b-4f10-ba9f-1c7376d344de	3689063320	True	True	False	True	"{""derivatives/dandiset-001336/sub-BO14/sub-BO14_ses-BO14-W5D1-062524-30uA_ecephys/pipeline-aind+ephys/version-v1.2.4_codebase-v0.3.49_params-1cbdbee_config-7940dfd_attempt-1/dataset_description.json"": ""8cd2f316-b2f4-4ec9-9560-57d77e485955""}"		"{""derivatives/dandiset-001336/sub-BO14/sub-BO14_ses-BO14-W5D1-062524-30uA_ecephys/pipeline-aind+ephys/version-v1.2.4_codebase-v0.3.49_params-1cbdbee_config-7940dfd_attempt-1/logs/dag.html"": ""374d93d6-f54a-49e3-9bd4-23cc49c2e489"", ""derivatives/dandiset-001336/sub-BO14/sub-BO14_ses-BO14-W5D1-062524-30uA_ecephys/pipeline-aind+ephys/version-v1.2.4_codebase-v0.3.49_params-1cbdbee_config-7940dfd_attempt-1/logs/job-17867843_slurm.log"": ""261b7bec-e768-4e7a-97f1-7a6ec863c069"", ""derivatives/dandiset-001336/sub-BO14/sub-BO14_ses-BO14-W5D1-062524-30uA_ecephys/pipeline-aind+ephys/version-v1.2.4_codebase-v0.3.49_params-1cbdbee_config-7940dfd_attempt-1/logs/nextflow.log"": ""c40062ec-91d5-494f-bf89-e5276dc9da14"", ""derivatives/dandiset-001336/sub-BO14/sub-BO14_ses-BO14-W5D1-062524-30uA_ecephys/pipeline-aind+ephys/version-v1.2.4_codebase-v0.3.49_params-1cbdbee_config-7940dfd_attempt-1/logs/report.html"": ""3854637e-7b3a-43c6-b928-21dc76e23d33"", ""derivatives/dandiset-001336/sub-BO14/sub-BO14_ses-BO14-W5D1-062524-30uA_ecephys/pipeline-aind+ephys/version-v1.2.4_codebase-v0.3.49_params-1cbdbee_config-7940dfd_attempt-1/logs/timeline.html"": ""1b75d3db-2bd9-4557-8483-160a8b51b414"", ""derivatives/dandiset-001336/sub-BO14/sub-BO14_ses-BO14-W5D1-062524-30uA_ecephys/pipeline-aind+ephys/version-v1.2.4_codebase-v0.3.49_params-1cbdbee_config-7940dfd_attempt-1/logs/trace.txt"": ""14a1580e-d294-45ee-ae22-fc86a06053a8""}"	2026-09-08T18:11:29.817526-04:00	2026-09-08T18:11:31.216591-04:00
001336	sub-BO14/sub-BO14_ses-BO14-W5D1-062524-50uA_ecephys.nwb	aind+ephys	v1.2.2	1cbdbee	0d4bf36	1	v0.3.27	b664f003-7b70-45a5-a3fa-6e28f510cf71	3694829176	True	True	False	True	"{""derivatives/dandiset-001336/sub-BO14/sub-BO14_ses-BO14-W5D1-062524-50uA_ecephys/pipeline-aind+ephys/version-v1.2.2_codebase-v0.3.27_params-1cbdbee_config-0d4bf36_attempt-1/dataset_description.json"": ""8f8adcdf-4385-4333-b00a-0c680e44b7c9""}"		"{""derivatives/dandiset-001336/sub-BO14/sub-BO14_ses-BO14-W5D1-062524-50uA_ecephys/pipeline-aind+ephys/version-v1.2.2_codebase-v0.3.27_params-1cbdbee_config-0d4bf36_attempt-1/logs/dag.html"": ""374d93d6-f54a-49e3-9bd4-23cc49c2e489"", ""derivatives/dandiset-001336/sub-BO14/sub-BO14_ses-BO14-W5D1-062524-50uA_ecephys/pipeline-aind+ephys/version-v1.2.2_codebase-v0.3.27_params-1cbdbee_config-0d4bf36_attempt-1/logs/job-15871506_slurm.log"": ""7443efea-86f7-47e7-90ad-6c32b9ff97f7"", ""derivatives/dandiset-001336/sub-BO14/sub-BO14_ses-BO14-W5D1-062524-50uA_ecephys/pipeline-aind+ephys/version-v1.2.2_codebase-v0.3.27_params-1cbdbee_config-0d4bf36_attempt-1/logs/nextflow.log"": ""9a36bac1-5cf5-4a42-813d-c6b07778fbcc"", ""derivatives/dandiset-001336/sub-BO14/sub-BO14_ses-BO14-W5D1-062524-50uA_ecephys/pipeline-aind+ephys/version-v1.2.2_codebase-v0.3.27_params-1cbdbee_config-0d4bf36_attempt-1/logs/report.html"": ""7ad12cc8-a0c6-451d-9a4e-a6f3871a04a4"", ""derivatives/dandiset-001336/sub-BO14/sub-BO14_ses-BO14-W5D1-062524-50uA_ecephys/pipeline-aind+ephys/version-v1.2.2_codebase-v0.3.27_params-1cbdbee_config-0d4bf36_attempt-1/logs/timeline.html"": ""aa5ed771-7724-4a95-84d2-1667a71f9fb0"", ""derivatives/dandiset-001336/sub-BO14/sub-BO14_ses-BO14-W5D1-062524-50uA_ecephys/pipeline-aind+ephys/version-v1.2.2_codebase-v0.3.27_params-1cbdbee_config-0d4bf36_attempt-1/logs/trace.txt"": ""a6bc3d4a-ed2c-4728-884b-72caa02fb3d5""}"	2026-09-08T18:11:43.241810-04:00	2026-09-08T18:11:44.580981-04:00
001336	sub-BO14/sub-BO14_ses-BO14-W5D1-062524-5uA_ecephys.nwb	aind+ephys	v1.2.4	1cbdbee	7940dfd	1	v0.3.49	e09f9670-8629-48a8-86cc-ddbfed077555	3687751024	True	True	False	True	"{""derivatives/dandiset-001336/sub-BO14/sub-BO14_ses-BO14-W5D1-062524-5uA_ecephys/pipeline-aind+ephys/version-v1.2.4_codebase-v0.3.49_params-1cbdbee_config-7940dfd_attempt-1/dataset_description.json"": ""8cd2f316-b2f4-4ec9-9560-57d77e485955""}"		"{""derivatives/dandiset-001336/sub-BO14/sub-BO14_ses-BO14-W5D1-062524-5uA_ecephys/pipeline-aind+ephys/version-v1.2.4_codebase-v0.3.49_params-1cbdbee_config-7940dfd_attempt-1/logs/dag.html"": ""374d93d6-f54a-49e3-9bd4-23cc49c2e489"", ""derivatives/dandiset-001336/sub-BO14/sub-BO14_ses-BO14-W5D1-062524-5uA_ecephys/pipeline-aind+ephys/version-v1.2.4_codebase-v0.3.49_params-1cbdbee_config-7940dfd_attempt-1/logs/job-17652767_slurm.log"": ""2eec515b-56ea-42a2-9de2-784f1a03daab"", ""derivatives/dandiset-001336/sub-BO14/sub-BO14_ses-BO14-W5D1-062524-5uA_ecephys/pipeline-aind+ephys/version-v1.2.4_codebase-v0.3.49_params-1cbdbee_config-7940dfd_attempt-1/logs/nextflow.log"": ""9dcf5768-a5b4-4749-8c04-2bd5d2ae6170"", ""derivatives/dandiset-001336/sub-BO14/sub-BO14_ses-BO14-W5D1-062524-5uA_ecephys/pipeline-aind+ephys/version-v1.2.4_codebase-v0.3.49_params-1cbdbee_config-7940dfd_attempt-1/logs/report.html"": ""9788e6ec-0c2b-4597-92d2-63a1d8a6521d"", ""derivatives/dandiset-001336/sub-BO14/sub-BO14_ses-BO14-W5D1-062524-5uA_ecephys/pipeline-aind+ephys/version-v1.2.4_codebase-v0.3.49_params-1cbdbee_config-7940dfd_attempt-1/logs/timeline.html"": ""7377d661-a4ca-4ef4-9ca4-95960abb53d9"", ""derivatives/dandiset-001336/sub-BO14/sub-BO14_ses-BO14-W5D1-062524-5uA_ecephys/pipeline-aind+ephys/version-v1.2.4_codebase-v0.3.49_params-1cbdbee_config-7940dfd_attempt-1/logs/trace.txt"": ""be41fcc6-e0e6-4297-b79a-e86b990d9e3e""}"	2026-09-08T18:11:54.972581-04:00	2026-09-08T18:11:56.310047-04:00
001336	sub-BO14/sub-BO14_ses-BO14-W5D1-062524-5uA_ecephys.nwb	aind+ephys	v1.2.4	1cbdbee	7940dfd	2	v0.3.49	e09f9670-8629-48a8-86cc-ddbfed077555	3687751024	True	True	False	True	"{""derivatives/dandiset-001336/sub-BO14/sub-BO14_ses-BO14-W5D1-062524-5uA_ecephys/pipeline-aind+ephys/version-v1.2.4_codebase-v0.3.49_params-1cbdbee_config-7940dfd_attempt-2/dataset_description.json"": ""8cd2f316-b2f4-4ec9-9560-57d77e485955""}"		"{""derivatives/dandiset-001336/sub-BO14/sub-BO14_ses-BO14-W5D1-062524-5uA_ecephys/pipeline-aind+ephys/version-v1.2.4_codebase-v0.3.49_params-1cbdbee_config-7940dfd_attempt-2/logs/dag.html"": ""374d93d6-f54a-49e3-9bd4-23cc49c2e489"", ""derivatives/dandiset-001336/sub-BO14/sub-BO14_ses-BO14-W5D1-062524-5uA_ecephys/pipeline-aind+ephys/version-v1.2.4_codebase-v0.3.49_params-1cbdbee_config-7940dfd_attempt-2/logs/job-18502858_slurm.log"": ""9cb4e520-40c1-4c5a-b3db-a6f0400518fb"", ""derivatives/dandiset-001336/sub-BO14/sub-BO14_ses-BO14-W5D1-062524-5uA_ecephys/pipeline-aind+ephys/version-v1.2.4_codebase-v0.3.49_params-1cbdbee_config-7940dfd_attempt-2/logs/nextflow.log"": ""4ffe734c-7b83-42fc-90c3-7cf5b941f93d"", ""derivatives/dandiset-001336/sub-BO14/sub-BO14_ses-BO14-W5D1-062524-5uA_ecephys/pipeline-aind+ephys/version-v1.2.4_codebase-v0.3.49_params-1cbdbee_config-7940dfd_attempt-2/logs/report.html"": ""90009234-44e4-4b13-a332-14ce19e5f1da"", ""derivatives/dandiset-001336/sub-BO14/sub-BO14_ses-BO14-W5D1-062524-5uA_ecephys/pipeline-aind+ephys/version-v1.2.4_codebase-v0.3.49_params-1cbdbee_config-7940dfd_attempt-2/logs/timeline.html"": ""673fc4e9-ab02-4ee9-b57e-89d7ae4ec75a"", ""derivatives/dandiset-001336/sub-BO14/sub-BO14_ses-BO14-W5D1-062524-5uA_ecephys/pipeline-aind+ephys/version-v1.2.4_codebase-v0.3.49_params-1cbdbee_config-7940dfd_attempt-2/logs/trace.txt"": ""193c4f2b-01d1-4063-bf6c-ccb3c6086df2""}"	2026-09-08T18:12:06.724961-04:00	2026-09-08T18:12:08.178259-04:00
001336	sub-BO2/sub-BO2_ses-BO2-W1Stim-111723-60uA233uS_ecephys.nwb	aind+ephys	v1.2.2	1cbdbee	7940dfd	1	v0.3.28	a3b4a5ee-4205-451b-8512-5e9a49ebc036	112908632	True	True	False	True	"{""derivatives/dandiset-001336/sub-BO2/sub-BO2_ses-BO2-W1Stim-111723-60uA233uS_ecephys/pipeline-aind+ephys/version-v1.2.2_codebase-v0.3.28_params-1cbdbee_config-7940dfd_attempt-1/dataset_description.json"": ""1c2cd985-15e8-4fe8-b6ee-78e0c5890eab""}"		"{""derivatives/dandiset-001336/sub-BO2/sub-BO2_ses-BO2-W1Stim-111723-60uA233uS_ecephys/pipeline-aind+ephys/version-v1.2.2_codebase-v0.3.28_params-1cbdbee_config-7940dfd_attempt-1/logs/dag.html"": ""374d93d6-f54a-49e3-9bd4-23cc49c2e489"", ""derivatives/dandiset-001336/sub-BO2/sub-BO2_ses-BO2-W1Stim-111723-60uA233uS_ecephys/pipeline-aind+ephys/version-v1.2.2_codebase-v0.3.28_params-1cbdbee_config-7940dfd_attempt-1/logs/job-15872494_slurm.log"": ""0fec0ebe-ac9c-46c7-89f6-75ea269fd4d5"", ""derivatives/dandiset-001336/sub-BO2/sub-BO2_ses-BO2-W1Stim-111723-60uA233uS_ecephys/pipeline-aind+ephys/version-v1.2.2_codebase-v0.3.28_params-1cbdbee_config-7940dfd_attempt-1/logs/nextflow.log"": ""e746715f-a3ae-4e29-8266-4448c5a56b75"", ""derivatives/dandiset-001336/sub-BO2/sub-BO2_ses-BO2-W1Stim-111723-60uA233uS_ecephys/pipeline-aind+ephys/version-v1.2.2_codebase-v0.3.28_params-1cbdbee_config-7940dfd_attempt-1/logs/report.html"": ""3ab2a650-c7db-48b8-bb87-afd7a4266c9d"", ""derivatives/dandiset-001336/sub-BO2/sub-BO2_ses-BO2-W1Stim-111723-60uA233uS_ecephys/pipeline-aind+ephys/version-v1.2.2_codebase-v0.3.28_params-1cbdbee_config-7940dfd_attempt-1/logs/timeline.html"": ""26f9a5e0-6087-4c15-86ca-f43a0544a5ef"", ""derivatives/dandiset-001336/sub-BO2/sub-BO2_ses-BO2-W1Stim-111723-60uA233uS_ecephys/pipeline-aind+ephys/version-v1.2.2_codebase-v0.3.28_params-1cbdbee_config-7940dfd_attempt-1/logs/trace.txt"": ""1a7eca0c-85ef-4f55-b608-c987896793a0""}"	2026-09-08T18:12:18.859197-04:00	2026-09-08T18:12:20.106179-04:00
001336	sub-SO1/sub-SO1_ses-SO1-230622-PreStim_ecephys.nwb	aind+ephys	v1.2.4	1cbdbee	7940dfd	1	v0.3.49	5b9121d6-b317-4b9e-a83f-70fdd7a380d7	432243928	True	True	False	True	"{""derivatives/dandiset-001336/sub-SO1/sub-SO1_ses-SO1-230622-PreStim_ecephys/pipeline-aind+ephys/version-v1.2.4_codebase-v0.3.49_params-1cbdbee_config-7940dfd_attempt-1/dataset_description.json"": ""8cd2f316-b2f4-4ec9-9560-57d77e485955""}"		"{""derivatives/dandiset-001336/sub-SO1/sub-SO1_ses-SO1-230622-PreStim_ecephys/pipeline-aind+ephys/version-v1.2.4_codebase-v0.3.49_params-1cbdbee_config-7940dfd_attempt-1/logs/dag.html"": ""374d93d6-f54a-49e3-9bd4-23cc49c2e489"", ""derivatives/dandiset-001336/sub-SO1/sub-SO1_ses-SO1-230622-PreStim_ecephys/pipeline-aind+ephys/version-v1.2.4_codebase-v0.3.49_params-1cbdbee_config-7940dfd_attempt-1/logs/job-18301978_slurm.log"": ""df441152-0f16-43e3-a6db-2f6415574c85"", ""derivatives/dandiset-001336/sub-SO1/sub-SO1_ses-SO1-230622-PreStim_ecephys/pipeline-aind+ephys/version-v1.2.4_codebase-v0.3.49_params-1cbdbee_config-7940dfd_attempt-1/logs/nextflow.log"": ""d45a101b-00cb-43fa-a9b5-7b09f9a46a66"", ""derivatives/dandiset-001336/sub-SO1/sub-SO1_ses-SO1-230622-PreStim_ecephys/pipeline-aind+ephys/version-v1.2.4_codebase-v0.3.49_params-1cbdbee_config-7940dfd_attempt-1/logs/report.html"": ""ab8e7457-f2dd-4a38-99af-7615c6252662"", ""derivatives/dandiset-001336/sub-SO1/sub-SO1_ses-SO1-230622-PreStim_ecephys/pipeline-aind+ephys/version-v1.2.4_codebase-v0.3.49_params-1cbdbee_config-7940dfd_attempt-1/logs/timeline.html"": ""1d33aaa8-544a-4a13-89fb-c78002865111"", ""derivatives/dandiset-001336/sub-SO1/sub-SO1_ses-SO1-230622-PreStim_ecephys/pipeline-aind+ephys/version-v1.2.4_codebase-v0.3.49_params-1cbdbee_config-7940dfd_attempt-1/logs/trace.txt"": ""dfc84e16-fbe8-4088-99c9-8f22d0d5a2ad""}"	2026-09-08T18:12:31.217826-04:00	2026-09-08T18:12:32.495089-04:00
001336	sub-SO1/sub-SO1_ses-SO1-230629-PostStim_ecephys.nwb	aind+ephys	v1.2.2	1cbdbee	7940dfd	1	v0.3.28	d7e5687b-6ccd-4c02-8e1d-5c6998d80a52	389580568	True	True	False	True	"{""derivatives/dandiset-001336/sub-SO1/sub-SO1_ses-SO1-230629-PostStim_ecephys/pipeline-aind+ephys/version-v1.2.2_codebase-v0.3.28_params-1cbdbee_config-7940dfd_attempt-1/dataset_description.json"": ""1c2cd985-15e8-4fe8-b6ee-78e0c5890eab""}"		"{""derivatives/dandiset-001336/sub-SO1/sub-SO1_ses-SO1-230629-PostStim_ecephys/pipeline-aind+ephys/version-v1.2.2_codebase-v0.3.28_params-1cbdbee_config-7940dfd_attempt-1/logs/dag.html"": ""374d93d6-f54a-49e3-9bd4-23cc49c2e489"", ""derivatives/dandiset-001336/sub-SO1/sub-SO1_ses-SO1-230629-PostStim_ecephys/pipeline-aind+ephys/version-v1.2.2_codebase-v0.3.28_params-1cbdbee_config-7940dfd_attempt-1/logs/job-15872502_slurm.log"": ""237cb93a-ca5b-419e-b6f4-a51b444b0404"", ""derivatives/dandiset-001336/sub-SO1/sub-SO1_ses-SO1-230629-PostStim_ecephys/pipeline-aind+ephys/version-v1.2.2_codebase-v0.3.28_params-1cbdbee_config-7940dfd_attempt-1/logs/nextflow.log"": ""f4b6ee23-5c83-4118-a0ef-f450e208ffe6"", ""derivatives/dandiset-001336/sub-SO1/sub-SO1_ses-SO1-230629-PostStim_ecephys/pipeline-aind+ephys/version-v1.2.2_codebase-v0.3.28_params-1cbdbee_config-7940dfd_attempt-1/logs/report.html"": ""9e150316-1d23-4333-90db-c391d2a4b1c2"", ""derivatives/dandiset-001336/sub-SO1/sub-SO1_ses-SO1-230629-PostStim_ecephys/pipeline-aind+ephys/version-v1.2.2_codebase-v0.3.28_params-1cbdbee_config-7940dfd_attempt-1/logs/timeline.html"": ""dfbc6c5b-6261-467e-9d7e-30ca465431dc"", ""derivatives/dandiset-001336/sub-SO1/sub-SO1_ses-SO1-230629-PostStim_ecephys/pipeline-aind+ephys/version-v1.2.2_codebase-v0.3.28_params-1cbdbee_config-7940dfd_attempt-1/logs/trace.txt"": ""7a54ba40-e8ba-4ea8-9450-eeccfd9d1033""}"	2026-09-08T18:12:44.025851-04:00	2026-09-08T18:12:45.570709-04:00
001336	sub-SO1/sub-SO1_ses-SO1-230629-PreStim_ecephys.nwb	aind+ephys	v1.2.2	1cbdbee	7940dfd	1	v0.3.28	31e88bfa-9ab4-4a3e-b5c7-ed1ea94014de	475435960	True	True	False	True	"{""derivatives/dandiset-001336/sub-SO1/sub-SO1_ses-SO1-230629-PreStim_ecephys/pipeline-aind+ephys/version-v1.2.2_codebase-v0.3.28_params-1cbdbee_config-7940dfd_attempt-1/dataset_description.json"": ""1c2cd985-15e8-4fe8-b6ee-78e0c5890eab""}"		"{""derivatives/dandiset-001336/sub-SO1/sub-SO1_ses-SO1-230629-PreStim_ecephys/pipeline-aind+ephys/version-v1.2.2_codebase-v0.3.28_params-1cbdbee_config-7940dfd_attempt-1/logs/dag.html"": ""374d93d6-f54a-49e3-9bd4-23cc49c2e489"", ""derivatives/dandiset-001336/sub-SO1/sub-SO1_ses-SO1-230629-PreStim_ecephys/pipeline-aind+ephys/version-v1.2.2_codebase-v0.3.28_params-1cbdbee_config-7940dfd_attempt-1/logs/job-15873672_slurm.log"": ""b6e1d237-5dc2-4c2f-a62c-9794b76b3e0d"", ""derivatives/dandiset-001336/sub-SO1/sub-SO1_ses-SO1-230629-PreStim_ecephys/pipeline-aind+ephys/version-v1.2.2_codebase-v0.3.28_params-1cbdbee_config-7940dfd_attempt-1/logs/nextflow.log"": ""d025c1c2-84e9-4db9-b6f7-7f56e57662de"", ""derivatives/dandiset-001336/sub-SO1/sub-SO1_ses-SO1-230629-PreStim_ecephys/pipeline-aind+ephys/version-v1.2.2_codebase-v0.3.28_params-1cbdbee_config-7940dfd_attempt-1/logs/report.html"": ""d2db02a2-c2cb-417e-bfbd-fb107a3aa1cb"", ""derivatives/dandiset-001336/sub-SO1/sub-SO1_ses-SO1-230629-PreStim_ecephys/pipeline-aind+ephys/version-v1.2.2_codebase-v0.3.28_params-1cbdbee_config-7940dfd_attempt-1/logs/timeline.html"": ""e9168bcf-8ab7-445e-be6e-77b5684d9e13"", ""derivatives/dandiset-001336/sub-SO1/sub-SO1_ses-SO1-230629-PreStim_ecephys/pipeline-aind+ephys/version-v1.2.2_codebase-v0.3.28_params-1cbdbee_config-7940dfd_attempt-1/logs/trace.txt"": ""32882968-e815-4696-888f-626db84ab256""}"	2026-09-08T18:12:57.755873-04:00	2026-09-08T18:12:59.083020-04:00
001336	sub-SO1/sub-SO1_ses-SO1-230706-PreStim_ecephys.nwb	aind+ephys	v1.2.4	1cbdbee	7940dfd	1	v0.3.49	f986b674-a518-42b3-b5d6-65415e1ba9b8	304078136	True	True	False	True	"{""derivatives/dandiset-001336/sub-SO1/sub-SO1_ses-SO1-230706-PreStim_ecephys/pipeline-aind+ephys/version-v1.2.4_codebase-v0.3.49_params-1cbdbee_config-7940dfd_attempt-1/dataset_description.json"": ""8cd2f316-b2f4-4ec9-9560-57d77e485955""}"		"{""derivatives/dandiset-001336/sub-SO1/sub-SO1_ses-SO1-230706-PreStim_ecephys/pipeline-aind+ephys/version-v1.2.4_codebase-v0.3.49_params-1cbdbee_config-7940dfd_attempt-1/logs/dag.html"": ""374d93d6-f54a-49e3-9bd4-23cc49c2e489"", ""derivatives/dandiset-001336/sub-SO1/sub-SO1_ses-SO1-230706-PreStim_ecephys/pipeline-aind+ephys/version-v1.2.4_codebase-v0.3.49_params-1cbdbee_config-7940dfd_attempt-1/logs/job-18120206_slurm.log"": ""aa4684c5-8b07-420b-b9c1-b1c07ef2ee3a"", ""derivatives/dandiset-001336/sub-SO1/sub-SO1_ses-SO1-230706-PreStim_ecephys/pipeline-aind+ephys/version-v1.2.4_codebase-v0.3.49_params-1cbdbee_config-7940dfd_attempt-1/logs/nextflow.log"": ""8d5acf43-53f6-444a-ad1a-bc746e33370d"", ""derivatives/dandiset-001336/sub-SO1/sub-SO1_ses-SO1-230706-PreStim_ecephys/pipeline-aind+ephys/version-v1.2.4_codebase-v0.3.49_params-1cbdbee_config-7940dfd_attempt-1/logs/report.html"": ""d37680db-ad1c-4892-8fe6-ae3b7107ed78"", ""derivatives/dandiset-001336/sub-SO1/sub-SO1_ses-SO1-230706-PreStim_ecephys/pipeline-aind+ephys/version-v1.2.4_codebase-v0.3.49_params-1cbdbee_config-7940dfd_attempt-1/logs/timeline.html"": ""42dbe191-383b-4560-8aad-2384a03d28e5"", ""derivatives/dandiset-001336/sub-SO1/sub-SO1_ses-SO1-230706-PreStim_ecephys/pipeline-aind+ephys/version-v1.2.4_codebase-v0.3.49_params-1cbdbee_config-7940dfd_attempt-1/logs/trace.txt"": ""1a4c8779-1708-492d-b3d1-2a01b8e01b78""}"	2026-09-08T18:13:11.034573-04:00	2026-09-08T18:13:12.346255-04:00
001336	sub-SO1/sub-SO1_ses-SO1-230718-WestPreStim_ecephys.nwb	aind+ephys	v1.2.4	1cbdbee	7940dfd	1	v0.3.49	f1895393-db5c-4583-b3bb-77b302b5bfe0	218299464	True	True	False	True	"{""derivatives/dandiset-001336/sub-SO1/sub-SO1_ses-SO1-230718-WestPreStim_ecephys/pipeline-aind+ephys/version-v1.2.4_codebase-v0.3.49_params-1cbdbee_config-7940dfd_attempt-1/dataset_description.json"": ""8cd2f316-b2f4-4ec9-9560-57d77e485955""}"		"{""derivatives/dandiset-001336/sub-SO1/sub-SO1_ses-SO1-230718-WestPreStim_ecephys/pipeline-aind+ephys/version-v1.2.4_codebase-v0.3.49_params-1cbdbee_config-7940dfd_attempt-1/logs/dag.html"": ""374d93d6-f54a-49e3-9bd4-23cc49c2e489"", ""derivatives/dandiset-001336/sub-SO1/sub-SO1_ses-SO1-230718-WestPreStim_ecephys/pipeline-aind+ephys/version-v1.2.4_codebase-v0.3.49_params-1cbdbee_config-7940dfd_attempt-1/logs/job-18979375_slurm.log"": ""212d3164-309a-4a1b-8654-deb80e5556f5"", ""derivatives/dandiset-001336/sub-SO1/sub-SO1_ses-SO1-230718-WestPreStim_ecephys/pipeline-aind+ephys/version-v1.2.4_codebase-v0.3.49_params-1cbdbee_config-7940dfd_attempt-1/logs/nextflow.log"": ""0e2e5f39-5cdc-4206-8e5b-24b3b485a16d"", ""derivatives/dandiset-001336/sub-SO1/sub-SO1_ses-SO1-230718-WestPreStim_ecephys/pipeline-aind+ephys/version-v1.2.4_codebase-v0.3.49_params-1cbdbee_config-7940dfd_attempt-1/logs/report.html"": ""5bc11f30-bde5-431a-943c-489ceb13ef3a"", ""derivatives/dandiset-001336/sub-SO1/sub-SO1_ses-SO1-230718-WestPreStim_ecephys/pipeline-aind+ephys/version-v1.2.4_codebase-v0.3.49_params-1cbdbee_config-7940dfd_attempt-1/logs/timeline.html"": ""857e4de9-c0d3-4c29-8171-3bd470343ed9"", ""derivatives/dandiset-001336/sub-SO1/sub-SO1_ses-SO1-230718-WestPreStim_ecephys/pipeline-aind+ephys/version-v1.2.4_codebase-v0.3.49_params-1cbdbee_config-7940dfd_attempt-1/logs/trace.txt"": ""3b49913b-eb37-4e9c-8731-6749854e39c5""}"	2026-09-08T18:13:24.870731-04:00	2026-09-08T18:13:26.416710-04:00
001363	sub-BH589/sub-BH589_ses-20240827T171808_ecephys.nwb	aind+ephys	v1.2.4	1cbdbee	7940dfd	1	v0.3.49	36a5b787-4b1a-46ff-98db-0cfa03ee9e71	4134460736	True	True	False	True	"{""derivatives/dandiset-001363/sub-BH589/sub-BH589_ses-20240827T171808_ecephys/pipeline-aind+ephys/version-v1.2.4_codebase-v0.3.49_params-1cbdbee_config-7940dfd_attempt-1/dataset_description.json"": ""30cc0c03-3a38-4076-a6d1-374a82a9cde8""}"		"{""derivatives/dandiset-001363/sub-BH589/sub-BH589_ses-20240827T171808_ecephys/pipeline-aind+ephys/version-v1.2.4_codebase-v0.3.49_params-1cbdbee_config-7940dfd_attempt-1/logs/dag.html"": ""374d93d6-f54a-49e3-9bd4-23cc49c2e489"", ""derivatives/dandiset-001363/sub-BH589/sub-BH589_ses-20240827T171808_ecephys/pipeline-aind+ephys/version-v1.2.4_codebase-v0.3.49_params-1cbdbee_config-7940dfd_attempt-1/logs/job-18121239_slurm.log"": ""9ecda098-c5e0-4d41-b632-89dcf8a13724"", ""derivatives/dandiset-001363/sub-BH589/sub-BH589_ses-20240827T171808_ecephys/pipeline-aind+ephys/version-v1.2.4_codebase-v0.3.49_params-1cbdbee_config-7940dfd_attempt-1/logs/nextflow.log"": ""ef4df5ec-7f47-478e-8912-33c84081f7a0"", ""derivatives/dandiset-001363/sub-BH589/sub-BH589_ses-20240827T171808_ecephys/pipeline-aind+ephys/version-v1.2.4_codebase-v0.3.49_params-1cbdbee_config-7940dfd_attempt-1/logs/report.html"": ""585c0769-8aee-4d92-b8f9-7e3741449f3d"", ""derivatives/dandiset-001363/sub-BH589/sub-BH589_ses-20240827T171808_ecephys/pipeline-aind+ephys/version-v1.2.4_codebase-v0.3.49_params-1cbdbee_config-7940dfd_attempt-1/logs/timeline.html"": ""238e7519-1ae8-4ead-8d0d-a9e7e9460d5c"", ""derivatives/dandiset-001363/sub-BH589/sub-BH589_ses-20240827T171808_ecephys/pipeline-aind+ephys/version-v1.2.4_codebase-v0.3.49_params-1cbdbee_config-7940dfd_attempt-1/logs/trace.txt"": ""330c0ef8-5e47-4e46-990a-2d9fecf38664""}"	2026-09-08T18:13:37.579435-04:00	2026-09-08T18:13:38.938272-04:00
001363	sub-BH625/sub-BH625_ses-20241206T171750_ecephys.nwb	aind+ephys	v1.2.4	1cbdbee	7940dfd	1	v0.3.49	dcb3a977-8bab-4f24-ad13-d6a12c64c4c9	3191790912	True	True	False	True	"{""derivatives/dandiset-001363/sub-BH625/sub-BH625_ses-20241206T171750_ecephys/pipeline-aind+ephys/version-v1.2.4_codebase-v0.3.49_params-1cbdbee_config-7940dfd_attempt-1/dataset_description.json"": ""30cc0c03-3a38-4076-a6d1-374a82a9cde8""}"		"{""derivatives/dandiset-001363/sub-BH625/sub-BH625_ses-20241206T171750_ecephys/pipeline-aind+ephys/version-v1.2.4_codebase-v0.3.49_params-1cbdbee_config-7940dfd_attempt-1/logs/dag.html"": ""374d93d6-f54a-49e3-9bd4-23cc49c2e489"", ""derivatives/dandiset-001363/sub-BH625/sub-BH625_ses-20241206T171750_ecephys/pipeline-aind+ephys/version-v1.2.4_codebase-v0.3.49_params-1cbdbee_config-7940dfd_attempt-1/logs/job-17868637_slurm.log"": ""01683507-ff81-4a66-9e39-6aae59ba100e"", ""derivatives/dandiset-001363/sub-BH625/sub-BH625_ses-20241206T171750_ecephys/pipeline-aind+ephys/version-v1.2.4_codebase-v0.3.49_params-1cbdbee_config-7940dfd_attempt-1/logs/nextflow.log"": ""790a5892-af3d-4294-a99c-d611e2d1163a"", ""derivatives/dandiset-001363/sub-BH625/sub-BH625_ses-20241206T171750_ecephys/pipeline-aind+ephys/version-v1.2.4_codebase-v0.3.49_params-1cbdbee_config-7940dfd_attempt-1/logs/report.html"": ""5af0687a-8f65-4682-be4c-47c605a59664"", ""derivatives/dandiset-001363/sub-BH625/sub-BH625_ses-20241206T171750_ecephys/pipeline-aind+ephys/version-v1.2.4_codebase-v0.3.49_params-1cbdbee_config-7940dfd_attempt-1/logs/timeline.html"": ""3e49fc02-15da-4d64-a948-94a860559639"", ""derivatives/dandiset-001363/sub-BH625/sub-BH625_ses-20241206T171750_ecephys/pipeline-aind+ephys/version-v1.2.4_codebase-v0.3.49_params-1cbdbee_config-7940dfd_attempt-1/logs/trace.txt"": ""9c26bf0e-9832-46d9-ae64-8c3cf665caf2""}"	2026-09-08T18:13:52.230037-04:00	2026-09-08T18:13:53.527650-04:00
001363	sub-BH625/sub-BH625_ses-20241206T193900_ecephys.nwb	aind+ephys	v1.2.2	1cbdbee	7940dfd	1	v0.3.28	b8cbf333-5088-4d26-9e1f-81342d920a79	3159809344	True	True	False	True	"{""derivatives/dandiset-001363/sub-BH625/sub-BH625_ses-20241206T193900_ecephys/pipeline-aind+ephys/version-v1.2.2_codebase-v0.3.28_params-1cbdbee_config-7940dfd_attempt-1/dataset_description.json"": ""4f74b982-cf9d-47fd-827b-2eb11129b0af""}"		"{""derivatives/dandiset-001363/sub-BH625/sub-BH625_ses-20241206T193900_ecephys/pipeline-aind+ephys/version-v1.2.2_codebase-v0.3.28_params-1cbdbee_config-7940dfd_attempt-1/logs/dag.html"": ""374d93d6-f54a-49e3-9bd4-23cc49c2e489"", ""derivatives/dandiset-001363/sub-BH625/sub-BH625_ses-20241206T193900_ecephys/pipeline-aind+ephys/version-v1.2.2_codebase-v0.3.28_params-1cbdbee_config-7940dfd_attempt-1/logs/job-15873683_slurm.log"": ""6e61bd08-7ea1-4332-9bca-5be5c5e282f5"", ""derivatives/dandiset-001363/sub-BH625/sub-BH625_ses-20241206T193900_ecephys/pipeline-aind+ephys/version-v1.2.2_codebase-v0.3.28_params-1cbdbee_config-7940dfd_attempt-1/logs/nextflow.log"": ""2399e457-8b7b-4ad2-bc3a-feafbf94b463"", ""derivatives/dandiset-001363/sub-BH625/sub-BH625_ses-20241206T193900_ecephys/pipeline-aind+ephys/version-v1.2.2_codebase-v0.3.28_params-1cbdbee_config-7940dfd_attempt-1/logs/report.html"": ""dcb5d82e-c4f5-4cf8-bfe3-cb071461e761"", ""derivatives/dandiset-001363/sub-BH625/sub-BH625_ses-20241206T193900_ecephys/pipeline-aind+ephys/version-v1.2.2_codebase-v0.3.28_params-1cbdbee_config-7940dfd_attempt-1/logs/timeline.html"": ""5e3ae30f-fbc9-41ba-a4da-625899cc9bf7"", ""derivatives/dandiset-001363/sub-BH625/sub-BH625_ses-20241206T193900_ecephys/pipeline-aind+ephys/version-v1.2.2_codebase-v0.3.28_params-1cbdbee_config-7940dfd_attempt-1/logs/trace.txt"": ""ee5f69d3-b539-479f-bb5d-d324a96b861d""}"	2026-09-08T18:14:04.252730-04:00	2026-09-08T18:14:05.532522-04:00
001363	sub-BH625/sub-BH625_ses-20241206T211421_ecephys.nwb	aind+ephys	v1.2.4	1cbdbee	7940dfd	1	v0.3.49	ec5cec1f-1730-40f4-a3e5-800519ddf703	3145653568	True	True	False	True	"{""derivatives/dandiset-001363/sub-BH625/sub-BH625_ses-20241206T211421_ecephys/pipeline-aind+ephys/version-v1.2.4_codebase-v0.3.49_params-1cbdbee_config-7940dfd_attempt-1/dataset_description.json"": ""30cc0c03-3a38-4076-a6d1-374a82a9cde8""}"		"{""derivatives/dandiset-001363/sub-BH625/sub-BH625_ses-20241206T211421_ecephys/pipeline-aind+ephys/version-v1.2.4_codebase-v0.3.49_params-1cbdbee_config-7940dfd_attempt-1/logs/dag.html"": ""374d93d6-f54a-49e3-9bd4-23cc49c2e489"", ""derivatives/dandiset-001363/sub-BH625/sub-BH625_ses-20241206T211421_ecephys/pipeline-aind+ephys/version-v1.2.4_codebase-v0.3.49_params-1cbdbee_config-7940dfd_attempt-1/logs/job-17850057_slurm.log"": ""eb994bad-fbfc-42d3-9249-b82582e1f12d"", ""derivatives/dandiset-001363/sub-BH625/sub-BH625_ses-20241206T211421_ecephys/pipeline-aind+ephys/version-v1.2.4_codebase-v0.3.49_params-1cbdbee_config-7940dfd_attempt-1/logs/nextflow.log"": ""e2f1be41-93d6-4089-96dd-ef1505d2be4c"", ""derivatives/dandiset-001363/sub-BH625/sub-BH625_ses-20241206T211421_ecephys/pipeline-aind+ephys/version-v1.2.4_codebase-v0.3.49_params-1cbdbee_config-7940dfd_attempt-1/logs/report.html"": ""e4feac90-add4-41db-aaf1-f96a2675d649"", ""derivatives/dandiset-001363/sub-BH625/sub-BH625_ses-20241206T211421_ecephys/pipeline-aind+ephys/version-v1.2.4_codebase-v0.3.49_params-1cbdbee_config-7940dfd_attempt-1/logs/timeline.html"": ""2f5014a7-859f-4a2c-a4ab-b5bfbd864938"", ""derivatives/dandiset-001363/sub-BH625/sub-BH625_ses-20241206T211421_ecephys/pipeline-aind+ephys/version-v1.2.4_codebase-v0.3.49_params-1cbdbee_config-7940dfd_attempt-1/logs/trace.txt"": ""ce467171-b19f-48e2-83aa-fabadafa9f46""}"	2026-09-08T18:14:17.876185-04:00	2026-09-08T18:14:19.231535-04:00
001363	sub-BH627/sub-BH627_ses-20250124T214032_ecephys.nwb	aind+ephys	v1.2.4	1cbdbee	7940dfd	1	v0.3.49	1ac09a5c-14c1-4af7-997b-2c7e769ae492	3150110016	True	True	False	True	"{""derivatives/dandiset-001363/sub-BH627/sub-BH627_ses-20250124T214032_ecephys/pipeline-aind+ephys/version-v1.2.4_codebase-v0.3.49_params-1cbdbee_config-7940dfd_attempt-1/dataset_description.json"": ""30cc0c03-3a38-4076-a6d1-374a82a9cde8""}"		"{""derivatives/dandiset-001363/sub-BH627/sub-BH627_ses-20250124T214032_ecephys/pipeline-aind+ephys/version-v1.2.4_codebase-v0.3.49_params-1cbdbee_config-7940dfd_attempt-1/logs/dag.html"": ""374d93d6-f54a-49e3-9bd4-23cc49c2e489"", ""derivatives/dandiset-001363/sub-BH627/sub-BH627_ses-20250124T214032_ecephys/pipeline-aind+ephys/version-v1.2.4_codebase-v0.3.49_params-1cbdbee_config-7940dfd_attempt-1/logs/job-17653751_slurm.log"": ""e71f16a9-8cac-4889-8c94-46b85eab28bf"", ""derivatives/dandiset-001363/sub-BH627/sub-BH627_ses-20250124T214032_ecephys/pipeline-aind+ephys/version-v1.2.4_codebase-v0.3.49_params-1cbdbee_config-7940dfd_attempt-1/logs/nextflow.log"": ""72c6fa0f-9239-41ce-b654-e0352c5ba720"", ""derivatives/dandiset-001363/sub-BH627/sub-BH627_ses-20250124T214032_ecephys/pipeline-aind+ephys/version-v1.2.4_codebase-v0.3.49_params-1cbdbee_config-7940dfd_attempt-1/logs/report.html"": ""5ed3b4cf-491c-4763-9f89-f5402bf39a5c"", ""derivatives/dandiset-001363/sub-BH627/sub-BH627_ses-20250124T214032_ecephys/pipeline-aind+ephys/version-v1.2.4_codebase-v0.3.49_params-1cbdbee_config-7940dfd_attempt-1/logs/timeline.html"": ""62669cee-c7ab-46d0-885f-238cf5781fdf"", ""derivatives/dandiset-001363/sub-BH627/sub-BH627_ses-20250124T214032_ecephys/pipeline-aind+ephys/version-v1.2.4_codebase-v0.3.49_params-1cbdbee_config-7940dfd_attempt-1/logs/trace.txt"": ""efaa71e9-5ca1-4ebc-8f61-8f7ba1e44e75""}"	2026-09-08T18:14:30.704289-04:00	2026-09-08T18:14:31.988781-04:00
001363	sub-BH627/sub-BH627_ses-20250124T221554_ecephys.nwb	aind+ephys	v1.2.4	1cbdbee	7940dfd	1	v0.3.49	ebfcd7ed-fc69-4ac0-8369-9c241d66fcc3	3143294272	True	True	False	True	"{""derivatives/dandiset-001363/sub-BH627/sub-BH627_ses-20250124T221554_ecephys/pipeline-aind+ephys/version-v1.2.4_codebase-v0.3.49_params-1cbdbee_config-7940dfd_attempt-1/dataset_description.json"": ""30cc0c03-3a38-4076-a6d1-374a82a9cde8""}"		"{""derivatives/dandiset-001363/sub-BH627/sub-BH627_ses-20250124T221554_ecephys/pipeline-aind+ephys/version-v1.2.4_codebase-v0.3.49_params-1cbdbee_config-7940dfd_attempt-1/logs/dag.html"": ""374d93d6-f54a-49e3-9bd4-23cc49c2e489"", ""derivatives/dandiset-001363/sub-BH627/sub-BH627_ses-20250124T221554_ecephys/pipeline-aind+ephys/version-v1.2.4_codebase-v0.3.49_params-1cbdbee_config-7940dfd_attempt-1/logs/job-17609757_slurm.log"": ""2253c778-d21a-4b3a-bcee-0f0549be55ba"", ""derivatives/dandiset-001363/sub-BH627/sub-BH627_ses-20250124T221554_ecephys/pipeline-aind+ephys/version-v1.2.4_codebase-v0.3.49_params-1cbdbee_config-7940dfd_attempt-1/logs/nextflow.log"": ""9391a9ad-58ab-452a-b277-d8b4ad64a4df"", ""derivatives/dandiset-001363/sub-BH627/sub-BH627_ses-20250124T221554_ecephys/pipeline-aind+ephys/version-v1.2.4_codebase-v0.3.49_params-1cbdbee_config-7940dfd_attempt-1/logs/report.html"": ""ec6e5c5d-7df3-4b26-a3a5-51cd2ef23e09"", ""derivatives/dandiset-001363/sub-BH627/sub-BH627_ses-20250124T221554_ecephys/pipeline-aind+ephys/version-v1.2.4_codebase-v0.3.49_params-1cbdbee_config-7940dfd_attempt-1/logs/timeline.html"": ""c3755e4c-4a58-4d35-aca6-11e6548d66cc"", ""derivatives/dandiset-001363/sub-BH627/sub-BH627_ses-20250124T221554_ecephys/pipeline-aind+ephys/version-v1.2.4_codebase-v0.3.49_params-1cbdbee_config-7940dfd_attempt-1/logs/trace.txt"": ""5bfdc1c6-98db-4f60-8886-6bb3dad70a3a""}"	2026-09-08T18:14:44.513843-04:00	2026-09-08T18:14:45.873577-04:00
001363	sub-BH633/sub-BH633_ses-20250131T184547_ecephys.nwb	aind+ephys	v1.2.2	1cbdbee	7940dfd	1	v0.3.28	fe9b4a3e-1092-47a1-a807-6ecfc0a92b16	3163479360	True	True	False	True	"{""derivatives/dandiset-001363/sub-BH633/sub-BH633_ses-20250131T184547_ecephys/pipeline-aind+ephys/version-v1.2.2_codebase-v0.3.28_params-1cbdbee_config-7940dfd_attempt-1/dataset_description.json"": ""4f74b982-cf9d-47fd-827b-2eb11129b0af""}"		"{""derivatives/dandiset-001363/sub-BH633/sub-BH633_ses-20250131T184547_ecephys/pipeline-aind+ephys/version-v1.2.2_codebase-v0.3.28_params-1cbdbee_config-7940dfd_attempt-1/logs/dag.html"": ""374d93d6-f54a-49e3-9bd4-23cc49c2e489"", ""derivatives/dandiset-001363/sub-BH633/sub-BH633_ses-20250131T184547_ecephys/pipeline-aind+ephys/version-v1.2.2_codebase-v0.3.28_params-1cbdbee_config-7940dfd_attempt-1/logs/job-15874349_slurm.log"": ""c9c96a0f-bb25-4163-b8ff-6d7b1ed0379d"", ""derivatives/dandiset-001363/sub-BH633/sub-BH633_ses-20250131T184547_ecephys/pipeline-aind+ephys/version-v1.2.2_codebase-v0.3.28_params-1cbdbee_config-7940dfd_attempt-1/logs/nextflow.log"": ""66ab736c-5afe-4821-8823-01b9181042df"", ""derivatives/dandiset-001363/sub-BH633/sub-BH633_ses-20250131T184547_ecephys/pipeline-aind+ephys/version-v1.2.2_codebase-v0.3.28_params-1cbdbee_config-7940dfd_attempt-1/logs/report.html"": ""8f67eb9c-8bd9-4e03-b61b-b8b42ec7d23a"", ""derivatives/dandiset-001363/sub-BH633/sub-BH633_ses-20250131T184547_ecephys/pipeline-aind+ephys/version-v1.2.2_codebase-v0.3.28_params-1cbdbee_config-7940dfd_attempt-1/logs/timeline.html"": ""d83c70df-a1e6-4a58-81c5-416bd5d40c72"", ""derivatives/dandiset-001363/sub-BH633/sub-BH633_ses-20250131T184547_ecephys/pipeline-aind+ephys/version-v1.2.2_codebase-v0.3.28_params-1cbdbee_config-7940dfd_attempt-1/logs/trace.txt"": ""9b9b29db-4078-4ffc-a65d-813412117270""}"	2026-09-08T18:14:56.286154-04:00	2026-09-08T18:14:57.577109-04:00
001363	sub-BH633/sub-BH633_ses-20250131T192045_ecephys.nwb	aind+ephys	v1.2.4	1cbdbee	7940dfd	1	v0.3.49	516c5856-84e7-44a9-84b9-df2db3ca1abb	3636387136	True	True	False	True	"{""derivatives/dandiset-001363/sub-BH633/sub-BH633_ses-20250131T192045_ecephys/pipeline-aind+ephys/version-v1.2.4_codebase-v0.3.49_params-1cbdbee_config-7940dfd_attempt-1/dataset_description.json"": ""30cc0c03-3a38-4076-a6d1-374a82a9cde8""}"		"{""derivatives/dandiset-001363/sub-BH633/sub-BH633_ses-20250131T192045_ecephys/pipeline-aind+ephys/version-v1.2.4_codebase-v0.3.49_params-1cbdbee_config-7940dfd_attempt-1/logs/dag.html"": ""374d93d6-f54a-49e3-9bd4-23cc49c2e489"", ""derivatives/dandiset-001363/sub-BH633/sub-BH633_ses-20250131T192045_ecephys/pipeline-aind+ephys/version-v1.2.4_codebase-v0.3.49_params-1cbdbee_config-7940dfd_attempt-1/logs/job-18903889_slurm.log"": ""68c49e51-e4be-43e9-9141-7939427588cd"", ""derivatives/dandiset-001363/sub-BH633/sub-BH633_ses-20250131T192045_ecephys/pipeline-aind+ephys/version-v1.2.4_codebase-v0.3.49_params-1cbdbee_config-7940dfd_attempt-1/logs/nextflow.log"": ""0c85ce73-e8c3-41f9-a10f-48819b90eea8"", ""derivatives/dandiset-001363/sub-BH633/sub-BH633_ses-20250131T192045_ecephys/pipeline-aind+ephys/version-v1.2.4_codebase-v0.3.49_params-1cbdbee_config-7940dfd_attempt-1/logs/report.html"": ""c6eb651f-b584-4513-ad8d-dcbc586aadb1"", ""derivatives/dandiset-001363/sub-BH633/sub-BH633_ses-20250131T192045_ecephys/pipeline-aind+ephys/version-v1.2.4_codebase-v0.3.49_params-1cbdbee_config-7940dfd_attempt-1/logs/timeline.html"": ""10cea64c-dcfa-4849-a328-69e198957c62"", ""derivatives/dandiset-001363/sub-BH633/sub-BH633_ses-20250131T192045_ecephys/pipeline-aind+ephys/version-v1.2.4_codebase-v0.3.49_params-1cbdbee_config-7940dfd_attempt-1/logs/trace.txt"": ""e142a4bc-af30-408f-9042-5bcb21a8f344""}"	2026-09-08T18:15:09.057217-04:00	2026-09-08T18:15:10.507353-04:00
001363	sub-BH643/sub-BH643_ses-20241220T204916_ecephys.nwb	aind+ephys	v1.2.2	1cbdbee	0d4bf36	1	v0.3.25	22313f02-6328-4922-afce-acf24c0c564f	3139099968	True	True	False	True	"{""derivatives/dandiset-001363/sub-BH643/sub-BH643_ses-20241220T204916_ecephys/pipeline-aind+ephys/version-v1.2.2_codebase-v0.3.25_params-1cbdbee_config-0d4bf36_attempt-1/dataset_description.json"": ""203167a8-627d-41d6-8497-53e61a86256b""}"		"{""derivatives/dandiset-001363/sub-BH643/sub-BH643_ses-20241220T204916_ecephys/pipeline-aind+ephys/version-v1.2.2_codebase-v0.3.25_params-1cbdbee_config-0d4bf36_attempt-1/logs/dag.html"": ""374d93d6-f54a-49e3-9bd4-23cc49c2e489"", ""derivatives/dandiset-001363/sub-BH643/sub-BH643_ses-20241220T204916_ecephys/pipeline-aind+ephys/version-v1.2.2_codebase-v0.3.25_params-1cbdbee_config-0d4bf36_attempt-1/logs/job-15874353_slurm.log"": ""d979e3b2-6b82-450b-ba4b-5436d0164d0e"", ""derivatives/dandiset-001363/sub-BH643/sub-BH643_ses-20241220T204916_ecephys/pipeline-aind+ephys/version-v1.2.2_codebase-v0.3.25_params-1cbdbee_config-0d4bf36_attempt-1/logs/nextflow.log"": ""6c4817ab-2067-4356-8ddc-b4fb6a163d06"", ""derivatives/dandiset-001363/sub-BH643/sub-BH643_ses-20241220T204916_ecephys/pipeline-aind+ephys/version-v1.2.2_codebase-v0.3.25_params-1cbdbee_config-0d4bf36_attempt-1/logs/report.html"": ""373dc1b5-0c65-4d41-8eab-2253fd060cef"", ""derivatives/dandiset-001363/sub-BH643/sub-BH643_ses-20241220T204916_ecephys/pipeline-aind+ephys/version-v1.2.2_codebase-v0.3.25_params-1cbdbee_config-0d4bf36_attempt-1/logs/timeline.html"": ""873ea14c-9585-4331-a4f4-fb4d2f3fb70e"", ""derivatives/dandiset-001363/sub-BH643/sub-BH643_ses-20241220T204916_ecephys/pipeline-aind+ephys/version-v1.2.2_codebase-v0.3.25_params-1cbdbee_config-0d4bf36_attempt-1/logs/trace.txt"": ""1565130d-453f-4206-94da-901cc86aa394""}"	2026-09-08T18:15:21.127372-04:00	2026-09-08T18:15:22.568577-04:00
001363	sub-BH643/sub-BH643_ses-20241220T214216_ecephys.nwb	aind+ephys	v1.2.4	1cbdbee	7940dfd	1	v0.3.49	e1f2dbce-35e3-499e-955d-8e5fb7915479	3131235648	True	True	False	True	"{""derivatives/dandiset-001363/sub-BH643/sub-BH643_ses-20241220T214216_ecephys/pipeline-aind+ephys/version-v1.2.4_codebase-v0.3.49_params-1cbdbee_config-7940dfd_attempt-1/dataset_description.json"": ""30cc0c03-3a38-4076-a6d1-374a82a9cde8""}"		"{""derivatives/dandiset-001363/sub-BH643/sub-BH643_ses-20241220T214216_ecephys/pipeline-aind+ephys/version-v1.2.4_codebase-v0.3.49_params-1cbdbee_config-7940dfd_attempt-1/logs/dag.html"": ""374d93d6-f54a-49e3-9bd4-23cc49c2e489"", ""derivatives/dandiset-001363/sub-BH643/sub-BH643_ses-20241220T214216_ecephys/pipeline-aind+ephys/version-v1.2.4_codebase-v0.3.49_params-1cbdbee_config-7940dfd_attempt-1/logs/job-17610612_slurm.log"": ""1de3973e-8d71-4de0-9175-7d492bc88673"", ""derivatives/dandiset-001363/sub-BH643/sub-BH643_ses-20241220T214216_ecephys/pipeline-aind+ephys/version-v1.2.4_codebase-v0.3.49_params-1cbdbee_config-7940dfd_attempt-1/logs/nextflow.log"": ""c39e6916-de22-4a60-9119-f15c87f3199b"", ""derivatives/dandiset-001363/sub-BH643/sub-BH643_ses-20241220T214216_ecephys/pipeline-aind+ephys/version-v1.2.4_codebase-v0.3.49_params-1cbdbee_config-7940dfd_attempt-1/logs/report.html"": ""738c8a02-5658-4ef7-9140-9cdcbc93cc72"", ""derivatives/dandiset-001363/sub-BH643/sub-BH643_ses-20241220T214216_ecephys/pipeline-aind+ephys/version-v1.2.4_codebase-v0.3.49_params-1cbdbee_config-7940dfd_attempt-1/logs/timeline.html"": ""4448b70e-2e53-4d2a-9340-3ba0aab15221"", ""derivatives/dandiset-001363/sub-BH643/sub-BH643_ses-20241220T214216_ecephys/pipeline-aind+ephys/version-v1.2.4_codebase-v0.3.49_params-1cbdbee_config-7940dfd_attempt-1/logs/trace.txt"": ""b14d64e5-1cdd-499c-a4a2-46baf72a917c""}"	2026-09-08T18:15:33.680614-04:00	2026-09-08T18:15:34.970667-04:00
001363	sub-BH643/sub-BH643_ses-20241220T214216_ecephys.nwb	aind+ephys	v1.2.4	1cbdbee	7940dfd	2	v0.3.49	e1f2dbce-35e3-499e-955d-8e5fb7915479	3131235648	True	True	False	True	"{""derivatives/dandiset-001363/sub-BH643/sub-BH643_ses-20241220T214216_ecephys/pipeline-aind+ephys/version-v1.2.4_codebase-v0.3.49_params-1cbdbee_config-7940dfd_attempt-2/dataset_description.json"": ""30cc0c03-3a38-4076-a6d1-374a82a9cde8""}"		"{""derivatives/dandiset-001363/sub-BH643/sub-BH643_ses-20241220T214216_ecephys/pipeline-aind+ephys/version-v1.2.4_codebase-v0.3.49_params-1cbdbee_config-7940dfd_attempt-2/logs/dag.html"": ""374d93d6-f54a-49e3-9bd4-23cc49c2e489"", ""derivatives/dandiset-001363/sub-BH643/sub-BH643_ses-20241220T214216_ecephys/pipeline-aind+ephys/version-v1.2.4_codebase-v0.3.49_params-1cbdbee_config-7940dfd_attempt-2/logs/job-17611116_slurm.log"": ""c9c95380-9556-49fa-9d1f-74664b345c8d"", ""derivatives/dandiset-001363/sub-BH643/sub-BH643_ses-20241220T214216_ecephys/pipeline-aind+ephys/version-v1.2.4_codebase-v0.3.49_params-1cbdbee_config-7940dfd_attempt-2/logs/nextflow.log"": ""145bb088-b5a2-4595-9bdd-161e32d3f2b4"", ""derivatives/dandiset-001363/sub-BH643/sub-BH643_ses-20241220T214216_ecephys/pipeline-aind+ephys/version-v1.2.4_codebase-v0.3.49_params-1cbdbee_config-7940dfd_attempt-2/logs/report.html"": ""9d3db4bb-5727-43d0-ad8b-96623b4f1047"", ""derivatives/dandiset-001363/sub-BH643/sub-BH643_ses-20241220T214216_ecephys/pipeline-aind+ephys/version-v1.2.4_codebase-v0.3.49_params-1cbdbee_config-7940dfd_attempt-2/logs/timeline.html"": ""d795bb16-8b34-4920-83a6-7583ee94ac00"", ""derivatives/dandiset-001363/sub-BH643/sub-BH643_ses-20241220T214216_ecephys/pipeline-aind+ephys/version-v1.2.4_codebase-v0.3.49_params-1cbdbee_config-7940dfd_attempt-2/logs/trace.txt"": ""1e216b94-69a8-48c8-b97e-3e9815abc8f6""}"	2026-09-08T18:15:49.668520-04:00	2026-09-08T18:15:51.302437-04:00
001371	sub-S20/sub-S20_ses-S20-210512_behavior+ecephys.nwb	aind+ephys	v1.2.2	1cbdbee	7940dfd	1	v0.3.28	b3fc2802-2060-423d-96e7-620cfba220b9	187126107584	True	True	False	True	"{""derivatives/dandiset-001371/sub-S20/sub-S20_ses-S20-210512_behavior+ecephys/pipeline-aind+ephys/version-v1.2.2_codebase-v0.3.28_params-1cbdbee_config-7940dfd_attempt-1/dataset_description.json"": ""05c2dcab-10d6-4701-a50d-d598e981e723""}"		"{""derivatives/dandiset-001371/sub-S20/sub-S20_ses-S20-210512_behavior+ecephys/pipeline-aind+ephys/version-v1.2.2_codebase-v0.3.28_params-1cbdbee_config-7940dfd_attempt-1/logs/dag.html"": ""374d93d6-f54a-49e3-9bd4-23cc49c2e489"", ""derivatives/dandiset-001371/sub-S20/sub-S20_ses-S20-210512_behavior+ecephys/pipeline-aind+ephys/version-v1.2.2_codebase-v0.3.28_params-1cbdbee_config-7940dfd_attempt-1/logs/job-15874921_slurm.log"": ""fd38c73a-869d-4fa3-b43c-fcd720b4d7a0"", ""derivatives/dandiset-001371/sub-S20/sub-S20_ses-S20-210512_behavior+ecephys/pipeline-aind+ephys/version-v1.2.2_codebase-v0.3.28_params-1cbdbee_config-7940dfd_attempt-1/logs/nextflow.log"": ""e6d27d62-4a6b-41a3-9580-3f4273176a9e"", ""derivatives/dandiset-001371/sub-S20/sub-S20_ses-S20-210512_behavior+ecephys/pipeline-aind+ephys/version-v1.2.2_codebase-v0.3.28_params-1cbdbee_config-7940dfd_attempt-1/logs/report.html"": ""8241f897-f6f8-4ffa-a8b9-f51575df79b2"", ""derivatives/dandiset-001371/sub-S20/sub-S20_ses-S20-210512_behavior+ecephys/pipeline-aind+ephys/version-v1.2.2_codebase-v0.3.28_params-1cbdbee_config-7940dfd_attempt-1/logs/timeline.html"": ""d3302598-9df2-4ec1-8893-a323fad272d0"", ""derivatives/dandiset-001371/sub-S20/sub-S20_ses-S20-210512_behavior+ecephys/pipeline-aind+ephys/version-v1.2.2_codebase-v0.3.28_params-1cbdbee_config-7940dfd_attempt-1/logs/trace.txt"": ""ded67913-734d-43ca-9910-410ecc509b1d""}"	2026-09-08T18:16:02.918846-04:00	2026-09-08T18:16:04.351098-04:00
001371	sub-S34/sub-S34_ses-S34-220616_behavior+ecephys.nwb	aind+ephys	v1.2.2	1cbdbee	7940dfd	1	v0.3.28	4d308d0e-5503-448a-a5ff-8269277be9f2	171701134323	True	True	False	True	"{""derivatives/dandiset-001371/sub-S34/sub-S34_ses-S34-220616_behavior+ecephys/pipeline-aind+ephys/version-v1.2.2_codebase-v0.3.28_params-1cbdbee_config-7940dfd_attempt-1/dataset_description.json"": ""05c2dcab-10d6-4701-a50d-d598e981e723""}"		"{""derivatives/dandiset-001371/sub-S34/sub-S34_ses-S34-220616_behavior+ecephys/pipeline-aind+ephys/version-v1.2.2_codebase-v0.3.28_params-1cbdbee_config-7940dfd_attempt-1/logs/dag.html"": ""374d93d6-f54a-49e3-9bd4-23cc49c2e489"", ""derivatives/dandiset-001371/sub-S34/sub-S34_ses-S34-220616_behavior+ecephys/pipeline-aind+ephys/version-v1.2.2_codebase-v0.3.28_params-1cbdbee_config-7940dfd_attempt-1/logs/job-15874926_slurm.log"": ""461236bf-3e52-44d5-a966-5947c6139d93"", ""derivatives/dandiset-001371/sub-S34/sub-S34_ses-S34-220616_behavior+ecephys/pipeline-aind+ephys/version-v1.2.2_codebase-v0.3.28_params-1cbdbee_config-7940dfd_attempt-1/logs/nextflow.log"": ""eda247a4-545b-4eb6-8815-cacd49eeb9ad"", ""derivatives/dandiset-001371/sub-S34/sub-S34_ses-S34-220616_behavior+ecephys/pipeline-aind+ephys/version-v1.2.2_codebase-v0.3.28_params-1cbdbee_config-7940dfd_attempt-1/logs/report.html"": ""4295db79-f648-4d22-bebc-7357e3f9bba9"", ""derivatives/dandiset-001371/sub-S34/sub-S34_ses-S34-220616_behavior+ecephys/pipeline-aind+ephys/version-v1.2.2_codebase-v0.3.28_params-1cbdbee_config-7940dfd_attempt-1/logs/timeline.html"": ""4be1246f-8111-4426-a81c-c2748e2bc9b7"", ""derivatives/dandiset-001371/sub-S34/sub-S34_ses-S34-220616_behavior+ecephys/pipeline-aind+ephys/version-v1.2.2_codebase-v0.3.28_params-1cbdbee_config-7940dfd_attempt-1/logs/trace.txt"": ""23317bae-65b0-4fab-9307-4ccf88dbdb11""}"	2026-09-08T18:16:17.585542-04:00	2026-09-08T18:16:19.153980-04:00
001374	sub-001/sub-001_ses-20250502_obj-22710iiiKH2iiid48iii06iii21iii2024iiidorsaliiipasca_ecephys.nwb	aind+ephys	v1.2.4	1cbdbee	7940dfd	1	v0.3.42	4a0d3111-7020-4163-bf78-0ecee551a6d3	2041565817	True	True	False	True	"{""derivatives/dandiset-001374/sub-001/sub-001_ses-20250502_obj-22710iiiKH2iiid48iii06iii21iii2024iiidorsaliiipasca_ecephys/pipeline-aind+ephys/version-v1.2.4_codebase-v0.3.42_params-1cbdbee_config-7940dfd_attempt-1/dataset_description.json"": ""41158372-d0d9-41cd-9c1f-bb37592c18bb""}"		"{""derivatives/dandiset-001374/sub-001/sub-001_ses-20250502_obj-22710iiiKH2iiid48iii06iii21iii2024iiidorsaliiipasca_ecephys/pipeline-aind+ephys/version-v1.2.4_codebase-v0.3.42_params-1cbdbee_config-7940dfd_attempt-1/logs/job-16218600_slurm.log"": ""af00e28e-b712-4654-9b25-250ef7734bf5"", ""derivatives/dandiset-001374/sub-001/sub-001_ses-20250502_obj-22710iiiKH2iiid48iii06iii21iii2024iiidorsaliiipasca_ecephys/pipeline-aind+ephys/version-v1.2.4_codebase-v0.3.42_params-1cbdbee_config-7940dfd_attempt-1/logs/nextflow.log"": ""d95c7b8d-4d59-4703-9119-35549cc43692""}"	2026-06-22T16:42:40.638605-04:00	2026-06-22T16:42:41.068276-04:00
001374	sub-001/sub-001_ses-20250502_obj-23124iiiKH2iiid35iii5iii14iii2024iiidorsaliiipasca_ecephys.nwb	aind+ephys	v1.2.4	1cbdbee	7940dfd	1	v0.3.46	425cff4d-57e1-4eb2-a7f7-bb3bff8f2cef	8603674633	True	True	False	True	"{""derivatives/dandiset-001374/sub-001/sub-001_ses-20250502_obj-23124iiiKH2iiid35iii5iii14iii2024iiidorsaliiipasca_ecephys/pipeline-aind+ephys/version-v1.2.4_codebase-v0.3.46_params-1cbdbee_config-7940dfd_attempt-1/dataset_description.json"": ""77f44bf9-d3c4-4186-a177-2ff640f0e219""}"		"{""derivatives/dandiset-001374/sub-001/sub-001_ses-20250502_obj-23124iiiKH2iiid35iii5iii14iii2024iiidorsaliiipasca_ecephys/pipeline-aind+ephys/version-v1.2.4_codebase-v0.3.46_params-1cbdbee_config-7940dfd_attempt-1/logs/dag.html"": ""374d93d6-f54a-49e3-9bd4-23cc49c2e489"", ""derivatives/dandiset-001374/sub-001/sub-001_ses-20250502_obj-23124iiiKH2iiid35iii5iii14iii2024iiidorsaliiipasca_ecephys/pipeline-aind+ephys/version-v1.2.4_codebase-v0.3.46_params-1cbdbee_config-7940dfd_attempt-1/logs/job-17186157_slurm.log"": ""bd92c066-cde2-4cbb-a133-602b67d20751"", ""derivatives/dandiset-001374/sub-001/sub-001_ses-20250502_obj-23124iiiKH2iiid35iii5iii14iii2024iiidorsaliiipasca_ecephys/pipeline-aind+ephys/version-v1.2.4_codebase-v0.3.46_params-1cbdbee_config-7940dfd_attempt-1/logs/nextflow.log"": ""be761e2e-b360-4407-b55b-992f6bfb9669"", ""derivatives/dandiset-001374/sub-001/sub-001_ses-20250502_obj-23124iiiKH2iiid35iii5iii14iii2024iiidorsaliiipasca_ecephys/pipeline-aind+ephys/version-v1.2.4_codebase-v0.3.46_params-1cbdbee_config-7940dfd_attempt-1/logs/report.html"": ""df66f8cc-4238-48af-ae53-300e807cbb16"", ""derivatives/dandiset-001374/sub-001/sub-001_ses-20250502_obj-23124iiiKH2iiid35iii5iii14iii2024iiidorsaliiipasca_ecephys/pipeline-aind+ephys/version-v1.2.4_codebase-v0.3.46_params-1cbdbee_config-7940dfd_attempt-1/logs/timeline.html"": ""7331622a-b137-4ea7-ad49-e0d6836ee88a"", ""derivatives/dandiset-001374/sub-001/sub-001_ses-20250502_obj-23124iiiKH2iiid35iii5iii14iii2024iiidorsaliiipasca_ecephys/pipeline-aind+ephys/version-v1.2.4_codebase-v0.3.46_params-1cbdbee_config-7940dfd_attempt-1/logs/trace.txt"": ""4232de38-8047-4fbe-95b4-ab67e24ef80c""}"	2026-09-08T18:16:35.238501-04:00	2026-09-08T18:16:36.638717-04:00
001374	sub-001/sub-001_ses-20250502_obj-23137iiiE14iiid52iii5iii31iii2024iiidorsaliiipasca_ecephys.nwb	aind+ephys	v1.2.4	1cbdbee	7940dfd	1	v0.3.42	55fb6620-cca2-438e-9d95-54419abe70d2	8404030898	True	True	False	True	"{""derivatives/dandiset-001374/sub-001/sub-001_ses-20250502_obj-23137iiiE14iiid52iii5iii31iii2024iiidorsaliiipasca_ecephys/pipeline-aind+ephys/version-v1.2.4_codebase-v0.3.42_params-1cbdbee_config-7940dfd_attempt-1/dataset_description.json"": ""41158372-d0d9-41cd-9c1f-bb37592c18bb""}"		"{""derivatives/dandiset-001374/sub-001/sub-001_ses-20250502_obj-23137iiiE14iiid52iii5iii31iii2024iiidorsaliiipasca_ecephys/pipeline-aind+ephys/version-v1.2.4_codebase-v0.3.42_params-1cbdbee_config-7940dfd_attempt-1/logs/job-16237691_slurm.log"": ""98852614-b5dd-4b8c-904e-6d95304d7cd8"", ""derivatives/dandiset-001374/sub-001/sub-001_ses-20250502_obj-23137iiiE14iiid52iii5iii31iii2024iiidorsaliiipasca_ecephys/pipeline-aind+ephys/version-v1.2.4_codebase-v0.3.42_params-1cbdbee_config-7940dfd_attempt-1/logs/nextflow.log"": ""b19ef2a8-ca0c-491a-8690-bd6175e4e61d""}"	2026-06-22T16:43:05.174661-04:00	2026-06-22T16:43:05.725514-04:00
001374	sub-001/sub-001_ses-20250502_obj-23141iiiC57BL6iiid38iii6iii10iii2024iiidorsaliiipasca_ecephys.nwb	aind+ephys	v1.2.2	1cbdbee	7940dfd	1	v0.3.28	3b4e8c06-ef62-461b-949a-1576bcff07cd	8588753076	True	True	False	True	"{""derivatives/dandiset-001374/sub-001/sub-001_ses-20250502_obj-23141iiiC57BL6iiid38iii6iii10iii2024iiidorsaliiipasca_ecephys/pipeline-aind+ephys/version-v1.2.2_codebase-v0.3.28_params-1cbdbee_config-7940dfd_attempt-1/dataset_description.json"": ""5902edd0-5bad-4e19-9885-26327768deb9""}"		"{""derivatives/dandiset-001374/sub-001/sub-001_ses-20250502_obj-23141iiiC57BL6iiid38iii6iii10iii2024iiidorsaliiipasca_ecephys/pipeline-aind+ephys/version-v1.2.2_codebase-v0.3.28_params-1cbdbee_config-7940dfd_attempt-1/logs/dag.html"": ""374d93d6-f54a-49e3-9bd4-23cc49c2e489"", ""derivatives/dandiset-001374/sub-001/sub-001_ses-20250502_obj-23141iiiC57BL6iiid38iii6iii10iii2024iiidorsaliiipasca_ecephys/pipeline-aind+ephys/version-v1.2.2_codebase-v0.3.28_params-1cbdbee_config-7940dfd_attempt-1/logs/job-15874937_slurm.log"": ""a4105943-e062-4fe5-a9ba-85b57c194a44"", ""derivatives/dandiset-001374/sub-001/sub-001_ses-20250502_obj-23141iiiC57BL6iiid38iii6iii10iii2024iiidorsaliiipasca_ecephys/pipeline-aind+ephys/version-v1.2.2_codebase-v0.3.28_params-1cbdbee_config-7940dfd_attempt-1/logs/nextflow.log"": ""daf134ac-0a1c-4672-825f-4a3bfe3e8ae5"", ""derivatives/dandiset-001374/sub-001/sub-001_ses-20250502_obj-23141iiiC57BL6iiid38iii6iii10iii2024iiidorsaliiipasca_ecephys/pipeline-aind+ephys/version-v1.2.2_codebase-v0.3.28_params-1cbdbee_config-7940dfd_attempt-1/logs/report.html"": ""9bc1d669-7aab-4f18-a3d1-560a748075cc"", ""derivatives/dandiset-001374/sub-001/sub-001_ses-20250502_obj-23141iiiC57BL6iiid38iii6iii10iii2024iiidorsaliiipasca_ecephys/pipeline-aind+ephys/version-v1.2.2_codebase-v0.3.28_params-1cbdbee_config-7940dfd_attempt-1/logs/timeline.html"": ""b1a420e6-8c29-45f7-a46f-722188220bcd"", ""derivatives/dandiset-001374/sub-001/sub-001_ses-20250502_obj-23141iiiC57BL6iiid38iii6iii10iii2024iiidorsaliiipasca_ecephys/pipeline-aind+ephys/version-v1.2.2_codebase-v0.3.28_params-1cbdbee_config-7940dfd_attempt-1/logs/trace.txt"": ""f9bbb741-0f40-4d49-8997-471a5334370a""}"	2026-09-08T18:16:49.719556-04:00	2026-09-08T18:16:51.099582-04:00
001374	sub-001/sub-001_ses-20250502_obj-23141iiiC57BL6iiid38iii6iii10iii2024iiidorsaliiipasca_ecephys.nwb	aind+ephys	v1.2.4	1cbdbee	7940dfd	1	v0.3.43	3b4e8c06-ef62-461b-949a-1576bcff07cd	8588753076	True	True	False	True	"{""derivatives/dandiset-001374/sub-001/sub-001_ses-20250502_obj-23141iiiC57BL6iiid38iii6iii10iii2024iiidorsaliiipasca_ecephys/pipeline-aind+ephys/version-v1.2.4_codebase-v0.3.43_params-1cbdbee_config-7940dfd_attempt-1/dataset_description.json"": ""8b5cf302-5f9c-4a73-8707-c4c34f9f3401""}"		"{""derivatives/dandiset-001374/sub-001/sub-001_ses-20250502_obj-23141iiiC57BL6iiid38iii6iii10iii2024iiidorsaliiipasca_ecephys/pipeline-aind+ephys/version-v1.2.4_codebase-v0.3.43_params-1cbdbee_config-7940dfd_attempt-1/logs/dag.html"": ""374d93d6-f54a-49e3-9bd4-23cc49c2e489"", ""derivatives/dandiset-001374/sub-001/sub-001_ses-20250502_obj-23141iiiC57BL6iiid38iii6iii10iii2024iiidorsaliiipasca_ecephys/pipeline-aind+ephys/version-v1.2.4_codebase-v0.3.43_params-1cbdbee_config-7940dfd_attempt-1/logs/job-16338160_slurm.log"": ""0f52329c-8301-4745-900f-453799769fac"", ""derivatives/dandiset-001374/sub-001/sub-001_ses-20250502_obj-23141iiiC57BL6iiid38iii6iii10iii2024iiidorsaliiipasca_ecephys/pipeline-aind+ephys/version-v1.2.4_codebase-v0.3.43_params-1cbdbee_config-7940dfd_attempt-1/logs/nextflow.log"": ""b3bca1cb-49c6-4ad9-ae7c-846107486f1b"", ""derivatives/dandiset-001374/sub-001/sub-001_ses-20250502_obj-23141iiiC57BL6iiid38iii6iii10iii2024iiidorsaliiipasca_ecephys/pipeline-aind+ephys/version-v1.2.4_codebase-v0.3.43_params-1cbdbee_config-7940dfd_attempt-1/logs/report.html"": ""7a401d1c-dd29-4d95-9b34-42cfef5326b6"", ""derivatives/dandiset-001374/sub-001/sub-001_ses-20250502_obj-23141iiiC57BL6iiid38iii6iii10iii2024iiidorsaliiipasca_ecephys/pipeline-aind+ephys/version-v1.2.4_codebase-v0.3.43_params-1cbdbee_config-7940dfd_attempt-1/logs/timeline.html"": ""4d709597-9c8b-4b50-b96f-a80b9b7e618a"", ""derivatives/dandiset-001374/sub-001/sub-001_ses-20250502_obj-23141iiiC57BL6iiid38iii6iii10iii2024iiidorsaliiipasca_ecephys/pipeline-aind+ephys/version-v1.2.4_codebase-v0.3.43_params-1cbdbee_config-7940dfd_attempt-1/logs/trace.txt"": ""399e352d-1bf2-46b6-89fb-4f546ee0af60""}"	2026-09-08T18:17:02.677523-04:00	2026-09-08T18:17:04.115592-04:00
001374	sub-001/sub-001_ses-20250502_obj-23141iiiC57BL6iiid45iii5iii24iii2024iiidorsaliiipasca_ecephys.nwb	aind+ephys	v1.2.2	1cbdbee	7940dfd	1	v0.3.34	7a753254-779d-4e98-b9f9-da6fcc207cf4	4793516909	True	True	False	True	"{""derivatives/dandiset-001374/sub-001/sub-001_ses-20250502_obj-23141iiiC57BL6iiid45iii5iii24iii2024iiidorsaliiipasca_ecephys/pipeline-aind+ephys/version-v1.2.2_codebase-v0.3.34_params-1cbdbee_config-7940dfd_attempt-1/dataset_description.json"": ""30dc7828-1898-48d1-825f-7d99462bd4e1""}"		"{""derivatives/dandiset-001374/sub-001/sub-001_ses-20250502_obj-23141iiiC57BL6iiid45iii5iii24iii2024iiidorsaliiipasca_ecephys/pipeline-aind+ephys/version-v1.2.2_codebase-v0.3.34_params-1cbdbee_config-7940dfd_attempt-1/logs/dag.html"": ""374d93d6-f54a-49e3-9bd4-23cc49c2e489"", ""derivatives/dandiset-001374/sub-001/sub-001_ses-20250502_obj-23141iiiC57BL6iiid45iii5iii24iii2024iiidorsaliiipasca_ecephys/pipeline-aind+ephys/version-v1.2.2_codebase-v0.3.34_params-1cbdbee_config-7940dfd_attempt-1/logs/job-15896818_slurm.log"": ""877c584c-45d9-46af-a980-26ae9cae1de3"", ""derivatives/dandiset-001374/sub-001/sub-001_ses-20250502_obj-23141iiiC57BL6iiid45iii5iii24iii2024iiidorsaliiipasca_ecephys/pipeline-aind+ephys/version-v1.2.2_codebase-v0.3.34_params-1cbdbee_config-7940dfd_attempt-1/logs/nextflow.log"": ""a3fed9c5-ef47-49dc-9c14-0897784f07d7"", ""derivatives/dandiset-001374/sub-001/sub-001_ses-20250502_obj-23141iiiC57BL6iiid45iii5iii24iii2024iiidorsaliiipasca_ecephys/pipeline-aind+ephys/version-v1.2.2_codebase-v0.3.34_params-1cbdbee_config-7940dfd_attempt-1/logs/report.html"": ""840a4411-85d3-4d54-9dc6-2d93dfa0a875"", ""derivatives/dandiset-001374/sub-001/sub-001_ses-20250502_obj-23141iiiC57BL6iiid45iii5iii24iii2024iiidorsaliiipasca_ecephys/pipeline-aind+ephys/version-v1.2.2_codebase-v0.3.34_params-1cbdbee_config-7940dfd_attempt-1/logs/timeline.html"": ""17bc594f-2cf6-467a-832c-fda37986ddb8"", ""derivatives/dandiset-001374/sub-001/sub-001_ses-20250502_obj-23141iiiC57BL6iiid45iii5iii24iii2024iiidorsaliiipasca_ecephys/pipeline-aind+ephys/version-v1.2.2_codebase-v0.3.34_params-1cbdbee_config-7940dfd_attempt-1/logs/trace.txt"": ""e223faae-6efd-4aa0-80f0-f333b9b07e01""}"	2026-09-08T18:17:17.730934-04:00	2026-09-08T18:17:19.232037-04:00
001374	sub-001/sub-001_ses-20250502_obj-23154iiiE14iiiD28iii05iii07iii2024iiidorsaliiipasca_ecephys.nwb	aind+ephys	v1.2.4	1cbdbee	7940dfd	1	v0.3.42	d12d23f2-e214-40f0-9278-07457a8e82ac	8109715784	True	True	False	True	"{""derivatives/dandiset-001374/sub-001/sub-001_ses-20250502_obj-23154iiiE14iiiD28iii05iii07iii2024iiidorsaliiipasca_ecephys/pipeline-aind+ephys/version-v1.2.4_codebase-v0.3.42_params-1cbdbee_config-7940dfd_attempt-1/dataset_description.json"": ""41158372-d0d9-41cd-9c1f-bb37592c18bb""}"		"{""derivatives/dandiset-001374/sub-001/sub-001_ses-20250502_obj-23154iiiE14iiiD28iii05iii07iii2024iiidorsaliiipasca_ecephys/pipeline-aind+ephys/version-v1.2.4_codebase-v0.3.42_params-1cbdbee_config-7940dfd_attempt-1/logs/job-16257563_slurm.log"": ""b7f30d69-9a43-467c-a01b-1b9545975391"", ""derivatives/dandiset-001374/sub-001/sub-001_ses-20250502_obj-23154iiiE14iiiD28iii05iii07iii2024iiidorsaliiipasca_ecephys/pipeline-aind+ephys/version-v1.2.4_codebase-v0.3.42_params-1cbdbee_config-7940dfd_attempt-1/logs/nextflow.log"": ""64c79be4-e985-4666-a1cb-eac3f7bf8374""}"	2026-06-22T16:43:30.201939-04:00	2026-06-22T16:43:30.647110-04:00
001374	sub-001/sub-001_ses-20250502_obj-23178iiiE14iiid45iii06iii18iii2024iiidorsaliiipasca_ecephys.nwb	aind+ephys	v1.2.4	1cbdbee	7940dfd	1	v0.3.49	1ec35557-249a-4dfd-a44c-b8d76adf32dc	5084774988	True	True	False	False	"{""derivatives/dandiset-001374/sub-001/sub-001_ses-20250502_obj-23178iiiE14iiid45iii06iii18iii2024iiidorsaliiipasca_ecephys/pipeline-aind+ephys/version-v1.2.4_codebase-v0.3.49_params-1cbdbee_config-7940dfd_attempt-1/dataset_description.json"": ""f9b5120c-a49a-47d2-ab21-d7fd00b676ec""}"			2026-09-09T09:32:11.194443-04:00	
001374	sub-001/sub-001_ses-20250502_obj-23178iiic57bl6iiid35iii5iii14iii2024iiidorsaliiipasca_ecephys.nwb	aind+ephys	v1.2.2	1cbdbee	7940dfd	1	v0.3.34	bf1045ae-7e99-426a-9af7-71755dacc841	4791567154	True	True	False	True	"{""derivatives/dandiset-001374/sub-001/sub-001_ses-20250502_obj-23178iiic57bl6iiid35iii5iii14iii2024iiidorsaliiipasca_ecephys/pipeline-aind+ephys/version-v1.2.2_codebase-v0.3.34_params-1cbdbee_config-7940dfd_attempt-1/dataset_description.json"": ""30dc7828-1898-48d1-825f-7d99462bd4e1""}"		"{""derivatives/dandiset-001374/sub-001/sub-001_ses-20250502_obj-23178iiic57bl6iiid35iii5iii14iii2024iiidorsaliiipasca_ecephys/pipeline-aind+ephys/version-v1.2.2_codebase-v0.3.34_params-1cbdbee_config-7940dfd_attempt-1/logs/dag.html"": ""374d93d6-f54a-49e3-9bd4-23cc49c2e489"", ""derivatives/dandiset-001374/sub-001/sub-001_ses-20250502_obj-23178iiic57bl6iiid35iii5iii14iii2024iiidorsaliiipasca_ecephys/pipeline-aind+ephys/version-v1.2.2_codebase-v0.3.34_params-1cbdbee_config-7940dfd_attempt-1/logs/job-15946309_slurm.log"": ""6dc0a18a-6dac-4490-9f63-cc639f298118"", ""derivatives/dandiset-001374/sub-001/sub-001_ses-20250502_obj-23178iiic57bl6iiid35iii5iii14iii2024iiidorsaliiipasca_ecephys/pipeline-aind+ephys/version-v1.2.2_codebase-v0.3.34_params-1cbdbee_config-7940dfd_attempt-1/logs/nextflow.log"": ""1ad20995-7352-42a5-a782-8efec692f51b"", ""derivatives/dandiset-001374/sub-001/sub-001_ses-20250502_obj-23178iiic57bl6iiid35iii5iii14iii2024iiidorsaliiipasca_ecephys/pipeline-aind+ephys/version-v1.2.2_codebase-v0.3.34_params-1cbdbee_config-7940dfd_attempt-1/logs/report.html"": ""2443c231-7f37-411f-9bcd-5149f93a823c"", ""derivatives/dandiset-001374/sub-001/sub-001_ses-20250502_obj-23178iiic57bl6iiid35iii5iii14iii2024iiidorsaliiipasca_ecephys/pipeline-aind+ephys/version-v1.2.2_codebase-v0.3.34_params-1cbdbee_config-7940dfd_attempt-1/logs/timeline.html"": ""cfdda76a-65b7-4757-b920-7fd4d9717a04"", ""derivatives/dandiset-001374/sub-001/sub-001_ses-20250502_obj-23178iiic57bl6iiid35iii5iii14iii2024iiidorsaliiipasca_ecephys/pipeline-aind+ephys/version-v1.2.2_codebase-v0.3.34_params-1cbdbee_config-7940dfd_attempt-1/logs/trace.txt"": ""ab7233ca-6393-4bc1-9401-1cd8b2a655ee""}"	2026-09-08T18:17:31.590588-04:00	2026-09-08T18:17:33.077884-04:00
001374	sub-001/sub-001_ses-20250502_obj-23187iiiE14iiid31iii5iii10iii2024iiidorsaliiipasca_ecephys.nwb	aind+ephys	v1.2.2	1cbdbee	7940dfd	1	v0.3.28	dc8c7710-1d78-4b14-8048-a13e35eddd65	6988268935	True	True	False	True	"{""derivatives/dandiset-001374/sub-001/sub-001_ses-20250502_obj-23187iiiE14iiid31iii5iii10iii2024iiidorsaliiipasca_ecephys/pipeline-aind+ephys/version-v1.2.2_codebase-v0.3.28_params-1cbdbee_config-7940dfd_attempt-1/dataset_description.json"": ""5902edd0-5bad-4e19-9885-26327768deb9""}"		"{""derivatives/dandiset-001374/sub-001/sub-001_ses-20250502_obj-23187iiiE14iiid31iii5iii10iii2024iiidorsaliiipasca_ecephys/pipeline-aind+ephys/version-v1.2.2_codebase-v0.3.28_params-1cbdbee_config-7940dfd_attempt-1/logs/dag.html"": ""374d93d6-f54a-49e3-9bd4-23cc49c2e489"", ""derivatives/dandiset-001374/sub-001/sub-001_ses-20250502_obj-23187iiiE14iiid31iii5iii10iii2024iiidorsaliiipasca_ecephys/pipeline-aind+ephys/version-v1.2.2_codebase-v0.3.28_params-1cbdbee_config-7940dfd_attempt-1/logs/job-15874942_slurm.log"": ""e79c42c1-40db-4d54-afba-669ea8df5c2a"", ""derivatives/dandiset-001374/sub-001/sub-001_ses-20250502_obj-23187iiiE14iiid31iii5iii10iii2024iiidorsaliiipasca_ecephys/pipeline-aind+ephys/version-v1.2.2_codebase-v0.3.28_params-1cbdbee_config-7940dfd_attempt-1/logs/nextflow.log"": ""1a2b246f-0204-4594-8d31-ebe6830e96a0"", ""derivatives/dandiset-001374/sub-001/sub-001_ses-20250502_obj-23187iiiE14iiid31iii5iii10iii2024iiidorsaliiipasca_ecephys/pipeline-aind+ephys/version-v1.2.2_codebase-v0.3.28_params-1cbdbee_config-7940dfd_attempt-1/logs/report.html"": ""bc4643c5-e2cf-476c-a77d-1ed3b038e966"", ""derivatives/dandiset-001374/sub-001/sub-001_ses-20250502_obj-23187iiiE14iiid31iii5iii10iii2024iiidorsaliiipasca_ecephys/pipeline-aind+ephys/version-v1.2.2_codebase-v0.3.28_params-1cbdbee_config-7940dfd_attempt-1/logs/timeline.html"": ""76d68551-32d9-4703-bdf3-258ed8682c69"", ""derivatives/dandiset-001374/sub-001/sub-001_ses-20250502_obj-23187iiiE14iiid31iii5iii10iii2024iiidorsaliiipasca_ecephys/pipeline-aind+ephys/version-v1.2.2_codebase-v0.3.28_params-1cbdbee_config-7940dfd_attempt-1/logs/trace.txt"": ""fcd6a73e-5c2c-4a08-8f56-e85dcdf666fe""}"	2026-09-08T18:17:46.937284-04:00	2026-09-08T18:17:48.385688-04:00
001374	sub-001/sub-001_ses-20250502_obj-23187iiiE14iiid38iii5iii17iii2024iiidorsaliiipasca_ecephys.nwb	aind+ephys	v1.2.2	1cbdbee	7940dfd	1	v0.3.28	ea0950d7-8592-49b3-b76d-35bae6d0438f	8190249021	True	True	False	True	"{""derivatives/dandiset-001374/sub-001/sub-001_ses-20250502_obj-23187iiiE14iiid38iii5iii17iii2024iiidorsaliiipasca_ecephys/pipeline-aind+ephys/version-v1.2.2_codebase-v0.3.28_params-1cbdbee_config-7940dfd_attempt-1/dataset_description.json"": ""5902edd0-5bad-4e19-9885-26327768deb9""}"		"{""derivatives/dandiset-001374/sub-001/sub-001_ses-20250502_obj-23187iiiE14iiid38iii5iii17iii2024iiidorsaliiipasca_ecephys/pipeline-aind+ephys/version-v1.2.2_codebase-v0.3.28_params-1cbdbee_config-7940dfd_attempt-1/logs/dag.html"": ""374d93d6-f54a-49e3-9bd4-23cc49c2e489"", ""derivatives/dandiset-001374/sub-001/sub-001_ses-20250502_obj-23187iiiE14iiid38iii5iii17iii2024iiidorsaliiipasca_ecephys/pipeline-aind+ephys/version-v1.2.2_codebase-v0.3.28_params-1cbdbee_config-7940dfd_attempt-1/logs/job-15874962_slurm.log"": ""1eee691e-6537-4e26-a065-504865fedf3b"", ""derivatives/dandiset-001374/sub-001/sub-001_ses-20250502_obj-23187iiiE14iiid38iii5iii17iii2024iiidorsaliiipasca_ecephys/pipeline-aind+ephys/version-v1.2.2_codebase-v0.3.28_params-1cbdbee_config-7940dfd_attempt-1/logs/nextflow.log"": ""29627066-d408-49d9-9bb6-3d8a144ee28a"", ""derivatives/dandiset-001374/sub-001/sub-001_ses-20250502_obj-23187iiiE14iiid38iii5iii17iii2024iiidorsaliiipasca_ecephys/pipeline-aind+ephys/version-v1.2.2_codebase-v0.3.28_params-1cbdbee_config-7940dfd_attempt-1/logs/report.html"": ""cdd6ef8a-22a2-4bd9-b744-a45029cd278e"", ""derivatives/dandiset-001374/sub-001/sub-001_ses-20250502_obj-23187iiiE14iiid38iii5iii17iii2024iiidorsaliiipasca_ecephys/pipeline-aind+ephys/version-v1.2.2_codebase-v0.3.28_params-1cbdbee_config-7940dfd_attempt-1/logs/timeline.html"": ""00a37ce0-0de0-4d37-ba64-d2735efad9dc"", ""derivatives/dandiset-001374/sub-001/sub-001_ses-20250502_obj-23187iiiE14iiid38iii5iii17iii2024iiidorsaliiipasca_ecephys/pipeline-aind+ephys/version-v1.2.2_codebase-v0.3.28_params-1cbdbee_config-7940dfd_attempt-1/logs/trace.txt"": ""5e47312b-71fe-4521-8d9e-14b5269d0d34""}"	2026-09-08T18:18:00.355989-04:00	2026-09-08T18:18:02.593509-04:00
001374	sub-001/sub-001_ses-20250502_obj-23215iiic57bl6iiid38iii5iii17iii2024iiidorsaliiipasca_ecephys.nwb	aind+ephys	v1.2.4	1cbdbee	7940dfd	1	v0.3.49	646b7f7e-67f3-46b6-bc30-770db6053c1d	8382119516	True	True	False	True	"{""derivatives/dandiset-001374/sub-001/sub-001_ses-20250502_obj-23215iiic57bl6iiid38iii5iii17iii2024iiidorsaliiipasca_ecephys/pipeline-aind+ephys/version-v1.2.4_codebase-v0.3.49_params-1cbdbee_config-7940dfd_attempt-1/dataset_description.json"": ""f9b5120c-a49a-47d2-ab21-d7fd00b676ec""}"		"{""derivatives/dandiset-001374/sub-001/sub-001_ses-20250502_obj-23215iiic57bl6iiid38iii5iii17iii2024iiidorsaliiipasca_ecephys/pipeline-aind+ephys/version-v1.2.4_codebase-v0.3.49_params-1cbdbee_config-7940dfd_attempt-1/logs/dag.html"": ""374d93d6-f54a-49e3-9bd4-23cc49c2e489"", ""derivatives/dandiset-001374/sub-001/sub-001_ses-20250502_obj-23215iiic57bl6iiid38iii5iii17iii2024iiidorsaliiipasca_ecephys/pipeline-aind+ephys/version-v1.2.4_codebase-v0.3.49_params-1cbdbee_config-7940dfd_attempt-1/logs/job-18303089_slurm.log"": ""33c4056b-a536-41d2-8638-2f574e7d7553"", ""derivatives/dandiset-001374/sub-001/sub-001_ses-20250502_obj-23215iiic57bl6iiid38iii5iii17iii2024iiidorsaliiipasca_ecephys/pipeline-aind+ephys/version-v1.2.4_codebase-v0.3.49_params-1cbdbee_config-7940dfd_attempt-1/logs/nextflow.log"": ""bff63ff7-9aeb-4dec-8ccc-538b7353ec94"", ""derivatives/dandiset-001374/sub-001/sub-001_ses-20250502_obj-23215iiic57bl6iiid38iii5iii17iii2024iiidorsaliiipasca_ecephys/pipeline-aind+ephys/version-v1.2.4_codebase-v0.3.49_params-1cbdbee_config-7940dfd_attempt-1/logs/report.html"": ""e7311cca-9d46-47ea-9c3f-9f154c5fd93d"", ""derivatives/dandiset-001374/sub-001/sub-001_ses-20250502_obj-23215iiic57bl6iiid38iii5iii17iii2024iiidorsaliiipasca_ecephys/pipeline-aind+ephys/version-v1.2.4_codebase-v0.3.49_params-1cbdbee_config-7940dfd_attempt-1/logs/timeline.html"": ""1c608343-0323-4aa7-b784-4609b5bb0cfb"", ""derivatives/dandiset-001374/sub-001/sub-001_ses-20250502_obj-23215iiic57bl6iiid38iii5iii17iii2024iiidorsaliiipasca_ecephys/pipeline-aind+ephys/version-v1.2.4_codebase-v0.3.49_params-1cbdbee_config-7940dfd_attempt-1/logs/trace.txt"": ""fa91a3e8-c4fd-403d-8ec0-bc69da347f3a""}"	2026-09-08T18:18:13.269431-04:00	2026-09-08T18:18:14.612782-04:00
001374	sub-001/sub-001_ses-20250502_obj-Traceiii20240624iii11iii00iii36iii22097iiiday73iiidorsaliiikh2iiibliiigaba_ecephys.nwb	aind+ephys	v1.2.2	1cbdbee	7940dfd	1	v0.3.28	f341ba21-cc03-49e4-9776-a94e88df8adf	10707335742	True	True	False	True	"{""derivatives/dandiset-001374/sub-001/sub-001_ses-20250502_obj-Traceiii20240624iii11iii00iii36iii22097iiiday73iiidorsaliiikh2iiibliiigaba_ecephys/pipeline-aind+ephys/version-v1.2.2_codebase-v0.3.28_params-1cbdbee_config-7940dfd_attempt-1/dataset_description.json"": ""5902edd0-5bad-4e19-9885-26327768deb9""}"		"{""derivatives/dandiset-001374/sub-001/sub-001_ses-20250502_obj-Traceiii20240624iii11iii00iii36iii22097iiiday73iiidorsaliiikh2iiibliiigaba_ecephys/pipeline-aind+ephys/version-v1.2.2_codebase-v0.3.28_params-1cbdbee_config-7940dfd_attempt-1/logs/dag.html"": ""374d93d6-f54a-49e3-9bd4-23cc49c2e489"", ""derivatives/dandiset-001374/sub-001/sub-001_ses-20250502_obj-Traceiii20240624iii11iii00iii36iii22097iiiday73iiidorsaliiikh2iiibliiigaba_ecephys/pipeline-aind+ephys/version-v1.2.2_codebase-v0.3.28_params-1cbdbee_config-7940dfd_attempt-1/logs/job-15875414_slurm.log"": ""1013a049-780c-4270-aa23-87cc95ad142c"", ""derivatives/dandiset-001374/sub-001/sub-001_ses-20250502_obj-Traceiii20240624iii11iii00iii36iii22097iiiday73iiidorsaliiikh2iiibliiigaba_ecephys/pipeline-aind+ephys/version-v1.2.2_codebase-v0.3.28_params-1cbdbee_config-7940dfd_attempt-1/logs/nextflow.log"": ""375b8451-09fd-4baf-b99c-67e47686f503"", ""derivatives/dandiset-001374/sub-001/sub-001_ses-20250502_obj-Traceiii20240624iii11iii00iii36iii22097iiiday73iiidorsaliiikh2iiibliiigaba_ecephys/pipeline-aind+ephys/version-v1.2.2_codebase-v0.3.28_params-1cbdbee_config-7940dfd_attempt-1/logs/report.html"": ""e3995c9c-1e5f-45cb-ab71-8a2d606d7cbd"", ""derivatives/dandiset-001374/sub-001/sub-001_ses-20250502_obj-Traceiii20240624iii11iii00iii36iii22097iiiday73iiidorsaliiikh2iiibliiigaba_ecephys/pipeline-aind+ephys/version-v1.2.2_codebase-v0.3.28_params-1cbdbee_config-7940dfd_attempt-1/logs/timeline.html"": ""35ff064a-b7df-466e-87b4-d0ab645c0abe"", ""derivatives/dandiset-001374/sub-001/sub-001_ses-20250502_obj-Traceiii20240624iii11iii00iii36iii22097iiiday73iiidorsaliiikh2iiibliiigaba_ecephys/pipeline-aind+ephys/version-v1.2.2_codebase-v0.3.28_params-1cbdbee_config-7940dfd_attempt-1/logs/trace.txt"": ""49d2b548-b10b-4192-9e83-eb4c1e5d2189""}"	2026-09-08T18:18:24.945167-04:00	2026-09-08T18:18:26.331245-04:00
001374	sub-001/sub-001_ses-20250502_obj-Traceiii20240701iii11iii55iii53iii20264iii80iiidorsaliiikh2iiiAPViiiinit_ecephys.nwb	aind+ephys	v1.2.2	1cbdbee	7940dfd	1	v0.3.34	06ce8281-62ab-4cd5-b8b4-f9e4737c7aef	10738986941	True	True	False	True	"{""derivatives/dandiset-001374/sub-001/sub-001_ses-20250502_obj-Traceiii20240701iii11iii55iii53iii20264iii80iiidorsaliiikh2iiiAPViiiinit_ecephys/pipeline-aind+ephys/version-v1.2.2_codebase-v0.3.34_params-1cbdbee_config-7940dfd_attempt-1/dataset_description.json"": ""30dc7828-1898-48d1-825f-7d99462bd4e1""}"		"{""derivatives/dandiset-001374/sub-001/sub-001_ses-20250502_obj-Traceiii20240701iii11iii55iii53iii20264iii80iiidorsaliiikh2iiiAPViiiinit_ecephys/pipeline-aind+ephys/version-v1.2.2_codebase-v0.3.34_params-1cbdbee_config-7940dfd_attempt-1/logs/dag.html"": ""374d93d6-f54a-49e3-9bd4-23cc49c2e489"", ""derivatives/dandiset-001374/sub-001/sub-001_ses-20250502_obj-Traceiii20240701iii11iii55iii53iii20264iii80iiidorsaliiikh2iiiAPViiiinit_ecephys/pipeline-aind+ephys/version-v1.2.2_codebase-v0.3.34_params-1cbdbee_config-7940dfd_attempt-1/logs/job-15897608_slurm.log"": ""db5443c5-9fa1-43ab-a05d-2bc5aac151fe"", ""derivatives/dandiset-001374/sub-001/sub-001_ses-20250502_obj-Traceiii20240701iii11iii55iii53iii20264iii80iiidorsaliiikh2iiiAPViiiinit_ecephys/pipeline-aind+ephys/version-v1.2.2_codebase-v0.3.34_params-1cbdbee_config-7940dfd_attempt-1/logs/nextflow.log"": ""0e2ed647-a0c1-4f89-8bcc-bf1714db91fb"", ""derivatives/dandiset-001374/sub-001/sub-001_ses-20250502_obj-Traceiii20240701iii11iii55iii53iii20264iii80iiidorsaliiikh2iiiAPViiiinit_ecephys/pipeline-aind+ephys/version-v1.2.2_codebase-v0.3.34_params-1cbdbee_config-7940dfd_attempt-1/logs/report.html"": ""dd9c9c9e-78c4-4636-abd8-fd96cb3a1e52"", ""derivatives/dandiset-001374/sub-001/sub-001_ses-20250502_obj-Traceiii20240701iii11iii55iii53iii20264iii80iiidorsaliiikh2iiiAPViiiinit_ecephys/pipeline-aind+ephys/version-v1.2.2_codebase-v0.3.34_params-1cbdbee_config-7940dfd_attempt-1/logs/timeline.html"": ""379b475f-cb73-4b24-a4b2-8b2b1c227cea"", ""derivatives/dandiset-001374/sub-001/sub-001_ses-20250502_obj-Traceiii20240701iii11iii55iii53iii20264iii80iiidorsaliiikh2iiiAPViiiinit_ecephys/pipeline-aind+ephys/version-v1.2.2_codebase-v0.3.34_params-1cbdbee_config-7940dfd_attempt-1/logs/trace.txt"": ""d16cc119-86b3-4b7d-bcbb-92765060b37d""}"	2026-09-08T18:18:37.189336-04:00	2026-09-08T18:18:38.621133-04:00
001374	sub-001/sub-001_ses-20250502_obj-Traceiii20240701iii11iii55iii53iii20264iii80iiidorsaliiikh2iiiNBQXiiiinc_ecephys.nwb	aind+ephys	v1.2.2	1cbdbee	7940dfd	1	v0.3.34	e94cb89d-d616-4778-a245-650f01b4c227	10714942414	True	True	False	True	"{""derivatives/dandiset-001374/sub-001/sub-001_ses-20250502_obj-Traceiii20240701iii11iii55iii53iii20264iii80iiidorsaliiikh2iiiNBQXiiiinc_ecephys/pipeline-aind+ephys/version-v1.2.2_codebase-v0.3.34_params-1cbdbee_config-7940dfd_attempt-1/dataset_description.json"": ""30dc7828-1898-48d1-825f-7d99462bd4e1""}"		"{""derivatives/dandiset-001374/sub-001/sub-001_ses-20250502_obj-Traceiii20240701iii11iii55iii53iii20264iii80iiidorsaliiikh2iiiNBQXiiiinc_ecephys/pipeline-aind+ephys/version-v1.2.2_codebase-v0.3.34_params-1cbdbee_config-7940dfd_attempt-1/logs/dag.html"": ""374d93d6-f54a-49e3-9bd4-23cc49c2e489"", ""derivatives/dandiset-001374/sub-001/sub-001_ses-20250502_obj-Traceiii20240701iii11iii55iii53iii20264iii80iiidorsaliiikh2iiiNBQXiiiinc_ecephys/pipeline-aind+ephys/version-v1.2.2_codebase-v0.3.34_params-1cbdbee_config-7940dfd_attempt-1/logs/job-15915420_slurm.log"": ""f0d9c044-d1b5-4ec4-a029-fdda5a5a9595"", ""derivatives/dandiset-001374/sub-001/sub-001_ses-20250502_obj-Traceiii20240701iii11iii55iii53iii20264iii80iiidorsaliiikh2iiiNBQXiiiinc_ecephys/pipeline-aind+ephys/version-v1.2.2_codebase-v0.3.34_params-1cbdbee_config-7940dfd_attempt-1/logs/nextflow.log"": ""ff8244e1-487f-4862-b5fa-016a2630d4cb"", ""derivatives/dandiset-001374/sub-001/sub-001_ses-20250502_obj-Traceiii20240701iii11iii55iii53iii20264iii80iiidorsaliiikh2iiiNBQXiiiinc_ecephys/pipeline-aind+ephys/version-v1.2.2_codebase-v0.3.34_params-1cbdbee_config-7940dfd_attempt-1/logs/report.html"": ""1701abbd-2219-4850-bc26-e686f6720321"", ""derivatives/dandiset-001374/sub-001/sub-001_ses-20250502_obj-Traceiii20240701iii11iii55iii53iii20264iii80iiidorsaliiikh2iiiNBQXiiiinc_ecephys/pipeline-aind+ephys/version-v1.2.2_codebase-v0.3.34_params-1cbdbee_config-7940dfd_attempt-1/logs/timeline.html"": ""58b7f836-dfb9-47fd-8a3f-567b612e208f"", ""derivatives/dandiset-001374/sub-001/sub-001_ses-20250502_obj-Traceiii20240701iii11iii55iii53iii20264iii80iiidorsaliiikh2iiiNBQXiiiinc_ecephys/pipeline-aind+ephys/version-v1.2.2_codebase-v0.3.34_params-1cbdbee_config-7940dfd_attempt-1/logs/trace.txt"": ""d7a223ac-f23c-4b1a-b15a-c1123ed6d9ab""}"	2026-09-08T18:18:50.586693-04:00	2026-09-08T18:18:51.966525-04:00
001428	sub-aged-mice/sub-aged-mice_ses-after_ecephys.nwb	aind+ephys	v1.2.4	1cbdbee	7940dfd	1	v0.3.49	92ecfb86-b844-4ab1-99c5-9e5e172f9a67	4300839936	True	True	False	True	"{""derivatives/dandiset-001428/sub-aged-mice/sub-aged-mice_ses-after_ecephys/pipeline-aind+ephys/version-v1.2.4_codebase-v0.3.49_params-1cbdbee_config-7940dfd_attempt-1/dataset_description.json"": ""eb9ed329-2aa5-40d6-96d7-c3677fcac502""}"		"{""derivatives/dandiset-001428/sub-aged-mice/sub-aged-mice_ses-after_ecephys/pipeline-aind+ephys/version-v1.2.4_codebase-v0.3.49_params-1cbdbee_config-7940dfd_attempt-1/logs/dag.html"": ""374d93d6-f54a-49e3-9bd4-23cc49c2e489"", ""derivatives/dandiset-001428/sub-aged-mice/sub-aged-mice_ses-after_ecephys/pipeline-aind+ephys/version-v1.2.4_codebase-v0.3.49_params-1cbdbee_config-7940dfd_attempt-1/logs/job-17854421_slurm.log"": ""9edfb2dc-2a0a-4443-aa01-a8a5c504e5ea"", ""derivatives/dandiset-001428/sub-aged-mice/sub-aged-mice_ses-after_ecephys/pipeline-aind+ephys/version-v1.2.4_codebase-v0.3.49_params-1cbdbee_config-7940dfd_attempt-1/logs/nextflow.log"": ""7929ffc9-db42-42ec-8009-7b921efbc854"", ""derivatives/dandiset-001428/sub-aged-mice/sub-aged-mice_ses-after_ecephys/pipeline-aind+ephys/version-v1.2.4_codebase-v0.3.49_params-1cbdbee_config-7940dfd_attempt-1/logs/report.html"": ""504e50a5-d453-4a88-91a3-0db1a6c927ba"", ""derivatives/dandiset-001428/sub-aged-mice/sub-aged-mice_ses-after_ecephys/pipeline-aind+ephys/version-v1.2.4_codebase-v0.3.49_params-1cbdbee_config-7940dfd_attempt-1/logs/timeline.html"": ""47a950fb-a49c-4770-8c7a-8900f818a111"", ""derivatives/dandiset-001428/sub-aged-mice/sub-aged-mice_ses-after_ecephys/pipeline-aind+ephys/version-v1.2.4_codebase-v0.3.49_params-1cbdbee_config-7940dfd_attempt-1/logs/trace.txt"": ""3ff92a0b-9dc1-40aa-b0b9-d84afa8d7702""}"	2026-09-08T18:19:04.199875-04:00	2026-09-08T18:19:05.502391-04:00
001428	sub-aged-mice/sub-aged-mice_ses-after_ecephys.nwb	aind+ephys	v1.2.4	1cbdbee	7940dfd	2	v0.3.49	92ecfb86-b844-4ab1-99c5-9e5e172f9a67	4300839936	True	True	False	True	"{""derivatives/dandiset-001428/sub-aged-mice/sub-aged-mice_ses-after_ecephys/pipeline-aind+ephys/version-v1.2.4_codebase-v0.3.49_params-1cbdbee_config-7940dfd_attempt-2/dataset_description.json"": ""eb9ed329-2aa5-40d6-96d7-c3677fcac502""}"		"{""derivatives/dandiset-001428/sub-aged-mice/sub-aged-mice_ses-after_ecephys/pipeline-aind+ephys/version-v1.2.4_codebase-v0.3.49_params-1cbdbee_config-7940dfd_attempt-2/logs/dag.html"": ""374d93d6-f54a-49e3-9bd4-23cc49c2e489"", ""derivatives/dandiset-001428/sub-aged-mice/sub-aged-mice_ses-after_ecephys/pipeline-aind+ephys/version-v1.2.4_codebase-v0.3.49_params-1cbdbee_config-7940dfd_attempt-2/logs/job-17957317_slurm.log"": ""4e2ef5c9-ebe5-4d01-b776-03ca5be93ac8"", ""derivatives/dandiset-001428/sub-aged-mice/sub-aged-mice_ses-after_ecephys/pipeline-aind+ephys/version-v1.2.4_codebase-v0.3.49_params-1cbdbee_config-7940dfd_attempt-2/logs/nextflow.log"": ""ccfe1c04-c76c-49e2-b991-cf9a89e1bbf1"", ""derivatives/dandiset-001428/sub-aged-mice/sub-aged-mice_ses-after_ecephys/pipeline-aind+ephys/version-v1.2.4_codebase-v0.3.49_params-1cbdbee_config-7940dfd_attempt-2/logs/nextflow.log.1"": ""d047f0b3-799c-4c58-aeeb-bb663156e4ed"", ""derivatives/dandiset-001428/sub-aged-mice/sub-aged-mice_ses-after_ecephys/pipeline-aind+ephys/version-v1.2.4_codebase-v0.3.49_params-1cbdbee_config-7940dfd_attempt-2/logs/report.html"": ""fac7b717-6c40-44f5-9d9a-ce7f4efca1fe"", ""derivatives/dandiset-001428/sub-aged-mice/sub-aged-mice_ses-after_ecephys/pipeline-aind+ephys/version-v1.2.4_codebase-v0.3.49_params-1cbdbee_config-7940dfd_attempt-2/logs/timeline.html"": ""6044d6e6-5913-4d0e-bb50-a402f4f56259"", ""derivatives/dandiset-001428/sub-aged-mice/sub-aged-mice_ses-after_ecephys/pipeline-aind+ephys/version-v1.2.4_codebase-v0.3.49_params-1cbdbee_config-7940dfd_attempt-2/logs/trace.txt"": ""9c3ba3b2-ab8b-4ddd-a4fb-046da31c0201""}"	2026-09-08T18:19:16.635779-04:00	2026-09-08T18:19:18.490883-04:00
001428	sub-aged-mouse2/sub-aged-mouse2_ses-after_ecephys.nwb	aind+ephys	v1.2.4	1cbdbee	7940dfd	1	v0.3.42	16c23f1d-2296-47c6-8442-dd72a453dfcf	4468129160	True	True	False	True	"{""derivatives/dandiset-001428/sub-aged-mouse2/sub-aged-mouse2_ses-after_ecephys/pipeline-aind+ephys/version-v1.2.4_codebase-v0.3.42_params-1cbdbee_config-7940dfd_attempt-1/dataset_description.json"": ""91779ebf-a916-4de8-8b9b-cac3e17537cf""}"		"{""derivatives/dandiset-001428/sub-aged-mouse2/sub-aged-mouse2_ses-after_ecephys/pipeline-aind+ephys/version-v1.2.4_codebase-v0.3.42_params-1cbdbee_config-7940dfd_attempt-1/logs/job-16218603_slurm.log"": ""029852e2-8d08-415e-9f3e-7507b4c4703a"", ""derivatives/dandiset-001428/sub-aged-mouse2/sub-aged-mouse2_ses-after_ecephys/pipeline-aind+ephys/version-v1.2.4_codebase-v0.3.42_params-1cbdbee_config-7940dfd_attempt-1/logs/nextflow.log"": ""3379e820-56a7-429a-a428-5c9e4d392062""}"	2026-06-22T16:43:55.149788-04:00	2026-06-22T16:43:55.571541-04:00
001428	sub-aged-mouse2/sub-aged-mouse2_ses-after_ecephys.nwb	aind+ephys	v1.2.4	1cbdbee	7940dfd	2	v0.3.42	16c23f1d-2296-47c6-8442-dd72a453dfcf	4468129160	True	True	False	True	"{""derivatives/dandiset-001428/sub-aged-mouse2/sub-aged-mouse2_ses-after_ecephys/pipeline-aind+ephys/version-v1.2.4_codebase-v0.3.42_params-1cbdbee_config-7940dfd_attempt-2/dataset_description.json"": ""91779ebf-a916-4de8-8b9b-cac3e17537cf""}"		"{""derivatives/dandiset-001428/sub-aged-mouse2/sub-aged-mouse2_ses-after_ecephys/pipeline-aind+ephys/version-v1.2.4_codebase-v0.3.42_params-1cbdbee_config-7940dfd_attempt-2/logs/job-16239415_slurm.log"": ""10b823db-b4bc-4617-9384-5a65ad7c8f29"", ""derivatives/dandiset-001428/sub-aged-mouse2/sub-aged-mouse2_ses-after_ecephys/pipeline-aind+ephys/version-v1.2.4_codebase-v0.3.42_params-1cbdbee_config-7940dfd_attempt-2/logs/nextflow.log"": ""1fb0d9a0-4c4d-44ba-8a1b-82f14325b8bc""}"	2026-06-22T16:44:24.489202-04:00	2026-06-22T16:44:25.019632-04:00
001428	sub-aged-mouse2/sub-aged-mouse2_ses-after_ecephys.nwb	aind+ephys	v1.2.4	1cbdbee	7940dfd	3	v0.3.42	16c23f1d-2296-47c6-8442-dd72a453dfcf	4468129160	True	True	False	True	"{""derivatives/dandiset-001428/sub-aged-mouse2/sub-aged-mouse2_ses-after_ecephys/pipeline-aind+ephys/version-v1.2.4_codebase-v0.3.42_params-1cbdbee_config-7940dfd_attempt-3/dataset_description.json"": ""91779ebf-a916-4de8-8b9b-cac3e17537cf""}"		"{""derivatives/dandiset-001428/sub-aged-mouse2/sub-aged-mouse2_ses-after_ecephys/pipeline-aind+ephys/version-v1.2.4_codebase-v0.3.42_params-1cbdbee_config-7940dfd_attempt-3/logs/job-16257564_slurm.log"": ""33a9b462-e04b-4a19-8f48-5efee5dbe532"", ""derivatives/dandiset-001428/sub-aged-mouse2/sub-aged-mouse2_ses-after_ecephys/pipeline-aind+ephys/version-v1.2.4_codebase-v0.3.42_params-1cbdbee_config-7940dfd_attempt-3/logs/nextflow.log"": ""583db32b-b8e2-4640-a89d-161a1352e2b8""}"	2026-06-22T16:44:51.624325-04:00	2026-06-22T16:44:52.067707-04:00
001428	sub-aged-mouse2/sub-aged-mouse2_ses-before_ecephys.nwb	aind+ephys	v1.2.2	1cbdbee	7940dfd	3	v0.3.34	7e691d7b-48a7-43c3-a53d-52393a3e3ce6	4458784579	True	True	False	True	"{""derivatives/dandiset-001428/sub-aged-mouse2/sub-aged-mouse2_ses-before_ecephys/pipeline-aind+ephys/version-v1.2.2_codebase-v0.3.34_params-1cbdbee_config-7940dfd_attempt-3/dataset_description.json"": ""2f6df43b-eefa-4e2e-bacc-283eb5d55b25""}"		"{""derivatives/dandiset-001428/sub-aged-mouse2/sub-aged-mouse2_ses-before_ecephys/pipeline-aind+ephys/version-v1.2.2_codebase-v0.3.34_params-1cbdbee_config-7940dfd_attempt-3/logs/job-15972510_slurm.log"": ""561b7fbd-3329-4d31-8003-1312ca7893c8"", ""derivatives/dandiset-001428/sub-aged-mouse2/sub-aged-mouse2_ses-before_ecephys/pipeline-aind+ephys/version-v1.2.2_codebase-v0.3.34_params-1cbdbee_config-7940dfd_attempt-3/logs/nextflow.log"": ""f005aeab-790c-4700-b9e7-986350a2db09""}"	2026-06-21T15:33:13.725098-04:00	2026-06-21T15:33:14.158697-04:00
001435	sub-Lalo/sub-Lalo_ses-20230120_ecephys.nwb	aind+ephys	v1.2.4	1cbdbee	7940dfd	1	v0.3.49	87982359-9ff6-4160-8516-36a235025d55	11171016559	True	True	False	True	"{""derivatives/dandiset-001435/sub-Lalo/sub-Lalo_ses-20230120_ecephys/pipeline-aind+ephys/version-v1.2.4_codebase-v0.3.49_params-1cbdbee_config-7940dfd_attempt-1/dataset_description.json"": ""f90b7534-a540-438b-85df-10a0581b9e3a""}"		"{""derivatives/dandiset-001435/sub-Lalo/sub-Lalo_ses-20230120_ecephys/pipeline-aind+ephys/version-v1.2.4_codebase-v0.3.49_params-1cbdbee_config-7940dfd_attempt-1/logs/dag.html"": ""374d93d6-f54a-49e3-9bd4-23cc49c2e489"", ""derivatives/dandiset-001435/sub-Lalo/sub-Lalo_ses-20230120_ecephys/pipeline-aind+ephys/version-v1.2.4_codebase-v0.3.49_params-1cbdbee_config-7940dfd_attempt-1/logs/job-18303848_slurm.log"": ""66bd7d99-eae3-4b22-ac76-4673b096ba78"", ""derivatives/dandiset-001435/sub-Lalo/sub-Lalo_ses-20230120_ecephys/pipeline-aind+ephys/version-v1.2.4_codebase-v0.3.49_params-1cbdbee_config-7940dfd_attempt-1/logs/nextflow.log"": ""654fc8ca-9245-4810-8730-32b7e8220cb9"", ""derivatives/dandiset-001435/sub-Lalo/sub-Lalo_ses-20230120_ecephys/pipeline-aind+ephys/version-v1.2.4_codebase-v0.3.49_params-1cbdbee_config-7940dfd_attempt-1/logs/report.html"": ""c58bf9e1-636d-4646-8179-374f5830981d"", ""derivatives/dandiset-001435/sub-Lalo/sub-Lalo_ses-20230120_ecephys/pipeline-aind+ephys/version-v1.2.4_codebase-v0.3.49_params-1cbdbee_config-7940dfd_attempt-1/logs/timeline.html"": ""f63272f3-982f-4e07-bc59-676b8767f9f8"", ""derivatives/dandiset-001435/sub-Lalo/sub-Lalo_ses-20230120_ecephys/pipeline-aind+ephys/version-v1.2.4_codebase-v0.3.49_params-1cbdbee_config-7940dfd_attempt-1/logs/trace.txt"": ""32e33467-88fd-403f-84eb-58dd4a1c11b9""}"	2026-09-08T18:19:34.581864-04:00	2026-09-08T18:19:36.116529-04:00
001435	sub-Lalo/sub-Lalo_ses-20230120_ecephys.nwb	aind+ephys	v1.2.4	1cbdbee	7940dfd	2	v0.3.49	87982359-9ff6-4160-8516-36a235025d55	11171016559	True	True	False	True	"{""derivatives/dandiset-001435/sub-Lalo/sub-Lalo_ses-20230120_ecephys/pipeline-aind+ephys/version-v1.2.4_codebase-v0.3.49_params-1cbdbee_config-7940dfd_attempt-2/dataset_description.json"": ""f90b7534-a540-438b-85df-10a0581b9e3a""}"		"{""derivatives/dandiset-001435/sub-Lalo/sub-Lalo_ses-20230120_ecephys/pipeline-aind+ephys/version-v1.2.4_codebase-v0.3.49_params-1cbdbee_config-7940dfd_attempt-2/logs/dag.html"": ""374d93d6-f54a-49e3-9bd4-23cc49c2e489"", ""derivatives/dandiset-001435/sub-Lalo/sub-Lalo_ses-20230120_ecephys/pipeline-aind+ephys/version-v1.2.4_codebase-v0.3.49_params-1cbdbee_config-7940dfd_attempt-2/logs/job-18840093_slurm.log"": ""de8eac7b-7167-4bfe-a930-4a23626686fb"", ""derivatives/dandiset-001435/sub-Lalo/sub-Lalo_ses-20230120_ecephys/pipeline-aind+ephys/version-v1.2.4_codebase-v0.3.49_params-1cbdbee_config-7940dfd_attempt-2/logs/nextflow.log"": ""989ccbb9-efb1-400d-85dc-ee1ec8ba5f2e"", ""derivatives/dandiset-001435/sub-Lalo/sub-Lalo_ses-20230120_ecephys/pipeline-aind+ephys/version-v1.2.4_codebase-v0.3.49_params-1cbdbee_config-7940dfd_attempt-2/logs/report.html"": ""92c56045-add6-460b-97b8-0d6320133147"", ""derivatives/dandiset-001435/sub-Lalo/sub-Lalo_ses-20230120_ecephys/pipeline-aind+ephys/version-v1.2.4_codebase-v0.3.49_params-1cbdbee_config-7940dfd_attempt-2/logs/timeline.html"": ""b26d2c9a-e7e3-4337-a0a2-893e3eeb79c9"", ""derivatives/dandiset-001435/sub-Lalo/sub-Lalo_ses-20230120_ecephys/pipeline-aind+ephys/version-v1.2.4_codebase-v0.3.49_params-1cbdbee_config-7940dfd_attempt-2/logs/trace.txt"": ""e52cbd1d-c110-4814-af6c-704d79f50875""}"	2026-09-08T18:19:48.224135-04:00	2026-09-08T18:19:49.712399-04:00
001435	sub-Lalo/sub-Lalo_ses-20230210_ecephys.nwb	aind+ephys	v1.2.4	1cbdbee	7940dfd	1	v0.3.49	08cc65d1-4e06-4f60-b646-cf7cc7fae43c	48706902	True	True	False	True	"{""derivatives/dandiset-001435/sub-Lalo/sub-Lalo_ses-20230210_ecephys/pipeline-aind+ephys/version-v1.2.4_codebase-v0.3.49_params-1cbdbee_config-7940dfd_attempt-1/dataset_description.json"": ""f90b7534-a540-438b-85df-10a0581b9e3a""}"		"{""derivatives/dandiset-001435/sub-Lalo/sub-Lalo_ses-20230210_ecephys/pipeline-aind+ephys/version-v1.2.4_codebase-v0.3.49_params-1cbdbee_config-7940dfd_attempt-1/logs/dag.html"": ""374d93d6-f54a-49e3-9bd4-23cc49c2e489"", ""derivatives/dandiset-001435/sub-Lalo/sub-Lalo_ses-20230210_ecephys/pipeline-aind+ephys/version-v1.2.4_codebase-v0.3.49_params-1cbdbee_config-7940dfd_attempt-1/logs/job-19039311_slurm.log"": ""c13798d4-5435-4d46-bd4f-eba0f987be02"", ""derivatives/dandiset-001435/sub-Lalo/sub-Lalo_ses-20230210_ecephys/pipeline-aind+ephys/version-v1.2.4_codebase-v0.3.49_params-1cbdbee_config-7940dfd_attempt-1/logs/nextflow.log"": ""a90df5db-cd0d-47ef-8f58-de3b519c7065"", ""derivatives/dandiset-001435/sub-Lalo/sub-Lalo_ses-20230210_ecephys/pipeline-aind+ephys/version-v1.2.4_codebase-v0.3.49_params-1cbdbee_config-7940dfd_attempt-1/logs/report.html"": ""02c581cb-e81f-44b9-bbd9-7156c84550ba"", ""derivatives/dandiset-001435/sub-Lalo/sub-Lalo_ses-20230210_ecephys/pipeline-aind+ephys/version-v1.2.4_codebase-v0.3.49_params-1cbdbee_config-7940dfd_attempt-1/logs/timeline.html"": ""3bf6691a-84d3-452e-b12f-7e526c60d448"", ""derivatives/dandiset-001435/sub-Lalo/sub-Lalo_ses-20230210_ecephys/pipeline-aind+ephys/version-v1.2.4_codebase-v0.3.49_params-1cbdbee_config-7940dfd_attempt-1/logs/trace.txt"": ""9658f6b2-8e25-4d2a-8a3a-4e748fbdf20b""}"	2026-09-08T18:20:03.385757-04:00	2026-09-08T18:20:04.842380-04:00
001435	sub-Offenbach/sub-Offenbach_ses-20221220_ecephys.nwb	aind+ephys	v1.2.4	1cbdbee	7940dfd	1	v0.3.49	9b1206d1-9093-403d-8ea8-929905598c39	15369549736	True	True	False	True	"{""derivatives/dandiset-001435/sub-Offenbach/sub-Offenbach_ses-20221220_ecephys/pipeline-aind+ephys/version-v1.2.4_codebase-v0.3.49_params-1cbdbee_config-7940dfd_attempt-1/dataset_description.json"": ""f90b7534-a540-438b-85df-10a0581b9e3a""}"		"{""derivatives/dandiset-001435/sub-Offenbach/sub-Offenbach_ses-20221220_ecephys/pipeline-aind+ephys/version-v1.2.4_codebase-v0.3.49_params-1cbdbee_config-7940dfd_attempt-1/logs/dag.html"": ""374d93d6-f54a-49e3-9bd4-23cc49c2e489"", ""derivatives/dandiset-001435/sub-Offenbach/sub-Offenbach_ses-20221220_ecephys/pipeline-aind+ephys/version-v1.2.4_codebase-v0.3.49_params-1cbdbee_config-7940dfd_attempt-1/logs/job-17634422_slurm.log"": ""d05be0da-ed7a-4f0e-9f75-fb406ea06b05"", ""derivatives/dandiset-001435/sub-Offenbach/sub-Offenbach_ses-20221220_ecephys/pipeline-aind+ephys/version-v1.2.4_codebase-v0.3.49_params-1cbdbee_config-7940dfd_attempt-1/logs/nextflow.log"": ""b6b62854-6acc-4814-b5b5-7fd7559132de"", ""derivatives/dandiset-001435/sub-Offenbach/sub-Offenbach_ses-20221220_ecephys/pipeline-aind+ephys/version-v1.2.4_codebase-v0.3.49_params-1cbdbee_config-7940dfd_attempt-1/logs/report.html"": ""94d24d4f-b0be-4e3c-9b08-beba4b6c9be0"", ""derivatives/dandiset-001435/sub-Offenbach/sub-Offenbach_ses-20221220_ecephys/pipeline-aind+ephys/version-v1.2.4_codebase-v0.3.49_params-1cbdbee_config-7940dfd_attempt-1/logs/timeline.html"": ""47f414e6-aff3-4231-8cb8-9c8f8f0224ca"", ""derivatives/dandiset-001435/sub-Offenbach/sub-Offenbach_ses-20221220_ecephys/pipeline-aind+ephys/version-v1.2.4_codebase-v0.3.49_params-1cbdbee_config-7940dfd_attempt-1/logs/trace.txt"": ""e60048bc-ecdb-4d58-9d44-8701b7d4dd45""}"	2026-09-08T18:20:15.778806-04:00	2026-09-08T18:20:17.110402-04:00
001435	sub-Offenbach/sub-Offenbach_ses-20221222_ecephys.nwb	aind+ephys	v1.2.2	1cbdbee	7940dfd	1	v0.3.34	3f687ebd-6634-49ae-9059-6e326352d9f3	16286653374	True	True	False	True	"{""derivatives/dandiset-001435/sub-Offenbach/sub-Offenbach_ses-20221222_ecephys/pipeline-aind+ephys/version-v1.2.2_codebase-v0.3.34_params-1cbdbee_config-7940dfd_attempt-1/dataset_description.json"": ""1be48383-148d-46f3-8f59-9008f2a47dab""}"		"{""derivatives/dandiset-001435/sub-Offenbach/sub-Offenbach_ses-20221222_ecephys/pipeline-aind+ephys/version-v1.2.2_codebase-v0.3.34_params-1cbdbee_config-7940dfd_attempt-1/logs/dag.html"": ""374d93d6-f54a-49e3-9bd4-23cc49c2e489"", ""derivatives/dandiset-001435/sub-Offenbach/sub-Offenbach_ses-20221222_ecephys/pipeline-aind+ephys/version-v1.2.2_codebase-v0.3.34_params-1cbdbee_config-7940dfd_attempt-1/logs/job-15897614_slurm.log"": ""7247f3e6-9ebc-4ac5-a3f7-d960e6dd784b"", ""derivatives/dandiset-001435/sub-Offenbach/sub-Offenbach_ses-20221222_ecephys/pipeline-aind+ephys/version-v1.2.2_codebase-v0.3.34_params-1cbdbee_config-7940dfd_attempt-1/logs/nextflow.log"": ""70846abd-0905-42b3-a02f-eb969151b88e"", ""derivatives/dandiset-001435/sub-Offenbach/sub-Offenbach_ses-20221222_ecephys/pipeline-aind+ephys/version-v1.2.2_codebase-v0.3.34_params-1cbdbee_config-7940dfd_attempt-1/logs/report.html"": ""58250405-9f77-4ede-98c3-c1018402397e"", ""derivatives/dandiset-001435/sub-Offenbach/sub-Offenbach_ses-20221222_ecephys/pipeline-aind+ephys/version-v1.2.2_codebase-v0.3.34_params-1cbdbee_config-7940dfd_attempt-1/logs/timeline.html"": ""6f3cb387-ebc8-4fc4-97c8-f1bd96c646e5"", ""derivatives/dandiset-001435/sub-Offenbach/sub-Offenbach_ses-20221222_ecephys/pipeline-aind+ephys/version-v1.2.2_codebase-v0.3.34_params-1cbdbee_config-7940dfd_attempt-1/logs/trace.txt"": ""f2fd825b-1095-4cdc-9f69-28daf55be071""}"	2026-09-08T18:20:31.568376-04:00	2026-09-08T18:20:32.908759-04:00
001435	sub-Offenbach/sub-Offenbach_ses-20230113_ecephys.nwb	aind+ephys	v1.2.4	1cbdbee	7940dfd	2	v0.3.49	ea6e385d-1cba-41c1-a64f-b10094a399f5	24122743438	True	True	False	False	"{""derivatives/dandiset-001435/sub-Offenbach/sub-Offenbach_ses-20230113_ecephys/pipeline-aind+ephys/version-v1.2.4_codebase-v0.3.49_params-1cbdbee_config-7940dfd_attempt-2/dataset_description.json"": ""f90b7534-a540-438b-85df-10a0581b9e3a""}"			2026-09-09T09:32:21.141567-04:00	
001435	sub-Offenbach/sub-Offenbach_ses-20230215_ecephys.nwb	aind+ephys	v1.2.4	1cbdbee	7940dfd	1	v0.3.46	e73c58bd-0a3f-46dc-9c65-752b1a793efa	16823171070	True	True	False	True	"{""derivatives/dandiset-001435/sub-Offenbach/sub-Offenbach_ses-20230215_ecephys/pipeline-aind+ephys/version-v1.2.4_codebase-v0.3.46_params-1cbdbee_config-7940dfd_attempt-1/dataset_description.json"": ""19a8ec18-c912-4173-ae26-bb12f327f7b7""}"		"{""derivatives/dandiset-001435/sub-Offenbach/sub-Offenbach_ses-20230215_ecephys/pipeline-aind+ephys/version-v1.2.4_codebase-v0.3.46_params-1cbdbee_config-7940dfd_attempt-1/logs/dag.html"": ""374d93d6-f54a-49e3-9bd4-23cc49c2e489"", ""derivatives/dandiset-001435/sub-Offenbach/sub-Offenbach_ses-20230215_ecephys/pipeline-aind+ephys/version-v1.2.4_codebase-v0.3.46_params-1cbdbee_config-7940dfd_attempt-1/logs/job-17243841_slurm.log"": ""03ecc157-55d3-4a27-b36d-fba841df6f5a"", ""derivatives/dandiset-001435/sub-Offenbach/sub-Offenbach_ses-20230215_ecephys/pipeline-aind+ephys/version-v1.2.4_codebase-v0.3.46_params-1cbdbee_config-7940dfd_attempt-1/logs/nextflow.log"": ""087e9a5d-4287-41e5-90eb-791a821a6e96"", ""derivatives/dandiset-001435/sub-Offenbach/sub-Offenbach_ses-20230215_ecephys/pipeline-aind+ephys/version-v1.2.4_codebase-v0.3.46_params-1cbdbee_config-7940dfd_attempt-1/logs/report.html"": ""463e6984-e124-478a-abcf-bf21f1280f1f"", ""derivatives/dandiset-001435/sub-Offenbach/sub-Offenbach_ses-20230215_ecephys/pipeline-aind+ephys/version-v1.2.4_codebase-v0.3.46_params-1cbdbee_config-7940dfd_attempt-1/logs/timeline.html"": ""072edaf6-659e-4dbd-9f00-a5808da5f3c9"", ""derivatives/dandiset-001435/sub-Offenbach/sub-Offenbach_ses-20230215_ecephys/pipeline-aind+ephys/version-v1.2.4_codebase-v0.3.46_params-1cbdbee_config-7940dfd_attempt-1/logs/trace.txt"": ""6d1fc8f4-056f-4b12-a14a-7140d8f41e61""}"	2026-09-08T18:20:43.769072-04:00	2026-09-08T18:20:45.164937-04:00
001435	sub-Offenbach/sub-Offenbach_ses-20230223_ecephys.nwb	aind+ephys	v1.2.4	1cbdbee	7940dfd	1	v0.3.42	faeba512-97ff-47ea-9d60-5b3db1d81817	17827296417	True	True	False	True	"{""derivatives/dandiset-001435/sub-Offenbach/sub-Offenbach_ses-20230223_ecephys/pipeline-aind+ephys/version-v1.2.4_codebase-v0.3.42_params-1cbdbee_config-7940dfd_attempt-1/dataset_description.json"": ""1a66a8af-162e-45a8-9804-355c73993a9a""}"		"{""derivatives/dandiset-001435/sub-Offenbach/sub-Offenbach_ses-20230223_ecephys/pipeline-aind+ephys/version-v1.2.4_codebase-v0.3.42_params-1cbdbee_config-7940dfd_attempt-1/logs/job-16239416_slurm.log"": ""6a9a2c03-5faf-43b1-8a11-ac1aa6b66bc9"", ""derivatives/dandiset-001435/sub-Offenbach/sub-Offenbach_ses-20230223_ecephys/pipeline-aind+ephys/version-v1.2.4_codebase-v0.3.42_params-1cbdbee_config-7940dfd_attempt-1/logs/nextflow.log"": ""c2db2754-1f79-448e-a053-4ba3319bf7b7""}"	2026-06-22T16:45:18.414174-04:00	2026-06-22T16:45:18.997375-04:00
001435	sub-Offenbach/sub-Offenbach_ses-20230223_ecephys.nwb	aind+ephys	v1.2.4	1cbdbee	7940dfd	2	v0.3.42	faeba512-97ff-47ea-9d60-5b3db1d81817	17827296417	True	True	False	True	"{""derivatives/dandiset-001435/sub-Offenbach/sub-Offenbach_ses-20230223_ecephys/pipeline-aind+ephys/version-v1.2.4_codebase-v0.3.42_params-1cbdbee_config-7940dfd_attempt-2/dataset_description.json"": ""1a66a8af-162e-45a8-9804-355c73993a9a""}"		"{""derivatives/dandiset-001435/sub-Offenbach/sub-Offenbach_ses-20230223_ecephys/pipeline-aind+ephys/version-v1.2.4_codebase-v0.3.42_params-1cbdbee_config-7940dfd_attempt-2/logs/job-16291311_slurm.log"": ""cf70dbec-7bf7-45e7-b98e-e4337762c32b"", ""derivatives/dandiset-001435/sub-Offenbach/sub-Offenbach_ses-20230223_ecephys/pipeline-aind+ephys/version-v1.2.4_codebase-v0.3.42_params-1cbdbee_config-7940dfd_attempt-2/logs/nextflow.log"": ""a6b2a001-f4b1-49df-a04f-5f8e2515bcf2""}"	2026-06-22T20:14:32.751905-04:00	2026-06-22T20:14:33.164807-04:00
001469	sub-Chronic-Implant-1/sub-Chronic-Implant-1_obj-1ac8h1a_ecephys.nwb	aind+ephys	v1.2.2	1cbdbee	7940dfd	1	v0.3.28	8c9ef385-ec4b-42a4-96ad-a0ce41ccd917	1139972632	True	True	False	True	"{""derivatives/dandiset-001469/sub-Chronic-Implant-1/sub-Chronic-Implant-1_obj-1ac8h1a_ecephys/pipeline-aind+ephys/version-v1.2.2_codebase-v0.3.28_params-1cbdbee_config-7940dfd_attempt-1/dataset_description.json"": ""9406a575-be81-471b-b40b-8205044080ea""}"		"{""derivatives/dandiset-001469/sub-Chronic-Implant-1/sub-Chronic-Implant-1_obj-1ac8h1a_ecephys/pipeline-aind+ephys/version-v1.2.2_codebase-v0.3.28_params-1cbdbee_config-7940dfd_attempt-1/logs/dag.html"": ""374d93d6-f54a-49e3-9bd4-23cc49c2e489"", ""derivatives/dandiset-001469/sub-Chronic-Implant-1/sub-Chronic-Implant-1_obj-1ac8h1a_ecephys/pipeline-aind+ephys/version-v1.2.2_codebase-v0.3.28_params-1cbdbee_config-7940dfd_attempt-1/logs/job-15876332_slurm.log"": ""b1f8eb4c-efe8-489a-84e8-837ac2f9262f"", ""derivatives/dandiset-001469/sub-Chronic-Implant-1/sub-Chronic-Implant-1_obj-1ac8h1a_ecephys/pipeline-aind+ephys/version-v1.2.2_codebase-v0.3.28_params-1cbdbee_config-7940dfd_attempt-1/logs/nextflow.log"": ""214fd820-2f18-411e-ad1c-dba1a0c95cd7"", ""derivatives/dandiset-001469/sub-Chronic-Implant-1/sub-Chronic-Implant-1_obj-1ac8h1a_ecephys/pipeline-aind+ephys/version-v1.2.2_codebase-v0.3.28_params-1cbdbee_config-7940dfd_attempt-1/logs/report.html"": ""c6d7caf2-bea3-4244-b700-026e1d134ebc"", ""derivatives/dandiset-001469/sub-Chronic-Implant-1/sub-Chronic-Implant-1_obj-1ac8h1a_ecephys/pipeline-aind+ephys/version-v1.2.2_codebase-v0.3.28_params-1cbdbee_config-7940dfd_attempt-1/logs/timeline.html"": ""a3a4496f-7006-4372-a6ff-4851ee159fe5"", ""derivatives/dandiset-001469/sub-Chronic-Implant-1/sub-Chronic-Implant-1_obj-1ac8h1a_ecephys/pipeline-aind+ephys/version-v1.2.2_codebase-v0.3.28_params-1cbdbee_config-7940dfd_attempt-1/logs/trace.txt"": ""4edfaf24-9b7d-4d6d-961a-2e9a69f37163""}"	2026-09-08T18:20:56.082859-04:00	2026-09-08T18:20:57.424257-04:00
001469	sub-Chronic-Implant-1/sub-Chronic-Implant-1_obj-1mol3hx_ecephys.nwb	aind+ephys	v1.2.2	1cbdbee	7940dfd	1	v0.3.28	12b190cf-0b40-45fb-8aff-21f688d1175e	591268128	True	True	False	True	"{""derivatives/dandiset-001469/sub-Chronic-Implant-1/sub-Chronic-Implant-1_obj-1mol3hx_ecephys/pipeline-aind+ephys/version-v1.2.2_codebase-v0.3.28_params-1cbdbee_config-7940dfd_attempt-1/dataset_description.json"": ""9406a575-be81-471b-b40b-8205044080ea""}"		"{""derivatives/dandiset-001469/sub-Chronic-Implant-1/sub-Chronic-Implant-1_obj-1mol3hx_ecephys/pipeline-aind+ephys/version-v1.2.2_codebase-v0.3.28_params-1cbdbee_config-7940dfd_attempt-1/logs/dag.html"": ""374d93d6-f54a-49e3-9bd4-23cc49c2e489"", ""derivatives/dandiset-001469/sub-Chronic-Implant-1/sub-Chronic-Implant-1_obj-1mol3hx_ecephys/pipeline-aind+ephys/version-v1.2.2_codebase-v0.3.28_params-1cbdbee_config-7940dfd_attempt-1/logs/job-15877524_slurm.log"": ""b9a60a53-c7b2-4fb6-b601-6dad383ee9db"", ""derivatives/dandiset-001469/sub-Chronic-Implant-1/sub-Chronic-Implant-1_obj-1mol3hx_ecephys/pipeline-aind+ephys/version-v1.2.2_codebase-v0.3.28_params-1cbdbee_config-7940dfd_attempt-1/logs/nextflow.log"": ""12a25079-e231-4f4b-9b4a-95e5a02a8514"", ""derivatives/dandiset-001469/sub-Chronic-Implant-1/sub-Chronic-Implant-1_obj-1mol3hx_ecephys/pipeline-aind+ephys/version-v1.2.2_codebase-v0.3.28_params-1cbdbee_config-7940dfd_attempt-1/logs/report.html"": ""90953729-865f-44e2-9647-5f7f83e17bfd"", ""derivatives/dandiset-001469/sub-Chronic-Implant-1/sub-Chronic-Implant-1_obj-1mol3hx_ecephys/pipeline-aind+ephys/version-v1.2.2_codebase-v0.3.28_params-1cbdbee_config-7940dfd_attempt-1/logs/timeline.html"": ""7742423b-d5d2-4e64-aa6d-4283c6a8b5ce"", ""derivatives/dandiset-001469/sub-Chronic-Implant-1/sub-Chronic-Implant-1_obj-1mol3hx_ecephys/pipeline-aind+ephys/version-v1.2.2_codebase-v0.3.28_params-1cbdbee_config-7940dfd_attempt-1/logs/trace.txt"": ""8562204b-69fd-47a5-9836-6a26298637f0""}"	2026-09-08T18:21:08.154785-04:00	2026-09-08T18:21:09.692367-04:00
001469	sub-Chronic-Implant-1/sub-Chronic-Implant-1_obj-1r591dv_ecephys.nwb	aind+ephys	v1.2.4	1cbdbee	7940dfd	1	v0.3.42	f22ef5fd-5efa-436b-adb4-905024accf16	464881952	True	True	False	True	"{""derivatives/dandiset-001469/sub-Chronic-Implant-1/sub-Chronic-Implant-1_obj-1r591dv_ecephys/pipeline-aind+ephys/version-v1.2.4_codebase-v0.3.42_params-1cbdbee_config-7940dfd_attempt-1/dataset_description.json"": ""e2f6c5b9-abbe-4212-9110-78bbd1b07bb5""}"		"{""derivatives/dandiset-001469/sub-Chronic-Implant-1/sub-Chronic-Implant-1_obj-1r591dv_ecephys/pipeline-aind+ephys/version-v1.2.4_codebase-v0.3.42_params-1cbdbee_config-7940dfd_attempt-1/logs/job-16239417_slurm.log"": ""5d1741ca-b055-4e9b-ba1d-55e5be676589"", ""derivatives/dandiset-001469/sub-Chronic-Implant-1/sub-Chronic-Implant-1_obj-1r591dv_ecephys/pipeline-aind+ephys/version-v1.2.4_codebase-v0.3.42_params-1cbdbee_config-7940dfd_attempt-1/logs/nextflow.log"": ""31447f39-e6d9-4dcf-9cf6-7ff221958363""}"	2026-06-22T16:45:44.327623-04:00	2026-06-22T16:45:44.740831-04:00
001469	sub-Chronic-Implant-1/sub-Chronic-Implant-1_obj-1r591dv_ecephys.nwb	aind+ephys	v1.2.4	1cbdbee	7940dfd	2	v0.3.42	f22ef5fd-5efa-436b-adb4-905024accf16	464881952	True	True	False	True	"{""derivatives/dandiset-001469/sub-Chronic-Implant-1/sub-Chronic-Implant-1_obj-1r591dv_ecephys/pipeline-aind+ephys/version-v1.2.4_codebase-v0.3.42_params-1cbdbee_config-7940dfd_attempt-2/dataset_description.json"": ""e2f6c5b9-abbe-4212-9110-78bbd1b07bb5""}"		"{""derivatives/dandiset-001469/sub-Chronic-Implant-1/sub-Chronic-Implant-1_obj-1r591dv_ecephys/pipeline-aind+ephys/version-v1.2.4_codebase-v0.3.42_params-1cbdbee_config-7940dfd_attempt-2/logs/job-16257565_slurm.log"": ""99f212f1-1abd-4e70-8cb3-af96720d824d"", ""derivatives/dandiset-001469/sub-Chronic-Implant-1/sub-Chronic-Implant-1_obj-1r591dv_ecephys/pipeline-aind+ephys/version-v1.2.4_codebase-v0.3.42_params-1cbdbee_config-7940dfd_attempt-2/logs/nextflow.log"": ""83ae01b4-d8cf-4272-ab08-172038453161""}"	2026-06-22T16:46:10.642778-04:00	2026-06-22T16:46:11.067772-04:00
001469	sub-Chronic-Implant-1/sub-Chronic-Implant-1_obj-1r591dv_ecephys.nwb	aind+ephys	v1.2.4	1cbdbee	7940dfd	3	v0.3.42	f22ef5fd-5efa-436b-adb4-905024accf16	464881952	True	True	False	True	"{""derivatives/dandiset-001469/sub-Chronic-Implant-1/sub-Chronic-Implant-1_obj-1r591dv_ecephys/pipeline-aind+ephys/version-v1.2.4_codebase-v0.3.42_params-1cbdbee_config-7940dfd_attempt-3/dataset_description.json"": ""e2f6c5b9-abbe-4212-9110-78bbd1b07bb5""}"		"{""derivatives/dandiset-001469/sub-Chronic-Implant-1/sub-Chronic-Implant-1_obj-1r591dv_ecephys/pipeline-aind+ephys/version-v1.2.4_codebase-v0.3.42_params-1cbdbee_config-7940dfd_attempt-3/logs/job-16291313_slurm.log"": ""a0035daa-5687-4e70-abe5-5c322429dfa3"", ""derivatives/dandiset-001469/sub-Chronic-Implant-1/sub-Chronic-Implant-1_obj-1r591dv_ecephys/pipeline-aind+ephys/version-v1.2.4_codebase-v0.3.42_params-1cbdbee_config-7940dfd_attempt-3/logs/nextflow.log"": ""ea0d4d0a-84d9-41ed-9aa5-2a86f412c08c""}"	2026-06-22T20:14:55.669035-04:00	2026-06-22T20:14:56.084488-04:00
001469	sub-Chronic-Implant-2/sub-Chronic-Implant-2_obj-aslpio_ecephys.nwb	aind+ephys	v1.2.2	1cbdbee	7940dfd	1	v0.3.34	079e9dbb-9d41-47e9-a329-cf46fa662be6	1547702133	True	True	False	True	"{""derivatives/dandiset-001469/sub-Chronic-Implant-2/sub-Chronic-Implant-2_obj-aslpio_ecephys/pipeline-aind+ephys/version-v1.2.2_codebase-v0.3.34_params-1cbdbee_config-7940dfd_attempt-1/dataset_description.json"": ""98ee93fb-8846-4b0e-8439-d8b224463245""}"		"{""derivatives/dandiset-001469/sub-Chronic-Implant-2/sub-Chronic-Implant-2_obj-aslpio_ecephys/pipeline-aind+ephys/version-v1.2.2_codebase-v0.3.34_params-1cbdbee_config-7940dfd_attempt-1/logs/dag.html"": ""374d93d6-f54a-49e3-9bd4-23cc49c2e489"", ""derivatives/dandiset-001469/sub-Chronic-Implant-2/sub-Chronic-Implant-2_obj-aslpio_ecephys/pipeline-aind+ephys/version-v1.2.2_codebase-v0.3.34_params-1cbdbee_config-7940dfd_attempt-1/logs/job-15916685_slurm.log"": ""4b1cf382-e5e3-41cf-b776-d8c327f694e8"", ""derivatives/dandiset-001469/sub-Chronic-Implant-2/sub-Chronic-Implant-2_obj-aslpio_ecephys/pipeline-aind+ephys/version-v1.2.2_codebase-v0.3.34_params-1cbdbee_config-7940dfd_attempt-1/logs/nextflow.log"": ""c7ca2723-895f-4968-b992-5eb776191b18"", ""derivatives/dandiset-001469/sub-Chronic-Implant-2/sub-Chronic-Implant-2_obj-aslpio_ecephys/pipeline-aind+ephys/version-v1.2.2_codebase-v0.3.34_params-1cbdbee_config-7940dfd_attempt-1/logs/report.html"": ""c76577d2-5595-4b33-95cb-657e2ee36085"", ""derivatives/dandiset-001469/sub-Chronic-Implant-2/sub-Chronic-Implant-2_obj-aslpio_ecephys/pipeline-aind+ephys/version-v1.2.2_codebase-v0.3.34_params-1cbdbee_config-7940dfd_attempt-1/logs/timeline.html"": ""f3189bcf-dab7-4553-9bd0-a15c767dbca4"", ""derivatives/dandiset-001469/sub-Chronic-Implant-2/sub-Chronic-Implant-2_obj-aslpio_ecephys/pipeline-aind+ephys/version-v1.2.2_codebase-v0.3.34_params-1cbdbee_config-7940dfd_attempt-1/logs/trace.txt"": ""af4fad65-514b-4e8a-b085-c96a753c7e59""}"	2026-09-08T18:21:20.187309-04:00	2026-09-08T18:21:21.528686-04:00
001469	sub-Chronic-Implant-3/sub-Chronic-Implant-3_obj-1006lvt_ecephys.nwb	aind+ephys	v1.2.2	1cbdbee	0d4bf36	1	v0.3.27	130ee92e-851c-498c-a84d-06556389f5f8	580920728	True	True	False	True	"{""derivatives/dandiset-001469/sub-Chronic-Implant-3/sub-Chronic-Implant-3_obj-1006lvt_ecephys/pipeline-aind+ephys/version-v1.2.2_codebase-v0.3.27_params-1cbdbee_config-0d4bf36_attempt-1/dataset_description.json"": ""23df2282-217d-422c-a077-5dd9c477104f""}"		"{""derivatives/dandiset-001469/sub-Chronic-Implant-3/sub-Chronic-Implant-3_obj-1006lvt_ecephys/pipeline-aind+ephys/version-v1.2.2_codebase-v0.3.27_params-1cbdbee_config-0d4bf36_attempt-1/logs/dag.html"": ""374d93d6-f54a-49e3-9bd4-23cc49c2e489"", ""derivatives/dandiset-001469/sub-Chronic-Implant-3/sub-Chronic-Implant-3_obj-1006lvt_ecephys/pipeline-aind+ephys/version-v1.2.2_codebase-v0.3.27_params-1cbdbee_config-0d4bf36_attempt-1/logs/job-15878507_slurm.log"": ""c6710cce-70a8-4b2b-8744-da85c99546ca"", ""derivatives/dandiset-001469/sub-Chronic-Implant-3/sub-Chronic-Implant-3_obj-1006lvt_ecephys/pipeline-aind+ephys/version-v1.2.2_codebase-v0.3.27_params-1cbdbee_config-0d4bf36_attempt-1/logs/nextflow.log"": ""a2d5f94b-24c7-4645-b8bc-33552d5c8d49"", ""derivatives/dandiset-001469/sub-Chronic-Implant-3/sub-Chronic-Implant-3_obj-1006lvt_ecephys/pipeline-aind+ephys/version-v1.2.2_codebase-v0.3.27_params-1cbdbee_config-0d4bf36_attempt-1/logs/report.html"": ""2d5a5d3d-2056-4a4d-b399-67ccaaf9e5ef"", ""derivatives/dandiset-001469/sub-Chronic-Implant-3/sub-Chronic-Implant-3_obj-1006lvt_ecephys/pipeline-aind+ephys/version-v1.2.2_codebase-v0.3.27_params-1cbdbee_config-0d4bf36_attempt-1/logs/timeline.html"": ""a94d1d24-e29d-4052-b995-faa38d417df8"", ""derivatives/dandiset-001469/sub-Chronic-Implant-3/sub-Chronic-Implant-3_obj-1006lvt_ecephys/pipeline-aind+ephys/version-v1.2.2_codebase-v0.3.27_params-1cbdbee_config-0d4bf36_attempt-1/logs/trace.txt"": ""24d6aa60-c742-4bc6-ad9f-a05f3aea60fa""}"	2026-09-08T18:21:33.883193-04:00	2026-09-08T18:21:35.165261-04:00
001469	sub-Chronic-Implant-4/sub-Chronic-Implant-4_obj-14sdvma_ecephys.nwb	aind+ephys	v1.2.2	1cbdbee	0d4bf36	1	v0.3.27	e9c5137f-cc17-4ab7-aa34-1e02016eca3a	1737814984	True	True	False	True	"{""derivatives/dandiset-001469/sub-Chronic-Implant-4/sub-Chronic-Implant-4_obj-14sdvma_ecephys/pipeline-aind+ephys/version-v1.2.2_codebase-v0.3.27_params-1cbdbee_config-0d4bf36_attempt-1/dataset_description.json"": ""23df2282-217d-422c-a077-5dd9c477104f""}"		"{""derivatives/dandiset-001469/sub-Chronic-Implant-4/sub-Chronic-Implant-4_obj-14sdvma_ecephys/pipeline-aind+ephys/version-v1.2.2_codebase-v0.3.27_params-1cbdbee_config-0d4bf36_attempt-1/logs/dag.html"": ""374d93d6-f54a-49e3-9bd4-23cc49c2e489"", ""derivatives/dandiset-001469/sub-Chronic-Implant-4/sub-Chronic-Implant-4_obj-14sdvma_ecephys/pipeline-aind+ephys/version-v1.2.2_codebase-v0.3.27_params-1cbdbee_config-0d4bf36_attempt-1/logs/job-15878511_slurm.log"": ""7f3f2226-194d-4227-8edf-ab55ead5afac"", ""derivatives/dandiset-001469/sub-Chronic-Implant-4/sub-Chronic-Implant-4_obj-14sdvma_ecephys/pipeline-aind+ephys/version-v1.2.2_codebase-v0.3.27_params-1cbdbee_config-0d4bf36_attempt-1/logs/nextflow.log"": ""9a0909c0-10fd-4d93-aa8f-6aa2099fdd43"", ""derivatives/dandiset-001469/sub-Chronic-Implant-4/sub-Chronic-Implant-4_obj-14sdvma_ecephys/pipeline-aind+ephys/version-v1.2.2_codebase-v0.3.27_params-1cbdbee_config-0d4bf36_attempt-1/logs/report.html"": ""a85fbe1f-56f0-4e89-b05e-4e792afe8031"", ""derivatives/dandiset-001469/sub-Chronic-Implant-4/sub-Chronic-Implant-4_obj-14sdvma_ecephys/pipeline-aind+ephys/version-v1.2.2_codebase-v0.3.27_params-1cbdbee_config-0d4bf36_attempt-1/logs/timeline.html"": ""b61acd2f-302b-4221-a46a-722e92beec2d"", ""derivatives/dandiset-001469/sub-Chronic-Implant-4/sub-Chronic-Implant-4_obj-14sdvma_ecephys/pipeline-aind+ephys/version-v1.2.2_codebase-v0.3.27_params-1cbdbee_config-0d4bf36_attempt-1/logs/trace.txt"": ""c6574da7-7c0c-4b7f-a8c2-b74c968d663e""}"	2026-09-08T18:21:47.750855-04:00	2026-09-08T18:21:49.024691-04:00
001469	sub-Chronic-Implant-4/sub-Chronic-Implant-4_obj-1dx5ghc_ecephys.nwb	aind+ephys	v1.2.4	1cbdbee	7940dfd	1	v0.3.39	195b50fb-7272-4544-ae0a-14e3e712c800	1746817664	True	True	False	True	"{""derivatives/dandiset-001469/sub-Chronic-Implant-4/sub-Chronic-Implant-4_obj-1dx5ghc_ecephys/pipeline-aind+ephys/version-v1.2.4_codebase-v0.3.39_params-1cbdbee_config-7940dfd_attempt-1/dataset_description.json"": ""6c17e6cf-d095-46f3-84cf-992b5204fbee""}"		"{""derivatives/dandiset-001469/sub-Chronic-Implant-4/sub-Chronic-Implant-4_obj-1dx5ghc_ecephys/pipeline-aind+ephys/version-v1.2.4_codebase-v0.3.39_params-1cbdbee_config-7940dfd_attempt-1/logs/job-16171627_slurm.log"": ""afd0c0a1-5b8a-4f27-86b6-a58742ecc91b"", ""derivatives/dandiset-001469/sub-Chronic-Implant-4/sub-Chronic-Implant-4_obj-1dx5ghc_ecephys/pipeline-aind+ephys/version-v1.2.4_codebase-v0.3.39_params-1cbdbee_config-7940dfd_attempt-1/logs/nextflow.log"": ""b6e239e2-9b16-4434-a0e8-6e0623220751""}"	2026-06-21T12:34:52.153847-04:00	2026-06-21T12:34:52.534714-04:00
001469	sub-Chronic-Implant-4/sub-Chronic-Implant-4_obj-5sg86a_ecephys.nwb	aind+ephys	v1.2.2	1cbdbee	7940dfd	1	v0.3.34	5c8ffb3a-7793-4f46-947a-be9efb07d0eb	3461900144	True	True	False	True	"{""derivatives/dandiset-001469/sub-Chronic-Implant-4/sub-Chronic-Implant-4_obj-5sg86a_ecephys/pipeline-aind+ephys/version-v1.2.2_codebase-v0.3.34_params-1cbdbee_config-7940dfd_attempt-1/dataset_description.json"": ""98ee93fb-8846-4b0e-8439-d8b224463245""}"		"{""derivatives/dandiset-001469/sub-Chronic-Implant-4/sub-Chronic-Implant-4_obj-5sg86a_ecephys/pipeline-aind+ephys/version-v1.2.2_codebase-v0.3.34_params-1cbdbee_config-7940dfd_attempt-1/logs/dag.html"": ""374d93d6-f54a-49e3-9bd4-23cc49c2e489"", ""derivatives/dandiset-001469/sub-Chronic-Implant-4/sub-Chronic-Implant-4_obj-5sg86a_ecephys/pipeline-aind+ephys/version-v1.2.2_codebase-v0.3.34_params-1cbdbee_config-7940dfd_attempt-1/logs/job-15897630_slurm.log"": ""9d2faa61-a430-490f-8c84-35cb1998b2ff"", ""derivatives/dandiset-001469/sub-Chronic-Implant-4/sub-Chronic-Implant-4_obj-5sg86a_ecephys/pipeline-aind+ephys/version-v1.2.2_codebase-v0.3.34_params-1cbdbee_config-7940dfd_attempt-1/logs/nextflow.log"": ""7d6e6c76-2fc6-470b-b132-478655f664c5"", ""derivatives/dandiset-001469/sub-Chronic-Implant-4/sub-Chronic-Implant-4_obj-5sg86a_ecephys/pipeline-aind+ephys/version-v1.2.2_codebase-v0.3.34_params-1cbdbee_config-7940dfd_attempt-1/logs/report.html"": ""5f68f422-1779-4f9a-95b9-9990d67805aa"", ""derivatives/dandiset-001469/sub-Chronic-Implant-4/sub-Chronic-Implant-4_obj-5sg86a_ecephys/pipeline-aind+ephys/version-v1.2.2_codebase-v0.3.34_params-1cbdbee_config-7940dfd_attempt-1/logs/timeline.html"": ""142e64ca-a1b1-446b-89f9-5b1f9228dca2"", ""derivatives/dandiset-001469/sub-Chronic-Implant-4/sub-Chronic-Implant-4_obj-5sg86a_ecephys/pipeline-aind+ephys/version-v1.2.2_codebase-v0.3.34_params-1cbdbee_config-7940dfd_attempt-1/logs/trace.txt"": ""6ddf709d-537a-40f7-aab7-a23f3658b59e""}"	2026-09-08T18:22:00.330316-04:00	2026-09-08T18:22:01.820698-04:00
001469	sub-Chronic-Implant-5/sub-Chronic-Implant-5_obj-1shwbu6_ecephys.nwb	aind+ephys	v1.2.2	1cbdbee	7940dfd	1	v0.3.34	4a0721af-520e-4e5d-bbb8-ea57fe3ff4a9	175465680	True	True	False	True	"{""derivatives/dandiset-001469/sub-Chronic-Implant-5/sub-Chronic-Implant-5_obj-1shwbu6_ecephys/pipeline-aind+ephys/version-v1.2.2_codebase-v0.3.34_params-1cbdbee_config-7940dfd_attempt-1/dataset_description.json"": ""98ee93fb-8846-4b0e-8439-d8b224463245""}"		"{""derivatives/dandiset-001469/sub-Chronic-Implant-5/sub-Chronic-Implant-5_obj-1shwbu6_ecephys/pipeline-aind+ephys/version-v1.2.2_codebase-v0.3.34_params-1cbdbee_config-7940dfd_attempt-1/logs/dag.html"": ""374d93d6-f54a-49e3-9bd4-23cc49c2e489"", ""derivatives/dandiset-001469/sub-Chronic-Implant-5/sub-Chronic-Implant-5_obj-1shwbu6_ecephys/pipeline-aind+ephys/version-v1.2.2_codebase-v0.3.34_params-1cbdbee_config-7940dfd_attempt-1/logs/job-15972513_slurm.log"": ""80f149b3-cd19-4890-a986-242a058ee616"", ""derivatives/dandiset-001469/sub-Chronic-Implant-5/sub-Chronic-Implant-5_obj-1shwbu6_ecephys/pipeline-aind+ephys/version-v1.2.2_codebase-v0.3.34_params-1cbdbee_config-7940dfd_attempt-1/logs/nextflow.log"": ""789471ac-28ac-442d-ada5-06186e8afe38"", ""derivatives/dandiset-001469/sub-Chronic-Implant-5/sub-Chronic-Implant-5_obj-1shwbu6_ecephys/pipeline-aind+ephys/version-v1.2.2_codebase-v0.3.34_params-1cbdbee_config-7940dfd_attempt-1/logs/report.html"": ""7a5b2d03-c6c8-4e44-830c-e40a72cbffcd"", ""derivatives/dandiset-001469/sub-Chronic-Implant-5/sub-Chronic-Implant-5_obj-1shwbu6_ecephys/pipeline-aind+ephys/version-v1.2.2_codebase-v0.3.34_params-1cbdbee_config-7940dfd_attempt-1/logs/timeline.html"": ""e7226e56-4ba9-460b-ac16-33e9ab8afb9b"", ""derivatives/dandiset-001469/sub-Chronic-Implant-5/sub-Chronic-Implant-5_obj-1shwbu6_ecephys/pipeline-aind+ephys/version-v1.2.2_codebase-v0.3.34_params-1cbdbee_config-7940dfd_attempt-1/logs/trace.txt"": ""73a093a8-6034-4fcf-bd47-9b44752ca6ef""}"	2026-09-08T18:22:12.489905-04:00	2026-09-08T18:22:13.804699-04:00
001475	sub-RMBE112m1/sub-RMBE112m1_ses-2b2F8_ephys.nwb	aind+ephys	v1.2.2	1cbdbee	0d4bf36	1	v0.3.25	ae55d852-4804-4e4c-bf73-e209aedd39e5	2726160	True	True	False	True	"{""derivatives/dandiset-001475/sub-RMBE112m1/sub-RMBE112m1_ses-2b2F8_ephys/pipeline-aind+ephys/version-v1.2.2_codebase-v0.3.25_params-1cbdbee_config-0d4bf36_attempt-1/dataset_description.json"": ""a44fa0d1-b7ed-42f5-a649-df1093470510""}"		"{""derivatives/dandiset-001475/sub-RMBE112m1/sub-RMBE112m1_ses-2b2F8_ephys/pipeline-aind+ephys/version-v1.2.2_codebase-v0.3.25_params-1cbdbee_config-0d4bf36_attempt-1/logs/dag.html"": ""374d93d6-f54a-49e3-9bd4-23cc49c2e489"", ""derivatives/dandiset-001475/sub-RMBE112m1/sub-RMBE112m1_ses-2b2F8_ephys/pipeline-aind+ephys/version-v1.2.2_codebase-v0.3.25_params-1cbdbee_config-0d4bf36_attempt-1/logs/job-15878513_slurm.log"": ""81dd5d37-3634-4c7b-abb6-b3d9aa3d0e0a"", ""derivatives/dandiset-001475/sub-RMBE112m1/sub-RMBE112m1_ses-2b2F8_ephys/pipeline-aind+ephys/version-v1.2.2_codebase-v0.3.25_params-1cbdbee_config-0d4bf36_attempt-1/logs/nextflow.log"": ""91e04184-3875-4205-aa64-0d5486943cd8"", ""derivatives/dandiset-001475/sub-RMBE112m1/sub-RMBE112m1_ses-2b2F8_ephys/pipeline-aind+ephys/version-v1.2.2_codebase-v0.3.25_params-1cbdbee_config-0d4bf36_attempt-1/logs/report.html"": ""ddfab224-e67d-4a2d-b7c8-f33b4969c96d"", ""derivatives/dandiset-001475/sub-RMBE112m1/sub-RMBE112m1_ses-2b2F8_ephys/pipeline-aind+ephys/version-v1.2.2_codebase-v0.3.25_params-1cbdbee_config-0d4bf36_attempt-1/logs/timeline.html"": ""d139d46b-9e03-44d5-a3ca-c23ddf45dd24"", ""derivatives/dandiset-001475/sub-RMBE112m1/sub-RMBE112m1_ses-2b2F8_ephys/pipeline-aind+ephys/version-v1.2.2_codebase-v0.3.25_params-1cbdbee_config-0d4bf36_attempt-1/logs/trace.txt"": ""3414eb60-216a-41e5-a346-957d222632fe""}"	2026-09-08T18:22:25.451842-04:00	2026-09-08T18:22:26.784973-04:00
001475	sub-RMBE112m1/sub-RMBE112m1_ses-2b2F8_ephys.nwb	aind+ephys	v1.2.2	1cbdbee	0d4bf36	1	v0.3.27	ae55d852-4804-4e4c-bf73-e209aedd39e5	2726160	True	True	False	True	"{""derivatives/dandiset-001475/sub-RMBE112m1/sub-RMBE112m1_ses-2b2F8_ephys/pipeline-aind+ephys/version-v1.2.2_codebase-v0.3.27_params-1cbdbee_config-0d4bf36_attempt-1/dataset_description.json"": ""02c504be-face-4f82-bd33-4ad3fa3ec114""}"		"{""derivatives/dandiset-001475/sub-RMBE112m1/sub-RMBE112m1_ses-2b2F8_ephys/pipeline-aind+ephys/version-v1.2.2_codebase-v0.3.27_params-1cbdbee_config-0d4bf36_attempt-1/logs/dag.html"": ""374d93d6-f54a-49e3-9bd4-23cc49c2e489"", ""derivatives/dandiset-001475/sub-RMBE112m1/sub-RMBE112m1_ses-2b2F8_ephys/pipeline-aind+ephys/version-v1.2.2_codebase-v0.3.27_params-1cbdbee_config-0d4bf36_attempt-1/logs/job-15878791_slurm.log"": ""a52b0bd6-83ae-465d-9386-4b06a3370585"", ""derivatives/dandiset-001475/sub-RMBE112m1/sub-RMBE112m1_ses-2b2F8_ephys/pipeline-aind+ephys/version-v1.2.2_codebase-v0.3.27_params-1cbdbee_config-0d4bf36_attempt-1/logs/nextflow.log"": ""30196c04-073c-4059-983c-84228ad4b1d6"", ""derivatives/dandiset-001475/sub-RMBE112m1/sub-RMBE112m1_ses-2b2F8_ephys/pipeline-aind+ephys/version-v1.2.2_codebase-v0.3.27_params-1cbdbee_config-0d4bf36_attempt-1/logs/report.html"": ""cddb9f21-44cf-4ed4-819b-8c7efa4b2f0c"", ""derivatives/dandiset-001475/sub-RMBE112m1/sub-RMBE112m1_ses-2b2F8_ephys/pipeline-aind+ephys/version-v1.2.2_codebase-v0.3.27_params-1cbdbee_config-0d4bf36_attempt-1/logs/timeline.html"": ""33b06b4d-9c19-47d7-b4b8-62b24611122d"", ""derivatives/dandiset-001475/sub-RMBE112m1/sub-RMBE112m1_ses-2b2F8_ephys/pipeline-aind+ephys/version-v1.2.2_codebase-v0.3.27_params-1cbdbee_config-0d4bf36_attempt-1/logs/trace.txt"": ""b7db93ca-545d-4e07-aa46-d5db8ad31acd""}"	2026-09-08T18:22:37.610221-04:00	2026-09-08T18:22:39.045447-04:00
001475	sub-RMBE112m1/sub-RMBE112m1_ses-2b2F8_ephys.nwb	aind+ephys	v1.2.2	1cbdbee	7940dfd	1	v0.3.28	ae55d852-4804-4e4c-bf73-e209aedd39e5	2726160	True	True	False	True	"{""derivatives/dandiset-001475/sub-RMBE112m1/sub-RMBE112m1_ses-2b2F8_ephys/pipeline-aind+ephys/version-v1.2.2_codebase-v0.3.28_params-1cbdbee_config-7940dfd_attempt-1/dataset_description.json"": ""44f48499-c1d8-468a-9669-2969a2e77bec""}"		"{""derivatives/dandiset-001475/sub-RMBE112m1/sub-RMBE112m1_ses-2b2F8_ephys/pipeline-aind+ephys/version-v1.2.2_codebase-v0.3.28_params-1cbdbee_config-7940dfd_attempt-1/logs/dag.html"": ""374d93d6-f54a-49e3-9bd4-23cc49c2e489"", ""derivatives/dandiset-001475/sub-RMBE112m1/sub-RMBE112m1_ses-2b2F8_ephys/pipeline-aind+ephys/version-v1.2.2_codebase-v0.3.28_params-1cbdbee_config-7940dfd_attempt-1/logs/job-15878793_slurm.log"": ""0ef9d5c4-7b80-4108-a149-ff1b4734c375"", ""derivatives/dandiset-001475/sub-RMBE112m1/sub-RMBE112m1_ses-2b2F8_ephys/pipeline-aind+ephys/version-v1.2.2_codebase-v0.3.28_params-1cbdbee_config-7940dfd_attempt-1/logs/nextflow.log"": ""13ae3ccf-9ad5-45c3-9c76-ecf96ae31df5"", ""derivatives/dandiset-001475/sub-RMBE112m1/sub-RMBE112m1_ses-2b2F8_ephys/pipeline-aind+ephys/version-v1.2.2_codebase-v0.3.28_params-1cbdbee_config-7940dfd_attempt-1/logs/report.html"": ""536e5210-a3cb-40b1-b791-8204a5b8e66e"", ""derivatives/dandiset-001475/sub-RMBE112m1/sub-RMBE112m1_ses-2b2F8_ephys/pipeline-aind+ephys/version-v1.2.2_codebase-v0.3.28_params-1cbdbee_config-7940dfd_attempt-1/logs/timeline.html"": ""39d8d80e-eb39-4b8c-9af8-d876018dc569"", ""derivatives/dandiset-001475/sub-RMBE112m1/sub-RMBE112m1_ses-2b2F8_ephys/pipeline-aind+ephys/version-v1.2.2_codebase-v0.3.28_params-1cbdbee_config-7940dfd_attempt-1/logs/trace.txt"": ""bf42d258-ca63-4074-b365-115d19468b6d""}"	2026-09-08T18:22:51.545462-04:00	2026-09-08T18:22:53.084587-04:00
001475	sub-RMBE112m1/sub-RMBE112m1_ses-2b2F8_ephys.nwb	aind+ephys	v1.2.2	1cbdbee	7940dfd	2	v0.3.28	ae55d852-4804-4e4c-bf73-e209aedd39e5	2726160	True	True	False	True	"{""derivatives/dandiset-001475/sub-RMBE112m1/sub-RMBE112m1_ses-2b2F8_ephys/pipeline-aind+ephys/version-v1.2.2_codebase-v0.3.28_params-1cbdbee_config-7940dfd_attempt-2/dataset_description.json"": ""44f48499-c1d8-468a-9669-2969a2e77bec""}"		"{""derivatives/dandiset-001475/sub-RMBE112m1/sub-RMBE112m1_ses-2b2F8_ephys/pipeline-aind+ephys/version-v1.2.2_codebase-v0.3.28_params-1cbdbee_config-7940dfd_attempt-2/logs/dag.html"": ""374d93d6-f54a-49e3-9bd4-23cc49c2e489"", ""derivatives/dandiset-001475/sub-RMBE112m1/sub-RMBE112m1_ses-2b2F8_ephys/pipeline-aind+ephys/version-v1.2.2_codebase-v0.3.28_params-1cbdbee_config-7940dfd_attempt-2/logs/job-15878801_slurm.log"": ""b66ecd11-4320-4593-a4bb-d39674d2db35"", ""derivatives/dandiset-001475/sub-RMBE112m1/sub-RMBE112m1_ses-2b2F8_ephys/pipeline-aind+ephys/version-v1.2.2_codebase-v0.3.28_params-1cbdbee_config-7940dfd_attempt-2/logs/nextflow.log"": ""92ac51b7-be42-4f62-b6f3-1facde9b6769"", ""derivatives/dandiset-001475/sub-RMBE112m1/sub-RMBE112m1_ses-2b2F8_ephys/pipeline-aind+ephys/version-v1.2.2_codebase-v0.3.28_params-1cbdbee_config-7940dfd_attempt-2/logs/report.html"": ""63ba0cfb-8ed1-4bc5-99d5-c914e43a7c11"", ""derivatives/dandiset-001475/sub-RMBE112m1/sub-RMBE112m1_ses-2b2F8_ephys/pipeline-aind+ephys/version-v1.2.2_codebase-v0.3.28_params-1cbdbee_config-7940dfd_attempt-2/logs/timeline.html"": ""6e98ef8f-c8f8-49bd-acb7-08efcfc97f55"", ""derivatives/dandiset-001475/sub-RMBE112m1/sub-RMBE112m1_ses-2b2F8_ephys/pipeline-aind+ephys/version-v1.2.2_codebase-v0.3.28_params-1cbdbee_config-7940dfd_attempt-2/logs/trace.txt"": ""726fd15f-4420-4fa7-a620-d7ea18accb4e""}"	2026-09-08T18:24:10.071554-04:00	2026-09-08T18:24:11.445616-04:00
001475	sub-RMBE112m1/sub-RMBE112m1_ses-2b2F8_ephys.nwb	aind+ephys	v1.2.2	1cbdbee	7940dfd	3	v0.3.28	ae55d852-4804-4e4c-bf73-e209aedd39e5	2726160	True	True	False	True	"{""derivatives/dandiset-001475/sub-RMBE112m1/sub-RMBE112m1_ses-2b2F8_ephys/pipeline-aind+ephys/version-v1.2.2_codebase-v0.3.28_params-1cbdbee_config-7940dfd_attempt-3/dataset_description.json"": ""44f48499-c1d8-468a-9669-2969a2e77bec""}"		"{""derivatives/dandiset-001475/sub-RMBE112m1/sub-RMBE112m1_ses-2b2F8_ephys/pipeline-aind+ephys/version-v1.2.2_codebase-v0.3.28_params-1cbdbee_config-7940dfd_attempt-3/logs/dag.html"": ""374d93d6-f54a-49e3-9bd4-23cc49c2e489"", ""derivatives/dandiset-001475/sub-RMBE112m1/sub-RMBE112m1_ses-2b2F8_ephys/pipeline-aind+ephys/version-v1.2.2_codebase-v0.3.28_params-1cbdbee_config-7940dfd_attempt-3/logs/job-15879206_slurm.log"": ""8ff39554-1fd0-4163-8eb8-f54fa673f07e"", ""derivatives/dandiset-001475/sub-RMBE112m1/sub-RMBE112m1_ses-2b2F8_ephys/pipeline-aind+ephys/version-v1.2.2_codebase-v0.3.28_params-1cbdbee_config-7940dfd_attempt-3/logs/nextflow.log"": ""373eae0a-4dbf-4e1a-a8f1-d1e79f10842d"", ""derivatives/dandiset-001475/sub-RMBE112m1/sub-RMBE112m1_ses-2b2F8_ephys/pipeline-aind+ephys/version-v1.2.2_codebase-v0.3.28_params-1cbdbee_config-7940dfd_attempt-3/logs/report.html"": ""24216c19-db3a-4089-85a0-4736d10322f3"", ""derivatives/dandiset-001475/sub-RMBE112m1/sub-RMBE112m1_ses-2b2F8_ephys/pipeline-aind+ephys/version-v1.2.2_codebase-v0.3.28_params-1cbdbee_config-7940dfd_attempt-3/logs/timeline.html"": ""4f00471f-496f-4c4c-8f30-78df2be78731"", ""derivatives/dandiset-001475/sub-RMBE112m1/sub-RMBE112m1_ses-2b2F8_ephys/pipeline-aind+ephys/version-v1.2.2_codebase-v0.3.28_params-1cbdbee_config-7940dfd_attempt-3/logs/trace.txt"": ""b46e4824-0bd3-4cfc-926d-99531fcc899f""}"	2026-09-08T18:24:23.056343-04:00	2026-09-08T18:24:24.302117-04:00
001603	sub-HO2/sub-HO2_ses-20250926T121245_ecephys.nwb	aind+ephys	v1.2.4	1cbdbee	7940dfd	1	v0.3.43	340e67dc-214e-4aa2-a7b4-dc18607ece88	2273144092	True	True	False	True	"{""derivatives/dandiset-001603/sub-HO2/sub-HO2_ses-20250926T121245_ecephys/pipeline-aind+ephys/version-v1.2.4_codebase-v0.3.43_params-1cbdbee_config-7940dfd_attempt-1/dataset_description.json"": ""f02370f6-ad31-4086-aecd-f589c8a96886""}"		"{""derivatives/dandiset-001603/sub-HO2/sub-HO2_ses-20250926T121245_ecephys/pipeline-aind+ephys/version-v1.2.4_codebase-v0.3.43_params-1cbdbee_config-7940dfd_attempt-1/logs/dag.html"": ""374d93d6-f54a-49e3-9bd4-23cc49c2e489"", ""derivatives/dandiset-001603/sub-HO2/sub-HO2_ses-20250926T121245_ecephys/pipeline-aind+ephys/version-v1.2.4_codebase-v0.3.43_params-1cbdbee_config-7940dfd_attempt-1/logs/job-16339607_slurm.log"": ""2e47b888-e8db-49f0-8cba-c22041a5995e"", ""derivatives/dandiset-001603/sub-HO2/sub-HO2_ses-20250926T121245_ecephys/pipeline-aind+ephys/version-v1.2.4_codebase-v0.3.43_params-1cbdbee_config-7940dfd_attempt-1/logs/nextflow.log"": ""6637aab5-5071-47ec-a231-28056e8757f4"", ""derivatives/dandiset-001603/sub-HO2/sub-HO2_ses-20250926T121245_ecephys/pipeline-aind+ephys/version-v1.2.4_codebase-v0.3.43_params-1cbdbee_config-7940dfd_attempt-1/logs/report.html"": ""1ef3dead-9d4e-4fef-8e4d-02660e38c85d"", ""derivatives/dandiset-001603/sub-HO2/sub-HO2_ses-20250926T121245_ecephys/pipeline-aind+ephys/version-v1.2.4_codebase-v0.3.43_params-1cbdbee_config-7940dfd_attempt-1/logs/timeline.html"": ""ce958aff-9ef2-4248-84d0-0513b1f1d88b"", ""derivatives/dandiset-001603/sub-HO2/sub-HO2_ses-20250926T121245_ecephys/pipeline-aind+ephys/version-v1.2.4_codebase-v0.3.43_params-1cbdbee_config-7940dfd_attempt-1/logs/trace.txt"": ""32c6a346-9b45-4e23-b820-cf4ba721665c""}"	2026-09-08T18:24:37.559625-04:00	2026-09-08T18:24:39.445858-04:00
001603	sub-HO2/sub-HO2_ses-20250926T121245_ecephys.nwb	aind+ephys	v1.2.4	1cbdbee	7940dfd	1	v0.3.46	340e67dc-214e-4aa2-a7b4-dc18607ece88	2273144092	True	True	False	True	"{""derivatives/dandiset-001603/sub-HO2/sub-HO2_ses-20250926T121245_ecephys/pipeline-aind+ephys/version-v1.2.4_codebase-v0.3.46_params-1cbdbee_config-7940dfd_attempt-1/dataset_description.json"": ""49a3c7e5-f1b8-4729-99e8-138ad777957b""}"		"{""derivatives/dandiset-001603/sub-HO2/sub-HO2_ses-20250926T121245_ecephys/pipeline-aind+ephys/version-v1.2.4_codebase-v0.3.46_params-1cbdbee_config-7940dfd_attempt-1/logs/dag.html"": ""374d93d6-f54a-49e3-9bd4-23cc49c2e489"", ""derivatives/dandiset-001603/sub-HO2/sub-HO2_ses-20250926T121245_ecephys/pipeline-aind+ephys/version-v1.2.4_codebase-v0.3.46_params-1cbdbee_config-7940dfd_attempt-1/logs/job-17265209_slurm.log"": ""4febe604-10a8-428f-b4af-668990d80391"", ""derivatives/dandiset-001603/sub-HO2/sub-HO2_ses-20250926T121245_ecephys/pipeline-aind+ephys/version-v1.2.4_codebase-v0.3.46_params-1cbdbee_config-7940dfd_attempt-1/logs/nextflow.log"": ""37b2627b-c24d-4590-9db5-2afde35c7c3a"", ""derivatives/dandiset-001603/sub-HO2/sub-HO2_ses-20250926T121245_ecephys/pipeline-aind+ephys/version-v1.2.4_codebase-v0.3.46_params-1cbdbee_config-7940dfd_attempt-1/logs/report.html"": ""7f8420d6-1d0f-4b37-b1dd-701bd32b996b"", ""derivatives/dandiset-001603/sub-HO2/sub-HO2_ses-20250926T121245_ecephys/pipeline-aind+ephys/version-v1.2.4_codebase-v0.3.46_params-1cbdbee_config-7940dfd_attempt-1/logs/timeline.html"": ""131a7405-fe7f-4a82-9e51-0fc43671ba9a"", ""derivatives/dandiset-001603/sub-HO2/sub-HO2_ses-20250926T121245_ecephys/pipeline-aind+ephys/version-v1.2.4_codebase-v0.3.46_params-1cbdbee_config-7940dfd_attempt-1/logs/trace.txt"": ""a4467590-3e9b-4b94-96d8-4dc1cbe795ab""}"	2026-09-08T18:24:52.749570-04:00	2026-09-08T18:24:54.454722-04:00
001603	sub-HO2/sub-HO2_ses-20250926T121245_ecephys.nwb	aind+ephys	v1.2.4	1cbdbee	7940dfd	2	v0.3.46	340e67dc-214e-4aa2-a7b4-dc18607ece88	2273144092	True	True	False	True	"{""derivatives/dandiset-001603/sub-HO2/sub-HO2_ses-20250926T121245_ecephys/pipeline-aind+ephys/version-v1.2.4_codebase-v0.3.46_params-1cbdbee_config-7940dfd_attempt-2/dataset_description.json"": ""49a3c7e5-f1b8-4729-99e8-138ad777957b""}"		"{""derivatives/dandiset-001603/sub-HO2/sub-HO2_ses-20250926T121245_ecephys/pipeline-aind+ephys/version-v1.2.4_codebase-v0.3.46_params-1cbdbee_config-7940dfd_attempt-2/logs/dag.html"": ""374d93d6-f54a-49e3-9bd4-23cc49c2e489"", ""derivatives/dandiset-001603/sub-HO2/sub-HO2_ses-20250926T121245_ecephys/pipeline-aind+ephys/version-v1.2.4_codebase-v0.3.46_params-1cbdbee_config-7940dfd_attempt-2/logs/job-17265211_slurm.log"": ""6d8432bf-8971-4526-97b2-45ed6dccef40"", ""derivatives/dandiset-001603/sub-HO2/sub-HO2_ses-20250926T121245_ecephys/pipeline-aind+ephys/version-v1.2.4_codebase-v0.3.46_params-1cbdbee_config-7940dfd_attempt-2/logs/nextflow.log"": ""e17ef792-ea36-45fb-a26f-521ee7ab734d"", ""derivatives/dandiset-001603/sub-HO2/sub-HO2_ses-20250926T121245_ecephys/pipeline-aind+ephys/version-v1.2.4_codebase-v0.3.46_params-1cbdbee_config-7940dfd_attempt-2/logs/report.html"": ""3415fbca-0b46-4a60-add2-be5f76043169"", ""derivatives/dandiset-001603/sub-HO2/sub-HO2_ses-20250926T121245_ecephys/pipeline-aind+ephys/version-v1.2.4_codebase-v0.3.46_params-1cbdbee_config-7940dfd_attempt-2/logs/timeline.html"": ""07cd292f-257f-44ca-9642-6aecdc77c8d1"", ""derivatives/dandiset-001603/sub-HO2/sub-HO2_ses-20250926T121245_ecephys/pipeline-aind+ephys/version-v1.2.4_codebase-v0.3.46_params-1cbdbee_config-7940dfd_attempt-2/logs/trace.txt"": ""661e0ba7-e7b0-494f-8041-9bce05e3df34""}"	2026-09-08T18:25:05.929047-04:00	2026-09-08T18:25:07.274397-04:00
001603	sub-HO2/sub-HO2_ses-20250926T121245_ecephys.nwb	aind+ephys	v1.2.4	1cbdbee	7940dfd	3	v0.3.46	340e67dc-214e-4aa2-a7b4-dc18607ece88	2273144092	True	True	False	True	"{""derivatives/dandiset-001603/sub-HO2/sub-HO2_ses-20250926T121245_ecephys/pipeline-aind+ephys/version-v1.2.4_codebase-v0.3.46_params-1cbdbee_config-7940dfd_attempt-3/dataset_description.json"": ""49a3c7e5-f1b8-4729-99e8-138ad777957b""}"		"{""derivatives/dandiset-001603/sub-HO2/sub-HO2_ses-20250926T121245_ecephys/pipeline-aind+ephys/version-v1.2.4_codebase-v0.3.46_params-1cbdbee_config-7940dfd_attempt-3/logs/dag.html"": ""374d93d6-f54a-49e3-9bd4-23cc49c2e489"", ""derivatives/dandiset-001603/sub-HO2/sub-HO2_ses-20250926T121245_ecephys/pipeline-aind+ephys/version-v1.2.4_codebase-v0.3.46_params-1cbdbee_config-7940dfd_attempt-3/logs/job-17266137_slurm.log"": ""d1dfe3b7-af0d-4576-a4a6-a84110d08f14"", ""derivatives/dandiset-001603/sub-HO2/sub-HO2_ses-20250926T121245_ecephys/pipeline-aind+ephys/version-v1.2.4_codebase-v0.3.46_params-1cbdbee_config-7940dfd_attempt-3/logs/nextflow.log"": ""9ad0e06b-e055-44fa-aa51-21b1de22b465"", ""derivatives/dandiset-001603/sub-HO2/sub-HO2_ses-20250926T121245_ecephys/pipeline-aind+ephys/version-v1.2.4_codebase-v0.3.46_params-1cbdbee_config-7940dfd_attempt-3/logs/report.html"": ""b13798e4-fc7e-415a-b6a1-6dc70b7f94c6"", ""derivatives/dandiset-001603/sub-HO2/sub-HO2_ses-20250926T121245_ecephys/pipeline-aind+ephys/version-v1.2.4_codebase-v0.3.46_params-1cbdbee_config-7940dfd_attempt-3/logs/timeline.html"": ""f197bc7b-2899-49f4-89fd-beb5dc30f840"", ""derivatives/dandiset-001603/sub-HO2/sub-HO2_ses-20250926T121245_ecephys/pipeline-aind+ephys/version-v1.2.4_codebase-v0.3.46_params-1cbdbee_config-7940dfd_attempt-3/logs/trace.txt"": ""252e2607-a713-4e01-ae58-f9a8b03d68f0""}"	2026-09-08T18:25:19.340380-04:00	2026-09-08T18:25:20.974492-04:00
001603	sub-HO3/sub-HO3_ses-20250924T011903_ecephys.nwb	aind+ephys	v1.2.4	1cbdbee	7940dfd	1	v0.3.46	ed147459-23d0-489a-aaa8-306941446f48	2354063415	True	True	False	True	"{""derivatives/dandiset-001603/sub-HO3/sub-HO3_ses-20250924T011903_ecephys/pipeline-aind+ephys/version-v1.2.4_codebase-v0.3.46_params-1cbdbee_config-7940dfd_attempt-1/dataset_description.json"": ""49a3c7e5-f1b8-4729-99e8-138ad777957b""}"		"{""derivatives/dandiset-001603/sub-HO3/sub-HO3_ses-20250924T011903_ecephys/pipeline-aind+ephys/version-v1.2.4_codebase-v0.3.46_params-1cbdbee_config-7940dfd_attempt-1/logs/dag.html"": ""374d93d6-f54a-49e3-9bd4-23cc49c2e489"", ""derivatives/dandiset-001603/sub-HO3/sub-HO3_ses-20250924T011903_ecephys/pipeline-aind+ephys/version-v1.2.4_codebase-v0.3.46_params-1cbdbee_config-7940dfd_attempt-1/logs/job-17266138_slurm.log"": ""fd8b838d-4760-4a81-8337-788ca078a66f"", ""derivatives/dandiset-001603/sub-HO3/sub-HO3_ses-20250924T011903_ecephys/pipeline-aind+ephys/version-v1.2.4_codebase-v0.3.46_params-1cbdbee_config-7940dfd_attempt-1/logs/nextflow.log"": ""859bdd75-3500-4736-9bde-7e2195186c00"", ""derivatives/dandiset-001603/sub-HO3/sub-HO3_ses-20250924T011903_ecephys/pipeline-aind+ephys/version-v1.2.4_codebase-v0.3.46_params-1cbdbee_config-7940dfd_attempt-1/logs/report.html"": ""2d5ac6ae-f192-413b-97bd-1c0e06159284"", ""derivatives/dandiset-001603/sub-HO3/sub-HO3_ses-20250924T011903_ecephys/pipeline-aind+ephys/version-v1.2.4_codebase-v0.3.46_params-1cbdbee_config-7940dfd_attempt-1/logs/timeline.html"": ""311fe067-caf8-450c-bd6e-a755ed5563e6"", ""derivatives/dandiset-001603/sub-HO3/sub-HO3_ses-20250924T011903_ecephys/pipeline-aind+ephys/version-v1.2.4_codebase-v0.3.46_params-1cbdbee_config-7940dfd_attempt-1/logs/trace.txt"": ""71184bc0-e5ec-45a0-9029-7a191d2a32a2""}"	2026-09-08T18:25:34.058507-04:00	2026-09-08T18:25:35.418532-04:00
001603	sub-HO3/sub-HO3_ses-20250924T011903_ecephys.nwb	aind+ephys	v1.2.4	1cbdbee	7940dfd	2	v0.3.46	ed147459-23d0-489a-aaa8-306941446f48	2354063415	True	True	False	True	"{""derivatives/dandiset-001603/sub-HO3/sub-HO3_ses-20250924T011903_ecephys/pipeline-aind+ephys/version-v1.2.4_codebase-v0.3.46_params-1cbdbee_config-7940dfd_attempt-2/dataset_description.json"": ""49a3c7e5-f1b8-4729-99e8-138ad777957b""}"		"{""derivatives/dandiset-001603/sub-HO3/sub-HO3_ses-20250924T011903_ecephys/pipeline-aind+ephys/version-v1.2.4_codebase-v0.3.46_params-1cbdbee_config-7940dfd_attempt-2/logs/dag.html"": ""374d93d6-f54a-49e3-9bd4-23cc49c2e489"", ""derivatives/dandiset-001603/sub-HO3/sub-HO3_ses-20250924T011903_ecephys/pipeline-aind+ephys/version-v1.2.4_codebase-v0.3.46_params-1cbdbee_config-7940dfd_attempt-2/logs/job-17267083_slurm.log"": ""8aeae40d-580b-4dd5-861d-ec751ef42e44"", ""derivatives/dandiset-001603/sub-HO3/sub-HO3_ses-20250924T011903_ecephys/pipeline-aind+ephys/version-v1.2.4_codebase-v0.3.46_params-1cbdbee_config-7940dfd_attempt-2/logs/nextflow.log"": ""ed4abca8-cde1-4f14-8c31-1661532dcdce"", ""derivatives/dandiset-001603/sub-HO3/sub-HO3_ses-20250924T011903_ecephys/pipeline-aind+ephys/version-v1.2.4_codebase-v0.3.46_params-1cbdbee_config-7940dfd_attempt-2/logs/report.html"": ""f6fcccf6-542f-406c-8da1-703d2eac87de"", ""derivatives/dandiset-001603/sub-HO3/sub-HO3_ses-20250924T011903_ecephys/pipeline-aind+ephys/version-v1.2.4_codebase-v0.3.46_params-1cbdbee_config-7940dfd_attempt-2/logs/timeline.html"": ""5e0468e2-f708-498b-98bb-a8a141c2ccd5"", ""derivatives/dandiset-001603/sub-HO3/sub-HO3_ses-20250924T011903_ecephys/pipeline-aind+ephys/version-v1.2.4_codebase-v0.3.46_params-1cbdbee_config-7940dfd_attempt-2/logs/trace.txt"": ""f0d900a7-55a4-4126-b747-4cfef7446044""}"	2026-09-08T18:25:46.547210-04:00	2026-09-08T18:25:47.930175-04:00
001603	sub-M3S1/sub-M3S1_ses-20250924T012016_ecephys.nwb	aind+ephys	v1.2.4	1cbdbee	7940dfd	1	v0.3.42	0cf4683d-c205-483b-bd47-547e6066d804	13123405116	True	True	False	True	"{""derivatives/dandiset-001603/sub-M3S1/sub-M3S1_ses-20250924T012016_ecephys/pipeline-aind+ephys/version-v1.2.4_codebase-v0.3.42_params-1cbdbee_config-7940dfd_attempt-1/dataset_description.json"": ""39986b10-de1c-4877-b7c7-8d937c0fadf5""}"		"{""derivatives/dandiset-001603/sub-M3S1/sub-M3S1_ses-20250924T012016_ecephys/pipeline-aind+ephys/version-v1.2.4_codebase-v0.3.42_params-1cbdbee_config-7940dfd_attempt-1/logs/job-16257566_slurm.log"": ""67bd3f03-1d73-4cda-8999-9cbadf3b7da8"", ""derivatives/dandiset-001603/sub-M3S1/sub-M3S1_ses-20250924T012016_ecephys/pipeline-aind+ephys/version-v1.2.4_codebase-v0.3.42_params-1cbdbee_config-7940dfd_attempt-1/logs/nextflow.log"": ""0b7a3857-bda9-4346-b8b9-078a70840780""}"	2026-06-22T16:46:37.353309-04:00	2026-06-22T16:46:37.803943-04:00
001603	sub-M3S2/sub-M3S2_ses-20250924T012228_ecephys.nwb	aind+ephys	v1.2.2	1cbdbee	7940dfd	1	v0.3.28	17a3ceae-5903-41ae-a271-ba63742610ba	28009870351	True	True	False	True	"{""derivatives/dandiset-001603/sub-M3S2/sub-M3S2_ses-20250924T012228_ecephys/pipeline-aind+ephys/version-v1.2.2_codebase-v0.3.28_params-1cbdbee_config-7940dfd_attempt-1/dataset_description.json"": ""0104b839-aea6-4cb2-a0ee-9a241644b041""}"		"{""derivatives/dandiset-001603/sub-M3S2/sub-M3S2_ses-20250924T012228_ecephys/pipeline-aind+ephys/version-v1.2.2_codebase-v0.3.28_params-1cbdbee_config-7940dfd_attempt-1/logs/dag.html"": ""374d93d6-f54a-49e3-9bd4-23cc49c2e489"", ""derivatives/dandiset-001603/sub-M3S2/sub-M3S2_ses-20250924T012228_ecephys/pipeline-aind+ephys/version-v1.2.2_codebase-v0.3.28_params-1cbdbee_config-7940dfd_attempt-1/logs/job-15879207_slurm.log"": ""175ecb0f-3dcb-492c-be42-d7d76358f2c4"", ""derivatives/dandiset-001603/sub-M3S2/sub-M3S2_ses-20250924T012228_ecephys/pipeline-aind+ephys/version-v1.2.2_codebase-v0.3.28_params-1cbdbee_config-7940dfd_attempt-1/logs/nextflow.log"": ""1b04c498-f374-48ee-b0ce-7f348dae3a34"", ""derivatives/dandiset-001603/sub-M3S2/sub-M3S2_ses-20250924T012228_ecephys/pipeline-aind+ephys/version-v1.2.2_codebase-v0.3.28_params-1cbdbee_config-7940dfd_attempt-1/logs/report.html"": ""11220c95-eb04-49cc-84f8-a16a12f5cfc5"", ""derivatives/dandiset-001603/sub-M3S2/sub-M3S2_ses-20250924T012228_ecephys/pipeline-aind+ephys/version-v1.2.2_codebase-v0.3.28_params-1cbdbee_config-7940dfd_attempt-1/logs/timeline.html"": ""2e827a76-56bc-4d3c-9968-4ad5f2197f3d"", ""derivatives/dandiset-001603/sub-M3S2/sub-M3S2_ses-20250924T012228_ecephys/pipeline-aind+ephys/version-v1.2.2_codebase-v0.3.28_params-1cbdbee_config-7940dfd_attempt-1/logs/trace.txt"": ""77993d41-a15a-40ce-9510-07298f9e9222""}"	2026-09-08T18:25:58.934916-04:00	2026-09-08T18:26:00.529683-04:00
001603	sub-MO10/sub-MO10_ses-20250924T011941_ecephys.nwb	aind+ephys	v1.2.2	1cbdbee	7940dfd	1	v0.3.34	0178eeb1-6e4a-4694-b38b-f48b3e52a4e3	7512410939	True	True	False	True	"{""derivatives/dandiset-001603/sub-MO10/sub-MO10_ses-20250924T011941_ecephys/pipeline-aind+ephys/version-v1.2.2_codebase-v0.3.34_params-1cbdbee_config-7940dfd_attempt-1/dataset_description.json"": ""eff6ee9c-1238-4119-88a5-11dbe1038961""}"		"{""derivatives/dandiset-001603/sub-MO10/sub-MO10_ses-20250924T011941_ecephys/pipeline-aind+ephys/version-v1.2.2_codebase-v0.3.34_params-1cbdbee_config-7940dfd_attempt-1/logs/dag.html"": ""374d93d6-f54a-49e3-9bd4-23cc49c2e489"", ""derivatives/dandiset-001603/sub-MO10/sub-MO10_ses-20250924T011941_ecephys/pipeline-aind+ephys/version-v1.2.2_codebase-v0.3.34_params-1cbdbee_config-7940dfd_attempt-1/logs/job-15897631_slurm.log"": ""b26e6a45-e075-4888-be04-4d91ace8b519"", ""derivatives/dandiset-001603/sub-MO10/sub-MO10_ses-20250924T011941_ecephys/pipeline-aind+ephys/version-v1.2.2_codebase-v0.3.34_params-1cbdbee_config-7940dfd_attempt-1/logs/nextflow.log"": ""94034900-d17a-4ca9-900e-46cdecf9e656"", ""derivatives/dandiset-001603/sub-MO10/sub-MO10_ses-20250924T011941_ecephys/pipeline-aind+ephys/version-v1.2.2_codebase-v0.3.34_params-1cbdbee_config-7940dfd_attempt-1/logs/report.html"": ""e760ecf5-91f7-46aa-878d-abdae38f4555"", ""derivatives/dandiset-001603/sub-MO10/sub-MO10_ses-20250924T011941_ecephys/pipeline-aind+ephys/version-v1.2.2_codebase-v0.3.34_params-1cbdbee_config-7940dfd_attempt-1/logs/timeline.html"": ""72dd4a7e-4114-4718-8a28-68233733204b"", ""derivatives/dandiset-001603/sub-MO10/sub-MO10_ses-20250924T011941_ecephys/pipeline-aind+ephys/version-v1.2.2_codebase-v0.3.34_params-1cbdbee_config-7940dfd_attempt-1/logs/trace.txt"": ""72162791-7acb-4b8e-aef4-665e34a0dd11""}"	2026-09-08T18:26:12.825201-04:00	2026-09-08T18:26:14.440061-04:00
001603	sub-MO10/sub-MO10_ses-20250924T011945_ecephys.nwb	aind+ephys	v1.2.2	1cbdbee	7940dfd	1	v0.3.28	6d60b290-c983-4b2d-8959-d90eea476015	7677640948	True	True	False	True	"{""derivatives/dandiset-001603/sub-MO10/sub-MO10_ses-20250924T011945_ecephys/pipeline-aind+ephys/version-v1.2.2_codebase-v0.3.28_params-1cbdbee_config-7940dfd_attempt-1/dataset_description.json"": ""0104b839-aea6-4cb2-a0ee-9a241644b041""}"		"{""derivatives/dandiset-001603/sub-MO10/sub-MO10_ses-20250924T011945_ecephys/pipeline-aind+ephys/version-v1.2.2_codebase-v0.3.28_params-1cbdbee_config-7940dfd_attempt-1/logs/dag.html"": ""374d93d6-f54a-49e3-9bd4-23cc49c2e489"", ""derivatives/dandiset-001603/sub-MO10/sub-MO10_ses-20250924T011945_ecephys/pipeline-aind+ephys/version-v1.2.2_codebase-v0.3.28_params-1cbdbee_config-7940dfd_attempt-1/logs/job-15879211_slurm.log"": ""9973f9ec-9718-4610-8ec8-5bed9c5565cb"", ""derivatives/dandiset-001603/sub-MO10/sub-MO10_ses-20250924T011945_ecephys/pipeline-aind+ephys/version-v1.2.2_codebase-v0.3.28_params-1cbdbee_config-7940dfd_attempt-1/logs/nextflow.log"": ""ec5d3b18-20f9-4a77-b007-81206e4f9f90"", ""derivatives/dandiset-001603/sub-MO10/sub-MO10_ses-20250924T011945_ecephys/pipeline-aind+ephys/version-v1.2.2_codebase-v0.3.28_params-1cbdbee_config-7940dfd_attempt-1/logs/report.html"": ""b9642b55-9e7f-442d-8fdd-598746ad011d"", ""derivatives/dandiset-001603/sub-MO10/sub-MO10_ses-20250924T011945_ecephys/pipeline-aind+ephys/version-v1.2.2_codebase-v0.3.28_params-1cbdbee_config-7940dfd_attempt-1/logs/timeline.html"": ""370ca93d-5bfd-4499-baee-ee781740ae86"", ""derivatives/dandiset-001603/sub-MO10/sub-MO10_ses-20250924T011945_ecephys/pipeline-aind+ephys/version-v1.2.2_codebase-v0.3.28_params-1cbdbee_config-7940dfd_attempt-1/logs/trace.txt"": ""5ba91ba3-285f-4ed4-b86b-c856a178fb63""}"	2026-09-08T18:26:25.756759-04:00	2026-09-08T18:26:27.364716-04:00
001603	sub-MO11/sub-MO11_ses-20250924T011954_ecephys.nwb	aind+ephys	v1.2.2	1cbdbee	7940dfd	1	v0.3.34	8a89944e-72be-4887-9cb9-c19ece908824	7647602999	True	True	False	True	"{""derivatives/dandiset-001603/sub-MO11/sub-MO11_ses-20250924T011954_ecephys/pipeline-aind+ephys/version-v1.2.2_codebase-v0.3.34_params-1cbdbee_config-7940dfd_attempt-1/dataset_description.json"": ""eff6ee9c-1238-4119-88a5-11dbe1038961""}"		"{""derivatives/dandiset-001603/sub-MO11/sub-MO11_ses-20250924T011954_ecephys/pipeline-aind+ephys/version-v1.2.2_codebase-v0.3.34_params-1cbdbee_config-7940dfd_attempt-1/logs/dag.html"": ""374d93d6-f54a-49e3-9bd4-23cc49c2e489"", ""derivatives/dandiset-001603/sub-MO11/sub-MO11_ses-20250924T011954_ecephys/pipeline-aind+ephys/version-v1.2.2_codebase-v0.3.34_params-1cbdbee_config-7940dfd_attempt-1/logs/job-15948247_slurm.log"": ""63d5cf34-c56b-487a-b638-f4d4000e7843"", ""derivatives/dandiset-001603/sub-MO11/sub-MO11_ses-20250924T011954_ecephys/pipeline-aind+ephys/version-v1.2.2_codebase-v0.3.34_params-1cbdbee_config-7940dfd_attempt-1/logs/nextflow.log"": ""39638478-9804-4428-8222-7e816f595a7e"", ""derivatives/dandiset-001603/sub-MO11/sub-MO11_ses-20250924T011954_ecephys/pipeline-aind+ephys/version-v1.2.2_codebase-v0.3.34_params-1cbdbee_config-7940dfd_attempt-1/logs/report.html"": ""e15c7a6f-d52d-4367-9355-16a0358266a7"", ""derivatives/dandiset-001603/sub-MO11/sub-MO11_ses-20250924T011954_ecephys/pipeline-aind+ephys/version-v1.2.2_codebase-v0.3.34_params-1cbdbee_config-7940dfd_attempt-1/logs/timeline.html"": ""cda3e312-0156-42ea-9c21-8f08a39b3c17"", ""derivatives/dandiset-001603/sub-MO11/sub-MO11_ses-20250924T011954_ecephys/pipeline-aind+ephys/version-v1.2.2_codebase-v0.3.34_params-1cbdbee_config-7940dfd_attempt-1/logs/trace.txt"": ""149718fc-adec-46f1-97b2-7d10a731c5bc""}"	2026-09-08T18:26:39.481953-04:00	2026-09-08T18:26:41.064377-04:00
001603	sub-MO11/sub-MO11_ses-20250924T012255_ecephys.nwb	aind+ephys	v1.2.2	1cbdbee	0d4bf36	1	v0.3.27	6643d542-b68a-4ca2-8741-0f48e9920dc5	8058162931	True	True	False	True	"{""derivatives/dandiset-001603/sub-MO11/sub-MO11_ses-20250924T012255_ecephys/pipeline-aind+ephys/version-v1.2.2_codebase-v0.3.27_params-1cbdbee_config-0d4bf36_attempt-1/dataset_description.json"": ""9ae601c9-820f-4359-bbcf-f928d0a491c2""}"		"{""derivatives/dandiset-001603/sub-MO11/sub-MO11_ses-20250924T012255_ecephys/pipeline-aind+ephys/version-v1.2.2_codebase-v0.3.27_params-1cbdbee_config-0d4bf36_attempt-1/logs/dag.html"": ""374d93d6-f54a-49e3-9bd4-23cc49c2e489"", ""derivatives/dandiset-001603/sub-MO11/sub-MO11_ses-20250924T012255_ecephys/pipeline-aind+ephys/version-v1.2.2_codebase-v0.3.27_params-1cbdbee_config-0d4bf36_attempt-1/logs/job-15879215_slurm.log"": ""e45c167d-461b-4eb3-9c1e-67c0f41a64fb"", ""derivatives/dandiset-001603/sub-MO11/sub-MO11_ses-20250924T012255_ecephys/pipeline-aind+ephys/version-v1.2.2_codebase-v0.3.27_params-1cbdbee_config-0d4bf36_attempt-1/logs/nextflow.log"": ""2e641dd9-c0c8-47ba-9a4e-4d075d86648a"", ""derivatives/dandiset-001603/sub-MO11/sub-MO11_ses-20250924T012255_ecephys/pipeline-aind+ephys/version-v1.2.2_codebase-v0.3.27_params-1cbdbee_config-0d4bf36_attempt-1/logs/report.html"": ""d67cae1d-2427-4a89-b968-29e59aaae2ff"", ""derivatives/dandiset-001603/sub-MO11/sub-MO11_ses-20250924T012255_ecephys/pipeline-aind+ephys/version-v1.2.2_codebase-v0.3.27_params-1cbdbee_config-0d4bf36_attempt-1/logs/timeline.html"": ""9a111ed1-668a-4328-91cd-c0783fdb6b91"", ""derivatives/dandiset-001603/sub-MO11/sub-MO11_ses-20250924T012255_ecephys/pipeline-aind+ephys/version-v1.2.2_codebase-v0.3.27_params-1cbdbee_config-0d4bf36_attempt-1/logs/trace.txt"": ""360838d2-f1a8-4b4e-8a33-85df0090b026""}"	2026-09-08T18:26:54.703285-04:00	2026-09-08T18:26:56.278899-04:00
001603	sub-MO12/sub-MO12_ses-20250924T011948_ecephys.nwb	aind+ephys	v1.2.4	1cbdbee	7940dfd	1	v0.3.42	28ffe5c5-2176-4074-90d0-8c51e0d1e52a	6025227275	True	True	False	True	"{""derivatives/dandiset-001603/sub-MO12/sub-MO12_ses-20250924T011948_ecephys/pipeline-aind+ephys/version-v1.2.4_codebase-v0.3.42_params-1cbdbee_config-7940dfd_attempt-1/dataset_description.json"": ""39986b10-de1c-4877-b7c7-8d937c0fadf5""}"		"{""derivatives/dandiset-001603/sub-MO12/sub-MO12_ses-20250924T011948_ecephys/pipeline-aind+ephys/version-v1.2.4_codebase-v0.3.42_params-1cbdbee_config-7940dfd_attempt-1/logs/job-16239418_slurm.log"": ""32ddbe2e-2261-4505-8111-604493b270c2"", ""derivatives/dandiset-001603/sub-MO12/sub-MO12_ses-20250924T011948_ecephys/pipeline-aind+ephys/version-v1.2.4_codebase-v0.3.42_params-1cbdbee_config-7940dfd_attempt-1/logs/nextflow.log"": ""b8a57e30-2bcf-4ad5-bd63-6464bbac1718""}"	2026-06-22T16:47:02.494056-04:00	2026-06-22T16:47:02.903359-04:00
001603	sub-MO9/sub-MO9_ses-20250924T011924_ecephys.nwb	aind+ephys	v1.2.4	1cbdbee	7940dfd	1	v0.3.42	17703948-c2de-4133-a16d-78fc88e167ec	8588736621	True	True	False	True	"{""derivatives/dandiset-001603/sub-MO9/sub-MO9_ses-20250924T011924_ecephys/pipeline-aind+ephys/version-v1.2.4_codebase-v0.3.42_params-1cbdbee_config-7940dfd_attempt-1/dataset_description.json"": ""39986b10-de1c-4877-b7c7-8d937c0fadf5""}"		"{""derivatives/dandiset-001603/sub-MO9/sub-MO9_ses-20250924T011924_ecephys/pipeline-aind+ephys/version-v1.2.4_codebase-v0.3.42_params-1cbdbee_config-7940dfd_attempt-1/logs/job-16218604_slurm.log"": ""fe52c8c7-9cbb-46a6-bbc6-e36f1f031594"", ""derivatives/dandiset-001603/sub-MO9/sub-MO9_ses-20250924T011924_ecephys/pipeline-aind+ephys/version-v1.2.4_codebase-v0.3.42_params-1cbdbee_config-7940dfd_attempt-1/logs/nextflow.log"": ""5202bb97-9740-4339-b885-dd82bcf79bfc""}"	2026-06-22T16:47:31.639179-04:00	2026-06-22T16:47:32.066225-04:00
001603	sub-MO9/sub-MO9_ses-20250924T011924_ecephys.nwb	aind+ephys	v1.2.4	1cbdbee	7940dfd	1	v0.3.46	17703948-c2de-4133-a16d-78fc88e167ec	8588736621	True	True	False	True	"{""derivatives/dandiset-001603/sub-MO9/sub-MO9_ses-20250924T011924_ecephys/pipeline-aind+ephys/version-v1.2.4_codebase-v0.3.46_params-1cbdbee_config-7940dfd_attempt-1/dataset_description.json"": ""49a3c7e5-f1b8-4729-99e8-138ad777957b""}"		"{""derivatives/dandiset-001603/sub-MO9/sub-MO9_ses-20250924T011924_ecephys/pipeline-aind+ephys/version-v1.2.4_codebase-v0.3.46_params-1cbdbee_config-7940dfd_attempt-1/logs/dag.html"": ""374d93d6-f54a-49e3-9bd4-23cc49c2e489"", ""derivatives/dandiset-001603/sub-MO9/sub-MO9_ses-20250924T011924_ecephys/pipeline-aind+ephys/version-v1.2.4_codebase-v0.3.46_params-1cbdbee_config-7940dfd_attempt-1/logs/job-17272572_slurm.log"": ""5a3024c6-5c66-48a6-a1d2-33871257805f"", ""derivatives/dandiset-001603/sub-MO9/sub-MO9_ses-20250924T011924_ecephys/pipeline-aind+ephys/version-v1.2.4_codebase-v0.3.46_params-1cbdbee_config-7940dfd_attempt-1/logs/nextflow.log"": ""f65bd871-2794-4c79-9f46-e7e51b072204"", ""derivatives/dandiset-001603/sub-MO9/sub-MO9_ses-20250924T011924_ecephys/pipeline-aind+ephys/version-v1.2.4_codebase-v0.3.46_params-1cbdbee_config-7940dfd_attempt-1/logs/report.html"": ""a9697ff1-6310-48df-8823-1df60c1c9d05"", ""derivatives/dandiset-001603/sub-MO9/sub-MO9_ses-20250924T011924_ecephys/pipeline-aind+ephys/version-v1.2.4_codebase-v0.3.46_params-1cbdbee_config-7940dfd_attempt-1/logs/timeline.html"": ""688469c5-df6b-4c94-8188-9fb85e57f67b"", ""derivatives/dandiset-001603/sub-MO9/sub-MO9_ses-20250924T011924_ecephys/pipeline-aind+ephys/version-v1.2.4_codebase-v0.3.46_params-1cbdbee_config-7940dfd_attempt-1/logs/trace.txt"": ""4e8ebd9a-ca66-4606-a4da-82398b9107b3""}"	2026-09-08T18:27:08.095047-04:00	2026-09-08T18:27:09.567769-04:00
001640	sub-Adalberto/Adalberto2021-09-01_19-11-52.nwb	aind+ephys	v1.2.4	1cbdbee	7940dfd	1	v0.3.49	4d9ef9bd-6dfd-4dae-be8e-f11207263218	4341515788	True	True	False	True	"{""derivatives/dandiset-001640/sub-Adalberto/Adalberto2021-09-01_19-11-52/pipeline-aind+ephys/version-v1.2.4_codebase-v0.3.49_params-1cbdbee_config-7940dfd_attempt-1/dataset_description.json"": ""49eebff0-7ab7-46cf-be95-3a4a29840513""}"		"{""derivatives/dandiset-001640/sub-Adalberto/Adalberto2021-09-01_19-11-52/pipeline-aind+ephys/version-v1.2.4_codebase-v0.3.49_params-1cbdbee_config-7940dfd_attempt-1/logs/dag.html"": ""374d93d6-f54a-49e3-9bd4-23cc49c2e489"", ""derivatives/dandiset-001640/sub-Adalberto/Adalberto2021-09-01_19-11-52/pipeline-aind+ephys/version-v1.2.4_codebase-v0.3.49_params-1cbdbee_config-7940dfd_attempt-1/logs/job-17737548_slurm.log"": ""472fe217-118d-4733-a9aa-35701314629f"", ""derivatives/dandiset-001640/sub-Adalberto/Adalberto2021-09-01_19-11-52/pipeline-aind+ephys/version-v1.2.4_codebase-v0.3.49_params-1cbdbee_config-7940dfd_attempt-1/logs/nextflow.log"": ""3bfbebb8-d7ee-409b-b320-54535b5ff9ea"", ""derivatives/dandiset-001640/sub-Adalberto/Adalberto2021-09-01_19-11-52/pipeline-aind+ephys/version-v1.2.4_codebase-v0.3.49_params-1cbdbee_config-7940dfd_attempt-1/logs/report.html"": ""01d1ad8d-f9bf-40b6-8519-d112744fdd32"", ""derivatives/dandiset-001640/sub-Adalberto/Adalberto2021-09-01_19-11-52/pipeline-aind+ephys/version-v1.2.4_codebase-v0.3.49_params-1cbdbee_config-7940dfd_attempt-1/logs/timeline.html"": ""d02d8d23-d64b-44ed-86ee-c74406b7216d"", ""derivatives/dandiset-001640/sub-Adalberto/Adalberto2021-09-01_19-11-52/pipeline-aind+ephys/version-v1.2.4_codebase-v0.3.49_params-1cbdbee_config-7940dfd_attempt-1/logs/trace.txt"": ""3001ab17-7f99-400f-aa56-bb28032ce1ab""}"	2026-09-08T18:27:23.425564-04:00	2026-09-08T18:27:25.268191-04:00
001640	sub-Adalberto/Adalberto2021-09-12_17-58-37.nwb	aind+ephys	v1.2.2	1cbdbee	0d4bf36	1	v0.3.27	fa8f020a-a397-4e3d-a517-dc6fa08d5730	4048069851	True	True	False	True	"{""derivatives/dandiset-001640/sub-Adalberto/Adalberto2021-09-12_17-58-37/pipeline-aind+ephys/version-v1.2.2_codebase-v0.3.27_params-1cbdbee_config-0d4bf36_attempt-1/dataset_description.json"": ""416472d1-bcce-46f9-b299-855d0dfdf7ee""}"		"{""derivatives/dandiset-001640/sub-Adalberto/Adalberto2021-09-12_17-58-37/pipeline-aind+ephys/version-v1.2.2_codebase-v0.3.27_params-1cbdbee_config-0d4bf36_attempt-1/logs/dag.html"": ""374d93d6-f54a-49e3-9bd4-23cc49c2e489"", ""derivatives/dandiset-001640/sub-Adalberto/Adalberto2021-09-12_17-58-37/pipeline-aind+ephys/version-v1.2.2_codebase-v0.3.27_params-1cbdbee_config-0d4bf36_attempt-1/logs/job-15879222_slurm.log"": ""82b7345c-e370-4132-8f83-08fb37f46d90"", ""derivatives/dandiset-001640/sub-Adalberto/Adalberto2021-09-12_17-58-37/pipeline-aind+ephys/version-v1.2.2_codebase-v0.3.27_params-1cbdbee_config-0d4bf36_attempt-1/logs/nextflow.log"": ""da4d2efa-4ac4-4b50-8cc1-920b20affcb3"", ""derivatives/dandiset-001640/sub-Adalberto/Adalberto2021-09-12_17-58-37/pipeline-aind+ephys/version-v1.2.2_codebase-v0.3.27_params-1cbdbee_config-0d4bf36_attempt-1/logs/report.html"": ""9aef8e63-95e0-48dc-8e0a-64701054d53f"", ""derivatives/dandiset-001640/sub-Adalberto/Adalberto2021-09-12_17-58-37/pipeline-aind+ephys/version-v1.2.2_codebase-v0.3.27_params-1cbdbee_config-0d4bf36_attempt-1/logs/timeline.html"": ""51dfa4a5-4fc1-454c-be8c-5f44bae6d8bb"", ""derivatives/dandiset-001640/sub-Adalberto/Adalberto2021-09-12_17-58-37/pipeline-aind+ephys/version-v1.2.2_codebase-v0.3.27_params-1cbdbee_config-0d4bf36_attempt-1/logs/trace.txt"": ""4a5d6b73-2624-474c-942e-89f819a90b56""}"	2026-09-08T18:27:40.093082-04:00	2026-09-08T18:27:41.756177-04:00
001640	sub-Adalberto/Adalberto2021-09-17_16-33-42.nwb	aind+ephys	v1.2.4	1cbdbee	7940dfd	1	v0.3.49	090142c1-b0ce-4016-9134-094612f202b2	2496182167	True	True	False	True	"{""derivatives/dandiset-001640/sub-Adalberto/Adalberto2021-09-17_16-33-42/pipeline-aind+ephys/version-v1.2.4_codebase-v0.3.49_params-1cbdbee_config-7940dfd_attempt-1/dataset_description.json"": ""49eebff0-7ab7-46cf-be95-3a4a29840513""}"		"{""derivatives/dandiset-001640/sub-Adalberto/Adalberto2021-09-17_16-33-42/pipeline-aind+ephys/version-v1.2.4_codebase-v0.3.49_params-1cbdbee_config-7940dfd_attempt-1/logs/dag.html"": ""374d93d6-f54a-49e3-9bd4-23cc49c2e489"", ""derivatives/dandiset-001640/sub-Adalberto/Adalberto2021-09-17_16-33-42/pipeline-aind+ephys/version-v1.2.4_codebase-v0.3.49_params-1cbdbee_config-7940dfd_attempt-1/logs/job-18599280_slurm.log"": ""b870f31e-bcc0-4f82-8adb-51a742718b20"", ""derivatives/dandiset-001640/sub-Adalberto/Adalberto2021-09-17_16-33-42/pipeline-aind+ephys/version-v1.2.4_codebase-v0.3.49_params-1cbdbee_config-7940dfd_attempt-1/logs/nextflow.log"": ""d6a4c558-d5ca-4fc5-be16-1369fd724407"", ""derivatives/dandiset-001640/sub-Adalberto/Adalberto2021-09-17_16-33-42/pipeline-aind+ephys/version-v1.2.4_codebase-v0.3.49_params-1cbdbee_config-7940dfd_attempt-1/logs/report.html"": ""b92998ca-82ca-4fb8-8a63-936115cb1d11"", ""derivatives/dandiset-001640/sub-Adalberto/Adalberto2021-09-17_16-33-42/pipeline-aind+ephys/version-v1.2.4_codebase-v0.3.49_params-1cbdbee_config-7940dfd_attempt-1/logs/timeline.html"": ""10972825-0f0c-4f2d-bb89-0647fb08018e"", ""derivatives/dandiset-001640/sub-Adalberto/Adalberto2021-09-17_16-33-42/pipeline-aind+ephys/version-v1.2.4_codebase-v0.3.49_params-1cbdbee_config-7940dfd_attempt-1/logs/trace.txt"": ""14ba43c1-bdca-4e4a-8c0f-3206e555d6d0""}"	2026-09-08T18:27:55.227698-04:00	2026-09-08T18:27:56.834273-04:00
001640	sub-Adalberto/Adalberto2021-10-08_21-09-44.nwb	aind+ephys	v1.2.4	1cbdbee	7940dfd	1	v0.3.49	03b2ebd9-4df3-46c9-87be-d7737d93aca5	2450688912	True	True	False	True	"{""derivatives/dandiset-001640/sub-Adalberto/Adalberto2021-10-08_21-09-44/pipeline-aind+ephys/version-v1.2.4_codebase-v0.3.49_params-1cbdbee_config-7940dfd_attempt-1/dataset_description.json"": ""49eebff0-7ab7-46cf-be95-3a4a29840513""}"		"{""derivatives/dandiset-001640/sub-Adalberto/Adalberto2021-10-08_21-09-44/pipeline-aind+ephys/version-v1.2.4_codebase-v0.3.49_params-1cbdbee_config-7940dfd_attempt-1/logs/dag.html"": ""374d93d6-f54a-49e3-9bd4-23cc49c2e489"", ""derivatives/dandiset-001640/sub-Adalberto/Adalberto2021-10-08_21-09-44/pipeline-aind+ephys/version-v1.2.4_codebase-v0.3.49_params-1cbdbee_config-7940dfd_attempt-1/logs/job-17963339_slurm.log"": ""2c768f4b-199a-4cf6-933e-592897f1f72f"", ""derivatives/dandiset-001640/sub-Adalberto/Adalberto2021-10-08_21-09-44/pipeline-aind+ephys/version-v1.2.4_codebase-v0.3.49_params-1cbdbee_config-7940dfd_attempt-1/logs/nextflow.log"": ""764acd72-99c8-4920-a2e5-4ce416d9b9e2"", ""derivatives/dandiset-001640/sub-Adalberto/Adalberto2021-10-08_21-09-44/pipeline-aind+ephys/version-v1.2.4_codebase-v0.3.49_params-1cbdbee_config-7940dfd_attempt-1/logs/report.html"": ""1961e264-3de8-4f7d-a64e-70cccb85485d"", ""derivatives/dandiset-001640/sub-Adalberto/Adalberto2021-10-08_21-09-44/pipeline-aind+ephys/version-v1.2.4_codebase-v0.3.49_params-1cbdbee_config-7940dfd_attempt-1/logs/timeline.html"": ""bdabbaae-a0cf-45f8-b219-fdeea8445586"", ""derivatives/dandiset-001640/sub-Adalberto/Adalberto2021-10-08_21-09-44/pipeline-aind+ephys/version-v1.2.4_codebase-v0.3.49_params-1cbdbee_config-7940dfd_attempt-1/logs/trace.txt"": ""808e017b-5b63-4b98-8fa4-8262146ab252""}"	2026-09-08T18:28:07.899403-04:00	2026-09-08T18:28:09.467530-04:00
001640	sub-Arnold/Arnold2021-09-26_15-36-58.nwb	aind+ephys	v1.2.4	1cbdbee	7940dfd	1	v0.3.49	c1416279-f638-400f-94e0-bf8f6c5d8cd1	3075121651	True	True	False	True	"{""derivatives/dandiset-001640/sub-Arnold/Arnold2021-09-26_15-36-58/pipeline-aind+ephys/version-v1.2.4_codebase-v0.3.49_params-1cbdbee_config-7940dfd_attempt-1/dataset_description.json"": ""49eebff0-7ab7-46cf-be95-3a4a29840513""}"		"{""derivatives/dandiset-001640/sub-Arnold/Arnold2021-09-26_15-36-58/pipeline-aind+ephys/version-v1.2.4_codebase-v0.3.49_params-1cbdbee_config-7940dfd_attempt-1/logs/dag.html"": ""374d93d6-f54a-49e3-9bd4-23cc49c2e489"", ""derivatives/dandiset-001640/sub-Arnold/Arnold2021-09-26_15-36-58/pipeline-aind+ephys/version-v1.2.4_codebase-v0.3.49_params-1cbdbee_config-7940dfd_attempt-1/logs/job-18731501_slurm.log"": ""37efc9e7-0b04-474a-acef-aaedd2c38b55"", ""derivatives/dandiset-001640/sub-Arnold/Arnold2021-09-26_15-36-58/pipeline-aind+ephys/version-v1.2.4_codebase-v0.3.49_params-1cbdbee_config-7940dfd_attempt-1/logs/nextflow.log"": ""d738c6e5-583e-4b48-96ff-75b480d907e2"", ""derivatives/dandiset-001640/sub-Arnold/Arnold2021-09-26_15-36-58/pipeline-aind+ephys/version-v1.2.4_codebase-v0.3.49_params-1cbdbee_config-7940dfd_attempt-1/logs/report.html"": ""78bf25ef-5a63-44cc-8ae4-16c88b343c40"", ""derivatives/dandiset-001640/sub-Arnold/Arnold2021-09-26_15-36-58/pipeline-aind+ephys/version-v1.2.4_codebase-v0.3.49_params-1cbdbee_config-7940dfd_attempt-1/logs/timeline.html"": ""26b5a25d-fa78-41c1-9613-4e7548ef7d49"", ""derivatives/dandiset-001640/sub-Arnold/Arnold2021-09-26_15-36-58/pipeline-aind+ephys/version-v1.2.4_codebase-v0.3.49_params-1cbdbee_config-7940dfd_attempt-1/logs/trace.txt"": ""8bf693d8-b431-45c1-815e-c29d07d433a0""}"	2026-09-08T18:28:20.705218-04:00	2026-09-08T18:28:22.439060-04:00
001640	sub-Arnold/Arnold2021-10-01_18-50-22.nwb	aind+ephys	v1.2.4	1cbdbee	7940dfd	1	v0.3.49	b9337f8a-e446-48eb-82c1-a6b7951293c4	10887561342	True	True	False	True	"{""derivatives/dandiset-001640/sub-Arnold/Arnold2021-10-01_18-50-22/pipeline-aind+ephys/version-v1.2.4_codebase-v0.3.49_params-1cbdbee_config-7940dfd_attempt-1/dataset_description.json"": ""49eebff0-7ab7-46cf-be95-3a4a29840513""}"		"{""derivatives/dandiset-001640/sub-Arnold/Arnold2021-10-01_18-50-22/pipeline-aind+ephys/version-v1.2.4_codebase-v0.3.49_params-1cbdbee_config-7940dfd_attempt-1/logs/dag.html"": ""374d93d6-f54a-49e3-9bd4-23cc49c2e489"", ""derivatives/dandiset-001640/sub-Arnold/Arnold2021-10-01_18-50-22/pipeline-aind+ephys/version-v1.2.4_codebase-v0.3.49_params-1cbdbee_config-7940dfd_attempt-1/logs/job-17640930_slurm.log"": ""ba182c84-bcc7-4c80-852e-d6c764508467"", ""derivatives/dandiset-001640/sub-Arnold/Arnold2021-10-01_18-50-22/pipeline-aind+ephys/version-v1.2.4_codebase-v0.3.49_params-1cbdbee_config-7940dfd_attempt-1/logs/nextflow.log"": ""923aaa68-2cd6-48af-9bdd-7ed73fe417b2"", ""derivatives/dandiset-001640/sub-Arnold/Arnold2021-10-01_18-50-22/pipeline-aind+ephys/version-v1.2.4_codebase-v0.3.49_params-1cbdbee_config-7940dfd_attempt-1/logs/report.html"": ""a576dfb7-34fd-49a6-b56a-08241be8ef23"", ""derivatives/dandiset-001640/sub-Arnold/Arnold2021-10-01_18-50-22/pipeline-aind+ephys/version-v1.2.4_codebase-v0.3.49_params-1cbdbee_config-7940dfd_attempt-1/logs/timeline.html"": ""058900c0-7228-4d15-960b-34fd81cd7f70"", ""derivatives/dandiset-001640/sub-Arnold/Arnold2021-10-01_18-50-22/pipeline-aind+ephys/version-v1.2.4_codebase-v0.3.49_params-1cbdbee_config-7940dfd_attempt-1/logs/trace.txt"": ""06f9dc2e-be17-449a-b802-e1c8f44f8777""}"	2026-09-08T18:28:33.178971-04:00	2026-09-08T18:28:34.510511-04:00
001640	sub-Arnold/Arnold2021-10-02_14-03-31.nwb	aind+ephys	v1.2.2	1cbdbee	7940dfd	1	v0.3.28	3365e00b-4709-49c6-8d1d-700d52eb36cf	6938841666	True	True	False	True	"{""derivatives/dandiset-001640/sub-Arnold/Arnold2021-10-02_14-03-31/pipeline-aind+ephys/version-v1.2.2_codebase-v0.3.28_params-1cbdbee_config-7940dfd_attempt-1/dataset_description.json"": ""c98f3f58-9650-4bfb-b1e0-199e6cd2b0b5""}"		"{""derivatives/dandiset-001640/sub-Arnold/Arnold2021-10-02_14-03-31/pipeline-aind+ephys/version-v1.2.2_codebase-v0.3.28_params-1cbdbee_config-7940dfd_attempt-1/logs/dag.html"": ""374d93d6-f54a-49e3-9bd4-23cc49c2e489"", ""derivatives/dandiset-001640/sub-Arnold/Arnold2021-10-02_14-03-31/pipeline-aind+ephys/version-v1.2.2_codebase-v0.3.28_params-1cbdbee_config-7940dfd_attempt-1/logs/job-15880087_slurm.log"": ""f779a9d9-73cd-47c6-9956-1fcc16d59624"", ""derivatives/dandiset-001640/sub-Arnold/Arnold2021-10-02_14-03-31/pipeline-aind+ephys/version-v1.2.2_codebase-v0.3.28_params-1cbdbee_config-7940dfd_attempt-1/logs/nextflow.log"": ""06bcffe0-3159-4a4f-af76-c2a36281628e"", ""derivatives/dandiset-001640/sub-Arnold/Arnold2021-10-02_14-03-31/pipeline-aind+ephys/version-v1.2.2_codebase-v0.3.28_params-1cbdbee_config-7940dfd_attempt-1/logs/report.html"": ""1e25366c-fdf3-4b2a-bf67-3e010c79eed8"", ""derivatives/dandiset-001640/sub-Arnold/Arnold2021-10-02_14-03-31/pipeline-aind+ephys/version-v1.2.2_codebase-v0.3.28_params-1cbdbee_config-7940dfd_attempt-1/logs/timeline.html"": ""d40a66f0-67b0-4e9a-81ef-240698849fd9"", ""derivatives/dandiset-001640/sub-Arnold/Arnold2021-10-02_14-03-31/pipeline-aind+ephys/version-v1.2.2_codebase-v0.3.28_params-1cbdbee_config-7940dfd_attempt-1/logs/trace.txt"": ""a3ff5fc2-51da-4586-b029-47cc2d3d7dbe""}"	2026-09-08T18:28:45.158174-04:00	2026-09-08T18:28:46.560819-04:00
001640	sub-Augustin/Augustin2021-10-06_19-48-57.nwb	aind+ephys	v1.2.4	1cbdbee	7940dfd	1	v0.3.49	15050c9b-69fd-4628-aef0-9a104fc30fa2	2978979431	True	True	False	True	"{""derivatives/dandiset-001640/sub-Augustin/Augustin2021-10-06_19-48-57/pipeline-aind+ephys/version-v1.2.4_codebase-v0.3.49_params-1cbdbee_config-7940dfd_attempt-1/dataset_description.json"": ""49eebff0-7ab7-46cf-be95-3a4a29840513""}"		"{""derivatives/dandiset-001640/sub-Augustin/Augustin2021-10-06_19-48-57/pipeline-aind+ephys/version-v1.2.4_codebase-v0.3.49_params-1cbdbee_config-7940dfd_attempt-1/logs/dag.html"": ""374d93d6-f54a-49e3-9bd4-23cc49c2e489"", ""derivatives/dandiset-001640/sub-Augustin/Augustin2021-10-06_19-48-57/pipeline-aind+ephys/version-v1.2.4_codebase-v0.3.49_params-1cbdbee_config-7940dfd_attempt-1/logs/job-17869528_slurm.log"": ""8b036b4f-ff96-4c20-8cf4-640c355eca1e"", ""derivatives/dandiset-001640/sub-Augustin/Augustin2021-10-06_19-48-57/pipeline-aind+ephys/version-v1.2.4_codebase-v0.3.49_params-1cbdbee_config-7940dfd_attempt-1/logs/nextflow.log"": ""9b64c2f3-4f44-4ad8-88bb-ee312bac1a8d"", ""derivatives/dandiset-001640/sub-Augustin/Augustin2021-10-06_19-48-57/pipeline-aind+ephys/version-v1.2.4_codebase-v0.3.49_params-1cbdbee_config-7940dfd_attempt-1/logs/report.html"": ""6e97177c-9009-4223-aecb-9c6dbac9e865"", ""derivatives/dandiset-001640/sub-Augustin/Augustin2021-10-06_19-48-57/pipeline-aind+ephys/version-v1.2.4_codebase-v0.3.49_params-1cbdbee_config-7940dfd_attempt-1/logs/timeline.html"": ""11fae7f3-7d86-4b3e-b8c4-d354a612eee7"", ""derivatives/dandiset-001640/sub-Augustin/Augustin2021-10-06_19-48-57/pipeline-aind+ephys/version-v1.2.4_codebase-v0.3.49_params-1cbdbee_config-7940dfd_attempt-1/logs/trace.txt"": ""5bb5151f-94aa-464d-8781-85eb9233fc36""}"	2026-09-08T18:28:58.529365-04:00	2026-09-08T18:28:59.996172-04:00
001640	sub-Augustin/Augustin2021-10-12_19-23-45.nwb	aind+ephys	v1.2.4	1cbdbee	7940dfd	1	v0.3.49	80cd4457-4f2b-43d2-a224-7cc06bf9b328	3900943615	True	True	False	True	"{""derivatives/dandiset-001640/sub-Augustin/Augustin2021-10-12_19-23-45/pipeline-aind+ephys/version-v1.2.4_codebase-v0.3.49_params-1cbdbee_config-7940dfd_attempt-1/dataset_description.json"": ""49eebff0-7ab7-46cf-be95-3a4a29840513""}"		"{""derivatives/dandiset-001640/sub-Augustin/Augustin2021-10-12_19-23-45/pipeline-aind+ephys/version-v1.2.4_codebase-v0.3.49_params-1cbdbee_config-7940dfd_attempt-1/logs/dag.html"": ""374d93d6-f54a-49e3-9bd4-23cc49c2e489"", ""derivatives/dandiset-001640/sub-Augustin/Augustin2021-10-12_19-23-45/pipeline-aind+ephys/version-v1.2.4_codebase-v0.3.49_params-1cbdbee_config-7940dfd_attempt-1/logs/job-17641842_slurm.log"": ""7427cba6-2740-44f6-bc3d-951d5f4c5337"", ""derivatives/dandiset-001640/sub-Augustin/Augustin2021-10-12_19-23-45/pipeline-aind+ephys/version-v1.2.4_codebase-v0.3.49_params-1cbdbee_config-7940dfd_attempt-1/logs/nextflow.log"": ""bc78bb18-8b4b-4616-83bb-f3baea820934"", ""derivatives/dandiset-001640/sub-Augustin/Augustin2021-10-12_19-23-45/pipeline-aind+ephys/version-v1.2.4_codebase-v0.3.49_params-1cbdbee_config-7940dfd_attempt-1/logs/report.html"": ""05130e8d-4f5c-44f2-b160-cb029bbeb3d3"", ""derivatives/dandiset-001640/sub-Augustin/Augustin2021-10-12_19-23-45/pipeline-aind+ephys/version-v1.2.4_codebase-v0.3.49_params-1cbdbee_config-7940dfd_attempt-1/logs/timeline.html"": ""b082fb4b-b755-4d56-88ec-86ac4a556b48"", ""derivatives/dandiset-001640/sub-Augustin/Augustin2021-10-12_19-23-45/pipeline-aind+ephys/version-v1.2.4_codebase-v0.3.49_params-1cbdbee_config-7940dfd_attempt-1/logs/trace.txt"": ""928e898a-82b0-49e0-902d-0332c45832f3""}"	2026-09-08T18:29:11.264235-04:00	2026-09-08T18:29:12.776392-04:00
001640	sub-Augustin/Augustin2021-10-12_19-23-45.nwb	aind+ephys	v1.2.4	1cbdbee	7940dfd	2	v0.3.49	80cd4457-4f2b-43d2-a224-7cc06bf9b328	3900943615	True	True	False	True	"{""derivatives/dandiset-001640/sub-Augustin/Augustin2021-10-12_19-23-45/pipeline-aind+ephys/version-v1.2.4_codebase-v0.3.49_params-1cbdbee_config-7940dfd_attempt-2/dataset_description.json"": ""49eebff0-7ab7-46cf-be95-3a4a29840513""}"		"{""derivatives/dandiset-001640/sub-Augustin/Augustin2021-10-12_19-23-45/pipeline-aind+ephys/version-v1.2.4_codebase-v0.3.49_params-1cbdbee_config-7940dfd_attempt-2/logs/dag.html"": ""374d93d6-f54a-49e3-9bd4-23cc49c2e489"", ""derivatives/dandiset-001640/sub-Augustin/Augustin2021-10-12_19-23-45/pipeline-aind+ephys/version-v1.2.4_codebase-v0.3.49_params-1cbdbee_config-7940dfd_attempt-2/logs/job-17664328_slurm.log"": ""278a5386-e762-4758-b0ff-57719556d0c3"", ""derivatives/dandiset-001640/sub-Augustin/Augustin2021-10-12_19-23-45/pipeline-aind+ephys/version-v1.2.4_codebase-v0.3.49_params-1cbdbee_config-7940dfd_attempt-2/logs/nextflow.log"": ""e0d2723f-418a-4600-83a0-f1743f760aad"", ""derivatives/dandiset-001640/sub-Augustin/Augustin2021-10-12_19-23-45/pipeline-aind+ephys/version-v1.2.4_codebase-v0.3.49_params-1cbdbee_config-7940dfd_attempt-2/logs/report.html"": ""dab87b00-6cc4-4b07-a4bd-4d80505d7372"", ""derivatives/dandiset-001640/sub-Augustin/Augustin2021-10-12_19-23-45/pipeline-aind+ephys/version-v1.2.4_codebase-v0.3.49_params-1cbdbee_config-7940dfd_attempt-2/logs/timeline.html"": ""ac58ab4f-ceb8-401e-8334-db61fc561b90"", ""derivatives/dandiset-001640/sub-Augustin/Augustin2021-10-12_19-23-45/pipeline-aind+ephys/version-v1.2.4_codebase-v0.3.49_params-1cbdbee_config-7940dfd_attempt-2/logs/trace.txt"": ""d790d17d-c91a-400a-aa50-c46fcc93231a""}"	2026-09-08T18:29:23.468512-04:00	2026-09-08T18:29:24.726880-04:00
001640	sub-Barto/Barto2022-08-16_13-07-23.nwb	aind+ephys	v1.2.4	1cbdbee	7940dfd	1	v0.3.49	be8c305b-1d9e-463b-9cb5-34d676162f45	7790157822	True	True	False	True	"{""derivatives/dandiset-001640/sub-Barto/Barto2022-08-16_13-07-23/pipeline-aind+ephys/version-v1.2.4_codebase-v0.3.49_params-1cbdbee_config-7940dfd_attempt-1/dataset_description.json"": ""49eebff0-7ab7-46cf-be95-3a4a29840513""}"		"{""derivatives/dandiset-001640/sub-Barto/Barto2022-08-16_13-07-23/pipeline-aind+ephys/version-v1.2.4_codebase-v0.3.49_params-1cbdbee_config-7940dfd_attempt-1/logs/dag.html"": ""374d93d6-f54a-49e3-9bd4-23cc49c2e489"", ""derivatives/dandiset-001640/sub-Barto/Barto2022-08-16_13-07-23/pipeline-aind+ephys/version-v1.2.4_codebase-v0.3.49_params-1cbdbee_config-7940dfd_attempt-1/logs/job-18304284_slurm.log"": ""69fb6be5-1d4e-4f17-99d4-41ff4bea9495"", ""derivatives/dandiset-001640/sub-Barto/Barto2022-08-16_13-07-23/pipeline-aind+ephys/version-v1.2.4_codebase-v0.3.49_params-1cbdbee_config-7940dfd_attempt-1/logs/nextflow.log"": ""537ba1d5-0685-44eb-9e8d-5ec3e4c9c28e"", ""derivatives/dandiset-001640/sub-Barto/Barto2022-08-16_13-07-23/pipeline-aind+ephys/version-v1.2.4_codebase-v0.3.49_params-1cbdbee_config-7940dfd_attempt-1/logs/report.html"": ""afb07ee8-4dee-4f49-bef0-6128aa5ba8a4"", ""derivatives/dandiset-001640/sub-Barto/Barto2022-08-16_13-07-23/pipeline-aind+ephys/version-v1.2.4_codebase-v0.3.49_params-1cbdbee_config-7940dfd_attempt-1/logs/timeline.html"": ""136627cb-abcf-47ec-94d9-13fa21112da6"", ""derivatives/dandiset-001640/sub-Barto/Barto2022-08-16_13-07-23/pipeline-aind+ephys/version-v1.2.4_codebase-v0.3.49_params-1cbdbee_config-7940dfd_attempt-1/logs/trace.txt"": ""0ede9b54-63d6-48c3-97d6-a72ea7c48e80""}"	2026-09-08T18:29:36.903193-04:00	2026-09-08T18:29:38.276018-04:00
001640	sub-Barto/Barto2022-08-23_12-53-41.nwb	aind+ephys	v1.2.4	1cbdbee	7940dfd	1	v0.3.49	a5692e10-6c9f-42ca-b05d-19ad917736ce	6306273216	True	True	False	True	"{""derivatives/dandiset-001640/sub-Barto/Barto2022-08-23_12-53-41/pipeline-aind+ephys/version-v1.2.4_codebase-v0.3.49_params-1cbdbee_config-7940dfd_attempt-1/dataset_description.json"": ""49eebff0-7ab7-46cf-be95-3a4a29840513""}"		"{""derivatives/dandiset-001640/sub-Barto/Barto2022-08-23_12-53-41/pipeline-aind+ephys/version-v1.2.4_codebase-v0.3.49_params-1cbdbee_config-7940dfd_attempt-1/logs/dag.html"": ""374d93d6-f54a-49e3-9bd4-23cc49c2e489"", ""derivatives/dandiset-001640/sub-Barto/Barto2022-08-23_12-53-41/pipeline-aind+ephys/version-v1.2.4_codebase-v0.3.49_params-1cbdbee_config-7940dfd_attempt-1/logs/job-17665471_slurm.log"": ""3f1a4f77-d0b4-47de-a4a0-34aef2c9aba4"", ""derivatives/dandiset-001640/sub-Barto/Barto2022-08-23_12-53-41/pipeline-aind+ephys/version-v1.2.4_codebase-v0.3.49_params-1cbdbee_config-7940dfd_attempt-1/logs/nextflow.log"": ""9f4893ff-3194-4c83-8dab-a1a02680e5b0"", ""derivatives/dandiset-001640/sub-Barto/Barto2022-08-23_12-53-41/pipeline-aind+ephys/version-v1.2.4_codebase-v0.3.49_params-1cbdbee_config-7940dfd_attempt-1/logs/report.html"": ""ed43be10-d10f-40de-b1ec-d91d4ce99464"", ""derivatives/dandiset-001640/sub-Barto/Barto2022-08-23_12-53-41/pipeline-aind+ephys/version-v1.2.4_codebase-v0.3.49_params-1cbdbee_config-7940dfd_attempt-1/logs/timeline.html"": ""44c4360d-920c-4f78-8032-2670faee8442"", ""derivatives/dandiset-001640/sub-Barto/Barto2022-08-23_12-53-41/pipeline-aind+ephys/version-v1.2.4_codebase-v0.3.49_params-1cbdbee_config-7940dfd_attempt-1/logs/trace.txt"": ""8cf46635-1067-4fe1-beee-f4de1bc524a8""}"	2026-09-08T18:29:49.136129-04:00	2026-09-08T18:29:50.516134-04:00
001640	sub-Barto/Barto2022-08-31_13-30-32.nwb	aind+ephys	v1.2.4	1cbdbee	7940dfd	1	v0.3.49	e41087db-d9ab-4993-8136-479bb3269e21	5386363024	True	True	False	True	"{""derivatives/dandiset-001640/sub-Barto/Barto2022-08-31_13-30-32/pipeline-aind+ephys/version-v1.2.4_codebase-v0.3.49_params-1cbdbee_config-7940dfd_attempt-1/dataset_description.json"": ""49eebff0-7ab7-46cf-be95-3a4a29840513""}"		"{""derivatives/dandiset-001640/sub-Barto/Barto2022-08-31_13-30-32/pipeline-aind+ephys/version-v1.2.4_codebase-v0.3.49_params-1cbdbee_config-7940dfd_attempt-1/logs/dag.html"": ""374d93d6-f54a-49e3-9bd4-23cc49c2e489"", ""derivatives/dandiset-001640/sub-Barto/Barto2022-08-31_13-30-32/pipeline-aind+ephys/version-v1.2.4_codebase-v0.3.49_params-1cbdbee_config-7940dfd_attempt-1/logs/job-18503315_slurm.log"": ""fda1f878-c6aa-4646-8080-60c166b4515e"", ""derivatives/dandiset-001640/sub-Barto/Barto2022-08-31_13-30-32/pipeline-aind+ephys/version-v1.2.4_codebase-v0.3.49_params-1cbdbee_config-7940dfd_attempt-1/logs/nextflow.log"": ""47b13662-5555-4a3c-9ffd-0665be5c210c"", ""derivatives/dandiset-001640/sub-Barto/Barto2022-08-31_13-30-32/pipeline-aind+ephys/version-v1.2.4_codebase-v0.3.49_params-1cbdbee_config-7940dfd_attempt-1/logs/report.html"": ""6dcedb08-b480-4b1c-ba09-c89db0952101"", ""derivatives/dandiset-001640/sub-Barto/Barto2022-08-31_13-30-32/pipeline-aind+ephys/version-v1.2.4_codebase-v0.3.49_params-1cbdbee_config-7940dfd_attempt-1/logs/timeline.html"": ""c28e4caa-31d3-4952-92b8-338483c4136c"", ""derivatives/dandiset-001640/sub-Barto/Barto2022-08-31_13-30-32/pipeline-aind+ephys/version-v1.2.4_codebase-v0.3.49_params-1cbdbee_config-7940dfd_attempt-1/logs/trace.txt"": ""d323e2a7-04ea-4e06-9cbe-8957cd09027c""}"	2026-09-08T18:30:04.043428-04:00	2026-09-08T18:30:05.534207-04:00
001640	sub-Barto/Barto2022-09-12_20-23-50.nwb	aind+ephys	v1.2.2	1cbdbee	7940dfd	1	v0.3.28	adba7fda-1d47-44fe-ab84-9de5f99a7e84	3948284519	True	True	False	True	"{""derivatives/dandiset-001640/sub-Barto/Barto2022-09-12_20-23-50/pipeline-aind+ephys/version-v1.2.2_codebase-v0.3.28_params-1cbdbee_config-7940dfd_attempt-1/dataset_description.json"": ""c98f3f58-9650-4bfb-b1e0-199e6cd2b0b5""}"		"{""derivatives/dandiset-001640/sub-Barto/Barto2022-09-12_20-23-50/pipeline-aind+ephys/version-v1.2.2_codebase-v0.3.28_params-1cbdbee_config-7940dfd_attempt-1/logs/dag.html"": ""374d93d6-f54a-49e3-9bd4-23cc49c2e489"", ""derivatives/dandiset-001640/sub-Barto/Barto2022-09-12_20-23-50/pipeline-aind+ephys/version-v1.2.2_codebase-v0.3.28_params-1cbdbee_config-7940dfd_attempt-1/logs/job-15880119_slurm.log"": ""7efdabd9-b17f-4f21-87e9-ac672fdf7b0e"", ""derivatives/dandiset-001640/sub-Barto/Barto2022-09-12_20-23-50/pipeline-aind+ephys/version-v1.2.2_codebase-v0.3.28_params-1cbdbee_config-7940dfd_attempt-1/logs/nextflow.log"": ""cff3e744-28c1-4d81-b4c3-85a5c0eb8749"", ""derivatives/dandiset-001640/sub-Barto/Barto2022-09-12_20-23-50/pipeline-aind+ephys/version-v1.2.2_codebase-v0.3.28_params-1cbdbee_config-7940dfd_attempt-1/logs/report.html"": ""181ded5d-b292-4c2f-8b29-0211dfe0317a"", ""derivatives/dandiset-001640/sub-Barto/Barto2022-09-12_20-23-50/pipeline-aind+ephys/version-v1.2.2_codebase-v0.3.28_params-1cbdbee_config-7940dfd_attempt-1/logs/timeline.html"": ""98511b75-75a9-4bdf-a7d6-7e58c46a6b19"", ""derivatives/dandiset-001640/sub-Barto/Barto2022-09-12_20-23-50/pipeline-aind+ephys/version-v1.2.2_codebase-v0.3.28_params-1cbdbee_config-7940dfd_attempt-1/logs/trace.txt"": ""00f89cd7-d63b-4ade-84e9-8f2b8531f548""}"	2026-09-08T18:30:16.792213-04:00	2026-09-08T18:30:18.190748-04:00
001678	sub-2021-11-30/sub-2021-11-30_ses-20211130T130033_ecephys.nwb	aind+ephys	v1.2.4	1cbdbee	7940dfd	1	v0.3.49	72fdf1eb-7a55-4f31-a87c-3b56462baa9d	96096732	True	True	False	True	"{""derivatives/dandiset-001678/sub-2021-11-30/sub-2021-11-30_ses-20211130T130033_ecephys/pipeline-aind+ephys/version-v1.2.4_codebase-v0.3.49_params-1cbdbee_config-7940dfd_attempt-1/dataset_description.json"": ""060a8dbe-d0ec-4f53-bb48-4702dbee2eeb""}"		"{""derivatives/dandiset-001678/sub-2021-11-30/sub-2021-11-30_ses-20211130T130033_ecephys/pipeline-aind+ephys/version-v1.2.4_codebase-v0.3.49_params-1cbdbee_config-7940dfd_attempt-1/logs/dag.html"": ""374d93d6-f54a-49e3-9bd4-23cc49c2e489"", ""derivatives/dandiset-001678/sub-2021-11-30/sub-2021-11-30_ses-20211130T130033_ecephys/pipeline-aind+ephys/version-v1.2.4_codebase-v0.3.49_params-1cbdbee_config-7940dfd_attempt-1/logs/job-17666683_slurm.log"": ""be9f5d3e-5fac-4743-a98f-3e9c52e6647d"", ""derivatives/dandiset-001678/sub-2021-11-30/sub-2021-11-30_ses-20211130T130033_ecephys/pipeline-aind+ephys/version-v1.2.4_codebase-v0.3.49_params-1cbdbee_config-7940dfd_attempt-1/logs/nextflow.log"": ""0e1f1371-2279-42e6-83ba-b7c9c34d4000"", ""derivatives/dandiset-001678/sub-2021-11-30/sub-2021-11-30_ses-20211130T130033_ecephys/pipeline-aind+ephys/version-v1.2.4_codebase-v0.3.49_params-1cbdbee_config-7940dfd_attempt-1/logs/report.html"": ""8c528ee6-3453-4cba-b89d-5a3d6067c77d"", ""derivatives/dandiset-001678/sub-2021-11-30/sub-2021-11-30_ses-20211130T130033_ecephys/pipeline-aind+ephys/version-v1.2.4_codebase-v0.3.49_params-1cbdbee_config-7940dfd_attempt-1/logs/timeline.html"": ""dd32ce0c-5fc8-48cc-ae46-291a4f782a71"", ""derivatives/dandiset-001678/sub-2021-11-30/sub-2021-11-30_ses-20211130T130033_ecephys/pipeline-aind+ephys/version-v1.2.4_codebase-v0.3.49_params-1cbdbee_config-7940dfd_attempt-1/logs/trace.txt"": ""aeb4e56f-bb8b-48e6-b5ba-1f46c1b0d94a""}"	2026-09-08T18:30:31.674255-04:00	2026-09-08T18:30:33.199395-04:00
001678	sub-2021-12-01/sub-2021-12-01_ses-20211201T130935_ecephys.nwb	aind+ephys	v1.2.4	1cbdbee	7940dfd	1	v0.3.49	7f3ac3c8-b7e2-486c-a2a6-36dbaabebb06	80168158	True	True	False	True	"{""derivatives/dandiset-001678/sub-2021-12-01/sub-2021-12-01_ses-20211201T130935_ecephys/pipeline-aind+ephys/version-v1.2.4_codebase-v0.3.49_params-1cbdbee_config-7940dfd_attempt-1/dataset_description.json"": ""060a8dbe-d0ec-4f53-bb48-4702dbee2eeb""}"		"{""derivatives/dandiset-001678/sub-2021-12-01/sub-2021-12-01_ses-20211201T130935_ecephys/pipeline-aind+ephys/version-v1.2.4_codebase-v0.3.49_params-1cbdbee_config-7940dfd_attempt-1/logs/dag.html"": ""374d93d6-f54a-49e3-9bd4-23cc49c2e489"", ""derivatives/dandiset-001678/sub-2021-12-01/sub-2021-12-01_ses-20211201T130935_ecephys/pipeline-aind+ephys/version-v1.2.4_codebase-v0.3.49_params-1cbdbee_config-7940dfd_attempt-1/logs/job-17667982_slurm.log"": ""a25d0335-1c8d-4fe2-b7ca-5f90d90ab700"", ""derivatives/dandiset-001678/sub-2021-12-01/sub-2021-12-01_ses-20211201T130935_ecephys/pipeline-aind+ephys/version-v1.2.4_codebase-v0.3.49_params-1cbdbee_config-7940dfd_attempt-1/logs/nextflow.log"": ""1ba88b76-25bd-4ae4-9442-5ddffadb8261"", ""derivatives/dandiset-001678/sub-2021-12-01/sub-2021-12-01_ses-20211201T130935_ecephys/pipeline-aind+ephys/version-v1.2.4_codebase-v0.3.49_params-1cbdbee_config-7940dfd_attempt-1/logs/report.html"": ""f5485919-79e8-4357-91a7-30cd56a6935e"", ""derivatives/dandiset-001678/sub-2021-12-01/sub-2021-12-01_ses-20211201T130935_ecephys/pipeline-aind+ephys/version-v1.2.4_codebase-v0.3.49_params-1cbdbee_config-7940dfd_attempt-1/logs/timeline.html"": ""137b7451-3622-4999-a950-ef71dc4b6427"", ""derivatives/dandiset-001678/sub-2021-12-01/sub-2021-12-01_ses-20211201T130935_ecephys/pipeline-aind+ephys/version-v1.2.4_codebase-v0.3.49_params-1cbdbee_config-7940dfd_attempt-1/logs/trace.txt"": ""e555e57b-807b-4765-abda-518477eb6a87""}"	2026-09-08T18:30:44.885177-04:00	2026-09-08T18:30:46.178553-04:00
001678	sub-2021-12-07/sub-2021-12-07_ses-20211207T130508_ecephys.nwb	aind+ephys	v1.2.2	1cbdbee	7940dfd	1	v0.3.28	710a3e0f-4a83-410f-8d16-1c022b0419c5	117322058	True	True	False	True	"{""derivatives/dandiset-001678/sub-2021-12-07/sub-2021-12-07_ses-20211207T130508_ecephys/pipeline-aind+ephys/version-v1.2.2_codebase-v0.3.28_params-1cbdbee_config-7940dfd_attempt-1/dataset_description.json"": ""60cd4b78-9863-4a02-ab5b-a5faccc7add3""}"		"{""derivatives/dandiset-001678/sub-2021-12-07/sub-2021-12-07_ses-20211207T130508_ecephys/pipeline-aind+ephys/version-v1.2.2_codebase-v0.3.28_params-1cbdbee_config-7940dfd_attempt-1/logs/dag.html"": ""374d93d6-f54a-49e3-9bd4-23cc49c2e489"", ""derivatives/dandiset-001678/sub-2021-12-07/sub-2021-12-07_ses-20211207T130508_ecephys/pipeline-aind+ephys/version-v1.2.2_codebase-v0.3.28_params-1cbdbee_config-7940dfd_attempt-1/logs/job-15880156_slurm.log"": ""dbc31705-8f37-44e2-b6df-05fb084391ae"", ""derivatives/dandiset-001678/sub-2021-12-07/sub-2021-12-07_ses-20211207T130508_ecephys/pipeline-aind+ephys/version-v1.2.2_codebase-v0.3.28_params-1cbdbee_config-7940dfd_attempt-1/logs/nextflow.log"": ""e6f52ff4-a14e-4a86-83b5-21e3d9f1b82a"", ""derivatives/dandiset-001678/sub-2021-12-07/sub-2021-12-07_ses-20211207T130508_ecephys/pipeline-aind+ephys/version-v1.2.2_codebase-v0.3.28_params-1cbdbee_config-7940dfd_attempt-1/logs/report.html"": ""fb023726-a5f9-4404-be8a-a82a3a2fda7c"", ""derivatives/dandiset-001678/sub-2021-12-07/sub-2021-12-07_ses-20211207T130508_ecephys/pipeline-aind+ephys/version-v1.2.2_codebase-v0.3.28_params-1cbdbee_config-7940dfd_attempt-1/logs/timeline.html"": ""e16ae97f-cff4-42d9-8179-34e721b6dc33"", ""derivatives/dandiset-001678/sub-2021-12-07/sub-2021-12-07_ses-20211207T130508_ecephys/pipeline-aind+ephys/version-v1.2.2_codebase-v0.3.28_params-1cbdbee_config-7940dfd_attempt-1/logs/trace.txt"": ""dd07eb78-04f3-4e6b-95e9-28336a199036""}"	2026-09-08T18:30:57.335473-04:00	2026-09-08T18:30:59.021570-04:00
001678	sub-2023-04-28/sub-2023-04-28_ses-20230428T122513_ecephys.nwb	aind+ephys	v1.2.4	1cbdbee	7940dfd	1	v0.3.49	184665ff-0d2a-4ac5-b50a-21210f7372c4	3907475007	True	True	False	True	"{""derivatives/dandiset-001678/sub-2023-04-28/sub-2023-04-28_ses-20230428T122513_ecephys/pipeline-aind+ephys/version-v1.2.4_codebase-v0.3.49_params-1cbdbee_config-7940dfd_attempt-1/dataset_description.json"": ""060a8dbe-d0ec-4f53-bb48-4702dbee2eeb""}"		"{""derivatives/dandiset-001678/sub-2023-04-28/sub-2023-04-28_ses-20230428T122513_ecephys/pipeline-aind+ephys/version-v1.2.4_codebase-v0.3.49_params-1cbdbee_config-7940dfd_attempt-1/logs/dag.html"": ""374d93d6-f54a-49e3-9bd4-23cc49c2e489"", ""derivatives/dandiset-001678/sub-2023-04-28/sub-2023-04-28_ses-20230428T122513_ecephys/pipeline-aind+ephys/version-v1.2.4_codebase-v0.3.49_params-1cbdbee_config-7940dfd_attempt-1/logs/job-18503661_slurm.log"": ""4b4c83a7-58a2-4b8c-b1ce-255a6251ce63"", ""derivatives/dandiset-001678/sub-2023-04-28/sub-2023-04-28_ses-20230428T122513_ecephys/pipeline-aind+ephys/version-v1.2.4_codebase-v0.3.49_params-1cbdbee_config-7940dfd_attempt-1/logs/nextflow.log"": ""7c250852-5a52-4de0-bd35-1899ab517b03"", ""derivatives/dandiset-001678/sub-2023-04-28/sub-2023-04-28_ses-20230428T122513_ecephys/pipeline-aind+ephys/version-v1.2.4_codebase-v0.3.49_params-1cbdbee_config-7940dfd_attempt-1/logs/report.html"": ""bc984805-ab10-4544-b39c-58b589ccaad8"", ""derivatives/dandiset-001678/sub-2023-04-28/sub-2023-04-28_ses-20230428T122513_ecephys/pipeline-aind+ephys/version-v1.2.4_codebase-v0.3.49_params-1cbdbee_config-7940dfd_attempt-1/logs/timeline.html"": ""27a0a206-0a43-469f-824e-038473fe3be5"", ""derivatives/dandiset-001678/sub-2023-04-28/sub-2023-04-28_ses-20230428T122513_ecephys/pipeline-aind+ephys/version-v1.2.4_codebase-v0.3.49_params-1cbdbee_config-7940dfd_attempt-1/logs/trace.txt"": ""03f01e58-64c0-406d-ae47-edf86c506995""}"	2026-09-08T18:31:10.882728-04:00	2026-09-08T18:31:12.244736-04:00
001678	sub-2023-05-01/sub-2023-05-01_ses-20230501T130910_ecephys.nwb	aind+ephys	v1.2.4	1cbdbee	7940dfd	1	v0.3.49	75365233-7520-40bb-a689-030ee9f74d45	4072145775	True	True	False	True	"{""derivatives/dandiset-001678/sub-2023-05-01/sub-2023-05-01_ses-20230501T130910_ecephys/pipeline-aind+ephys/version-v1.2.4_codebase-v0.3.49_params-1cbdbee_config-7940dfd_attempt-1/dataset_description.json"": ""060a8dbe-d0ec-4f53-bb48-4702dbee2eeb""}"		"{""derivatives/dandiset-001678/sub-2023-05-01/sub-2023-05-01_ses-20230501T130910_ecephys/pipeline-aind+ephys/version-v1.2.4_codebase-v0.3.49_params-1cbdbee_config-7940dfd_attempt-1/logs/dag.html"": ""374d93d6-f54a-49e3-9bd4-23cc49c2e489"", ""derivatives/dandiset-001678/sub-2023-05-01/sub-2023-05-01_ses-20230501T130910_ecephys/pipeline-aind+ephys/version-v1.2.4_codebase-v0.3.49_params-1cbdbee_config-7940dfd_attempt-1/logs/job-18747426_slurm.log"": ""5f362909-d268-4abf-870d-ccabf48a4dad"", ""derivatives/dandiset-001678/sub-2023-05-01/sub-2023-05-01_ses-20230501T130910_ecephys/pipeline-aind+ephys/version-v1.2.4_codebase-v0.3.49_params-1cbdbee_config-7940dfd_attempt-1/logs/nextflow.log"": ""cba316aa-4c45-4d54-bc20-e169f6316df3"", ""derivatives/dandiset-001678/sub-2023-05-01/sub-2023-05-01_ses-20230501T130910_ecephys/pipeline-aind+ephys/version-v1.2.4_codebase-v0.3.49_params-1cbdbee_config-7940dfd_attempt-1/logs/report.html"": ""aa0e7e6c-8b94-48b7-a1cb-84f260bfeaeb"", ""derivatives/dandiset-001678/sub-2023-05-01/sub-2023-05-01_ses-20230501T130910_ecephys/pipeline-aind+ephys/version-v1.2.4_codebase-v0.3.49_params-1cbdbee_config-7940dfd_attempt-1/logs/timeline.html"": ""51a8cb39-868b-40a5-8058-f9e6dafbac6f"", ""derivatives/dandiset-001678/sub-2023-05-01/sub-2023-05-01_ses-20230501T130910_ecephys/pipeline-aind+ephys/version-v1.2.4_codebase-v0.3.49_params-1cbdbee_config-7940dfd_attempt-1/logs/trace.txt"": ""d1cead6a-3e59-4188-8184-ca9bdcd381ae""}"	2026-09-08T18:31:22.911677-04:00	2026-09-08T18:31:24.218932-04:00
001678	sub-2023-05-08/sub-2023-05-08_ses-20230508T120132_ecephys.nwb	aind+ephys	v1.2.4	1cbdbee	7940dfd	1	v0.3.49	332015c2-0d48-4a3b-9d4b-711fe077c53c	4352580956	True	True	False	True	"{""derivatives/dandiset-001678/sub-2023-05-08/sub-2023-05-08_ses-20230508T120132_ecephys/pipeline-aind+ephys/version-v1.2.4_codebase-v0.3.49_params-1cbdbee_config-7940dfd_attempt-1/dataset_description.json"": ""060a8dbe-d0ec-4f53-bb48-4702dbee2eeb""}"		"{""derivatives/dandiset-001678/sub-2023-05-08/sub-2023-05-08_ses-20230508T120132_ecephys/pipeline-aind+ephys/version-v1.2.4_codebase-v0.3.49_params-1cbdbee_config-7940dfd_attempt-1/logs/dag.html"": ""374d93d6-f54a-49e3-9bd4-23cc49c2e489"", ""derivatives/dandiset-001678/sub-2023-05-08/sub-2023-05-08_ses-20230508T120132_ecephys/pipeline-aind+ephys/version-v1.2.4_codebase-v0.3.49_params-1cbdbee_config-7940dfd_attempt-1/logs/job-17870364_slurm.log"": ""671c7d43-5dc7-495b-9707-a6a69fb75467"", ""derivatives/dandiset-001678/sub-2023-05-08/sub-2023-05-08_ses-20230508T120132_ecephys/pipeline-aind+ephys/version-v1.2.4_codebase-v0.3.49_params-1cbdbee_config-7940dfd_attempt-1/logs/nextflow.log"": ""dbfb25ac-6649-4def-8961-f5e63d7deb13"", ""derivatives/dandiset-001678/sub-2023-05-08/sub-2023-05-08_ses-20230508T120132_ecephys/pipeline-aind+ephys/version-v1.2.4_codebase-v0.3.49_params-1cbdbee_config-7940dfd_attempt-1/logs/report.html"": ""6bd1828b-2e35-4d5b-80ef-95dc23f9f811"", ""derivatives/dandiset-001678/sub-2023-05-08/sub-2023-05-08_ses-20230508T120132_ecephys/pipeline-aind+ephys/version-v1.2.4_codebase-v0.3.49_params-1cbdbee_config-7940dfd_attempt-1/logs/timeline.html"": ""fc6c7189-295d-4cfe-9c2a-0d39af6d064e"", ""derivatives/dandiset-001678/sub-2023-05-08/sub-2023-05-08_ses-20230508T120132_ecephys/pipeline-aind+ephys/version-v1.2.4_codebase-v0.3.49_params-1cbdbee_config-7940dfd_attempt-1/logs/trace.txt"": ""b2679d5b-97e6-4aac-9792-de52006790b4""}"	2026-09-08T18:31:35.090558-04:00	2026-09-08T18:31:36.476651-04:00
001678	sub-2023-06-07/sub-2023-06-07_ses-20230607T122751_ecephys.nwb	aind+ephys	v1.2.4	1cbdbee	7940dfd	1	v0.3.49	bf08b7e7-9139-48fb-9d29-3fdfb3dd876c	5145071288	True	True	False	True	"{""derivatives/dandiset-001678/sub-2023-06-07/sub-2023-06-07_ses-20230607T122751_ecephys/pipeline-aind+ephys/version-v1.2.4_codebase-v0.3.49_params-1cbdbee_config-7940dfd_attempt-1/dataset_description.json"": ""060a8dbe-d0ec-4f53-bb48-4702dbee2eeb""}"		"{""derivatives/dandiset-001678/sub-2023-06-07/sub-2023-06-07_ses-20230607T122751_ecephys/pipeline-aind+ephys/version-v1.2.4_codebase-v0.3.49_params-1cbdbee_config-7940dfd_attempt-1/logs/dag.html"": ""374d93d6-f54a-49e3-9bd4-23cc49c2e489"", ""derivatives/dandiset-001678/sub-2023-06-07/sub-2023-06-07_ses-20230607T122751_ecephys/pipeline-aind+ephys/version-v1.2.4_codebase-v0.3.49_params-1cbdbee_config-7940dfd_attempt-1/logs/job-18076632_slurm.log"": ""76d5ae16-8ab5-416d-a966-1abfd8423666"", ""derivatives/dandiset-001678/sub-2023-06-07/sub-2023-06-07_ses-20230607T122751_ecephys/pipeline-aind+ephys/version-v1.2.4_codebase-v0.3.49_params-1cbdbee_config-7940dfd_attempt-1/logs/nextflow.log"": ""59cd627e-97d4-47a4-b6e6-aeb88d5ac628"", ""derivatives/dandiset-001678/sub-2023-06-07/sub-2023-06-07_ses-20230607T122751_ecephys/pipeline-aind+ephys/version-v1.2.4_codebase-v0.3.49_params-1cbdbee_config-7940dfd_attempt-1/logs/report.html"": ""9cd57667-4d82-45eb-ae36-23fd97285f75"", ""derivatives/dandiset-001678/sub-2023-06-07/sub-2023-06-07_ses-20230607T122751_ecephys/pipeline-aind+ephys/version-v1.2.4_codebase-v0.3.49_params-1cbdbee_config-7940dfd_attempt-1/logs/timeline.html"": ""6ee1a0c5-1657-49d2-8256-c25928bdbb79"", ""derivatives/dandiset-001678/sub-2023-06-07/sub-2023-06-07_ses-20230607T122751_ecephys/pipeline-aind+ephys/version-v1.2.4_codebase-v0.3.49_params-1cbdbee_config-7940dfd_attempt-1/logs/trace.txt"": ""0d013e0e-654f-4117-a5c5-559c9e879d0c""}"	2026-09-08T18:31:47.828422-04:00	2026-09-08T18:31:49.184420-04:00
001678	sub-2023-06-27/sub-2023-06-27_ses-20230627T121304_ecephys.nwb	aind+ephys	v1.2.2	1cbdbee	0d4bf36	1	v0.3.27	f7a894e7-7126-4877-8f66-99753ce84468	4431241824	True	True	False	True	"{""derivatives/dandiset-001678/sub-2023-06-27/sub-2023-06-27_ses-20230627T121304_ecephys/pipeline-aind+ephys/version-v1.2.2_codebase-v0.3.27_params-1cbdbee_config-0d4bf36_attempt-1/dataset_description.json"": ""c8c7cea1-5010-4072-9f65-8b1e8b35641c""}"		"{""derivatives/dandiset-001678/sub-2023-06-27/sub-2023-06-27_ses-20230627T121304_ecephys/pipeline-aind+ephys/version-v1.2.2_codebase-v0.3.27_params-1cbdbee_config-0d4bf36_attempt-1/logs/dag.html"": ""374d93d6-f54a-49e3-9bd4-23cc49c2e489"", ""derivatives/dandiset-001678/sub-2023-06-27/sub-2023-06-27_ses-20230627T121304_ecephys/pipeline-aind+ephys/version-v1.2.2_codebase-v0.3.27_params-1cbdbee_config-0d4bf36_attempt-1/logs/job-15880192_slurm.log"": ""695c3e74-f642-4618-baeb-a2cce9172c4f"", ""derivatives/dandiset-001678/sub-2023-06-27/sub-2023-06-27_ses-20230627T121304_ecephys/pipeline-aind+ephys/version-v1.2.2_codebase-v0.3.27_params-1cbdbee_config-0d4bf36_attempt-1/logs/nextflow.log"": ""f13e92f4-f0cf-4e9d-8ae2-6a6c169e75bd"", ""derivatives/dandiset-001678/sub-2023-06-27/sub-2023-06-27_ses-20230627T121304_ecephys/pipeline-aind+ephys/version-v1.2.2_codebase-v0.3.27_params-1cbdbee_config-0d4bf36_attempt-1/logs/report.html"": ""bd8917aa-1d59-4e26-8039-39c524b7c6d8"", ""derivatives/dandiset-001678/sub-2023-06-27/sub-2023-06-27_ses-20230627T121304_ecephys/pipeline-aind+ephys/version-v1.2.2_codebase-v0.3.27_params-1cbdbee_config-0d4bf36_attempt-1/logs/timeline.html"": ""f2aad0b4-8080-4b5f-a4a2-c25d60802af5"", ""derivatives/dandiset-001678/sub-2023-06-27/sub-2023-06-27_ses-20230627T121304_ecephys/pipeline-aind+ephys/version-v1.2.2_codebase-v0.3.27_params-1cbdbee_config-0d4bf36_attempt-1/logs/trace.txt"": ""38d71f51-7abc-4385-89ea-ca35da1d15e8""}"	2026-09-08T18:31:59.759564-04:00	2026-09-08T18:32:01.177420-04:00
001678	sub-2023-08-01/sub-2023-08-01_ses-20230801T123418_ecephys.nwb	aind+ephys	v1.2.2	1cbdbee	0d4bf36	1	v0.3.27	5b9ce762-3aa9-4782-9680-e32d79bc3f11	4140057427	True	True	False	True	"{""derivatives/dandiset-001678/sub-2023-08-01/sub-2023-08-01_ses-20230801T123418_ecephys/pipeline-aind+ephys/version-v1.2.2_codebase-v0.3.27_params-1cbdbee_config-0d4bf36_attempt-1/dataset_description.json"": ""c8c7cea1-5010-4072-9f65-8b1e8b35641c""}"		"{""derivatives/dandiset-001678/sub-2023-08-01/sub-2023-08-01_ses-20230801T123418_ecephys/pipeline-aind+ephys/version-v1.2.2_codebase-v0.3.27_params-1cbdbee_config-0d4bf36_attempt-1/logs/dag.html"": ""374d93d6-f54a-49e3-9bd4-23cc49c2e489"", ""derivatives/dandiset-001678/sub-2023-08-01/sub-2023-08-01_ses-20230801T123418_ecephys/pipeline-aind+ephys/version-v1.2.2_codebase-v0.3.27_params-1cbdbee_config-0d4bf36_attempt-1/logs/job-15880224_slurm.log"": ""cd57afe1-b75b-47f8-8b32-515f96e6e431"", ""derivatives/dandiset-001678/sub-2023-08-01/sub-2023-08-01_ses-20230801T123418_ecephys/pipeline-aind+ephys/version-v1.2.2_codebase-v0.3.27_params-1cbdbee_config-0d4bf36_attempt-1/logs/nextflow.log"": ""e5880e66-0209-4c84-adce-13641e12c7cb"", ""derivatives/dandiset-001678/sub-2023-08-01/sub-2023-08-01_ses-20230801T123418_ecephys/pipeline-aind+ephys/version-v1.2.2_codebase-v0.3.27_params-1cbdbee_config-0d4bf36_attempt-1/logs/report.html"": ""c9e97664-4b15-43b5-9a66-e1f027d6e198"", ""derivatives/dandiset-001678/sub-2023-08-01/sub-2023-08-01_ses-20230801T123418_ecephys/pipeline-aind+ephys/version-v1.2.2_codebase-v0.3.27_params-1cbdbee_config-0d4bf36_attempt-1/logs/timeline.html"": ""b6de302a-06cd-4c3f-847e-465035fc6f2e"", ""derivatives/dandiset-001678/sub-2023-08-01/sub-2023-08-01_ses-20230801T123418_ecephys/pipeline-aind+ephys/version-v1.2.2_codebase-v0.3.27_params-1cbdbee_config-0d4bf36_attempt-1/logs/trace.txt"": ""609351df-fb6c-4a8e-a658-8b6ae864b9c8""}"	2026-09-08T18:32:12.016036-04:00	2026-09-08T18:32:13.512778-04:00
001678	sub-2023-08-03/sub-2023-08-03_ses-20230803T121250_ecephys.nwb	aind+ephys	v1.2.4	1cbdbee	7940dfd	1	v0.3.49	d23079b9-8827-4c53-babc-b8955a8ec7c2	4618959300	True	True	False	True	"{""derivatives/dandiset-001678/sub-2023-08-03/sub-2023-08-03_ses-20230803T121250_ecephys/pipeline-aind+ephys/version-v1.2.4_codebase-v0.3.49_params-1cbdbee_config-7940dfd_attempt-1/dataset_description.json"": ""060a8dbe-d0ec-4f53-bb48-4702dbee2eeb""}"		"{""derivatives/dandiset-001678/sub-2023-08-03/sub-2023-08-03_ses-20230803T121250_ecephys/pipeline-aind+ephys/version-v1.2.4_codebase-v0.3.49_params-1cbdbee_config-7940dfd_attempt-1/logs/dag.html"": ""374d93d6-f54a-49e3-9bd4-23cc49c2e489"", ""derivatives/dandiset-001678/sub-2023-08-03/sub-2023-08-03_ses-20230803T121250_ecephys/pipeline-aind+ephys/version-v1.2.4_codebase-v0.3.49_params-1cbdbee_config-7940dfd_attempt-1/logs/job-17669019_slurm.log"": ""2b3a67fd-23d3-4cf5-af2d-33beab67804a"", ""derivatives/dandiset-001678/sub-2023-08-03/sub-2023-08-03_ses-20230803T121250_ecephys/pipeline-aind+ephys/version-v1.2.4_codebase-v0.3.49_params-1cbdbee_config-7940dfd_attempt-1/logs/nextflow.log"": ""d52ad549-a19f-43dd-82bc-e872c6f75b0d"", ""derivatives/dandiset-001678/sub-2023-08-03/sub-2023-08-03_ses-20230803T121250_ecephys/pipeline-aind+ephys/version-v1.2.4_codebase-v0.3.49_params-1cbdbee_config-7940dfd_attempt-1/logs/report.html"": ""61a2b546-5596-4a5b-9a30-79fba55d8e65"", ""derivatives/dandiset-001678/sub-2023-08-03/sub-2023-08-03_ses-20230803T121250_ecephys/pipeline-aind+ephys/version-v1.2.4_codebase-v0.3.49_params-1cbdbee_config-7940dfd_attempt-1/logs/timeline.html"": ""919e3e7c-c152-46bc-a170-43a2ce35afc8"", ""derivatives/dandiset-001678/sub-2023-08-03/sub-2023-08-03_ses-20230803T121250_ecephys/pipeline-aind+ephys/version-v1.2.4_codebase-v0.3.49_params-1cbdbee_config-7940dfd_attempt-1/logs/trace.txt"": ""52650685-c0c0-4621-807c-c923a6d6a2dd""}"	2026-09-08T18:32:26.419144-04:00	2026-09-08T18:32:28.283829-04:00
001687	sub-Ephys127/sub-Ephys127_ses-20250324-sp-session-1_ecephys.nwb	aind+ephys	v1.3.2	4e89ec7	7940dfd	1	v0.3.54	2e3a4ea6-f5d0-4bc5-a564-aa35f7415553	3632428807	True	True	False	True	"{""derivatives/dandiset-001687/sub-Ephys127/sub-Ephys127_ses-20250324-sp-session-1_ecephys/pipeline-aind+ephys/version-v1.3.2_codebase-v0.3.54_params-4e89ec7_config-7940dfd_attempt-1/dataset_description.json"": ""c182f369-6088-4b2f-83db-de189b94dd33""}"		"{""derivatives/dandiset-001687/sub-Ephys127/sub-Ephys127_ses-20250324-sp-session-1_ecephys/pipeline-aind+ephys/version-v1.3.2_codebase-v0.3.54_params-4e89ec7_config-7940dfd_attempt-1/logs/dag.html"": ""374d93d6-f54a-49e3-9bd4-23cc49c2e489"", ""derivatives/dandiset-001687/sub-Ephys127/sub-Ephys127_ses-20250324-sp-session-1_ecephys/pipeline-aind+ephys/version-v1.3.2_codebase-v0.3.54_params-4e89ec7_config-7940dfd_attempt-1/logs/job-22365345_slurm.log"": ""e26dcb92-b1ea-43c2-b396-74a285e29158"", ""derivatives/dandiset-001687/sub-Ephys127/sub-Ephys127_ses-20250324-sp-session-1_ecephys/pipeline-aind+ephys/version-v1.3.2_codebase-v0.3.54_params-4e89ec7_config-7940dfd_attempt-1/logs/nextflow.log"": ""4ede6da1-6b0d-4b78-80c8-fa3a6c01f65e"", ""derivatives/dandiset-001687/sub-Ephys127/sub-Ephys127_ses-20250324-sp-session-1_ecephys/pipeline-aind+ephys/version-v1.3.2_codebase-v0.3.54_params-4e89ec7_config-7940dfd_attempt-1/logs/report.html"": ""42cb2643-3aae-418d-8376-c1da0dfd9044"", ""derivatives/dandiset-001687/sub-Ephys127/sub-Ephys127_ses-20250324-sp-session-1_ecephys/pipeline-aind+ephys/version-v1.3.2_codebase-v0.3.54_params-4e89ec7_config-7940dfd_attempt-1/logs/timeline.html"": ""012fc13c-1cd7-4baa-af1b-08a26c96cf53"", ""derivatives/dandiset-001687/sub-Ephys127/sub-Ephys127_ses-20250324-sp-session-1_ecephys/pipeline-aind+ephys/version-v1.3.2_codebase-v0.3.54_params-4e89ec7_config-7940dfd_attempt-1/logs/trace.txt"": ""4bbcc3e9-3b8a-4719-8a30-fcd66126bdf2""}"	2026-09-09T09:55:26.383797-04:00	2026-09-09T09:55:27.793443-04:00
001688	sub-Godzilla/sub-Godzilla_ses-20221116-5-godzilla-speed10-incline00_behavior+ecephys.nwb	aind+ephys	v1.2.2	1cbdbee	7940dfd	1	v0.3.28	19ffa0fc-6c21-4769-9e71-44aab5fbc500	80033448	True	True	False	True	"{""derivatives/dandiset-001688/sub-Godzilla/sub-Godzilla_ses-20221116-5-godzilla-speed10-incline00_behavior+ecephys/pipeline-aind+ephys/version-v1.2.2_codebase-v0.3.28_params-1cbdbee_config-7940dfd_attempt-1/dataset_description.json"": ""b6c6e782-fe0c-41d8-b59d-94ac9e7fc741""}"		"{""derivatives/dandiset-001688/sub-Godzilla/sub-Godzilla_ses-20221116-5-godzilla-speed10-incline00_behavior+ecephys/pipeline-aind+ephys/version-v1.2.2_codebase-v0.3.28_params-1cbdbee_config-7940dfd_attempt-1/logs/dag.html"": ""374d93d6-f54a-49e3-9bd4-23cc49c2e489"", ""derivatives/dandiset-001688/sub-Godzilla/sub-Godzilla_ses-20221116-5-godzilla-speed10-incline00_behavior+ecephys/pipeline-aind+ephys/version-v1.2.2_codebase-v0.3.28_params-1cbdbee_config-7940dfd_attempt-1/logs/job-15880812_slurm.log"": ""87293c42-522a-4e07-b7fa-d4bd7fc18661"", ""derivatives/dandiset-001688/sub-Godzilla/sub-Godzilla_ses-20221116-5-godzilla-speed10-incline00_behavior+ecephys/pipeline-aind+ephys/version-v1.2.2_codebase-v0.3.28_params-1cbdbee_config-7940dfd_attempt-1/logs/nextflow.log"": ""7cc1ecc9-3131-4ab7-b8b5-51306284e985"", ""derivatives/dandiset-001688/sub-Godzilla/sub-Godzilla_ses-20221116-5-godzilla-speed10-incline00_behavior+ecephys/pipeline-aind+ephys/version-v1.2.2_codebase-v0.3.28_params-1cbdbee_config-7940dfd_attempt-1/logs/report.html"": ""a538982f-2176-41e5-b76c-39b74022c201"", ""derivatives/dandiset-001688/sub-Godzilla/sub-Godzilla_ses-20221116-5-godzilla-speed10-incline00_behavior+ecephys/pipeline-aind+ephys/version-v1.2.2_codebase-v0.3.28_params-1cbdbee_config-7940dfd_attempt-1/logs/timeline.html"": ""d0ffbc12-20b1-43a8-9050-b46a34047951"", ""derivatives/dandiset-001688/sub-Godzilla/sub-Godzilla_ses-20221116-5-godzilla-speed10-incline00_behavior+ecephys/pipeline-aind+ephys/version-v1.2.2_codebase-v0.3.28_params-1cbdbee_config-7940dfd_attempt-1/logs/trace.txt"": ""6996d650-d113-44d3-ac4f-9e66a6a06f19""}"	2026-09-08T18:32:41.545808-04:00	2026-09-08T18:32:43.000651-04:00
001688	sub-Godzilla/sub-Godzilla_ses-20221116-5-godzilla-speed10-incline00_behavior+ecephys.nwb	aind+ephys	v1.2.4	1cbdbee	7940dfd	1	v0.3.49	19ffa0fc-6c21-4769-9e71-44aab5fbc500	80033448	True	True	False	True	"{""derivatives/dandiset-001688/sub-Godzilla/sub-Godzilla_ses-20221116-5-godzilla-speed10-incline00_behavior+ecephys/pipeline-aind+ephys/version-v1.2.4_codebase-v0.3.49_params-1cbdbee_config-7940dfd_attempt-1/dataset_description.json"": ""5aa26938-b10e-4475-ad1f-b8309e3f61c3""}"		"{""derivatives/dandiset-001688/sub-Godzilla/sub-Godzilla_ses-20221116-5-godzilla-speed10-incline00_behavior+ecephys/pipeline-aind+ephys/version-v1.2.4_codebase-v0.3.49_params-1cbdbee_config-7940dfd_attempt-1/logs/dag.html"": ""374d93d6-f54a-49e3-9bd4-23cc49c2e489"", ""derivatives/dandiset-001688/sub-Godzilla/sub-Godzilla_ses-20221116-5-godzilla-speed10-incline00_behavior+ecephys/pipeline-aind+ephys/version-v1.2.4_codebase-v0.3.49_params-1cbdbee_config-7940dfd_attempt-1/logs/job-18082466_slurm.log"": ""67be2945-e8c2-4d2c-a356-d55fba58be35"", ""derivatives/dandiset-001688/sub-Godzilla/sub-Godzilla_ses-20221116-5-godzilla-speed10-incline00_behavior+ecephys/pipeline-aind+ephys/version-v1.2.4_codebase-v0.3.49_params-1cbdbee_config-7940dfd_attempt-1/logs/nextflow.log"": ""8f858238-7c88-4e29-8461-4cf2d8f4c55c"", ""derivatives/dandiset-001688/sub-Godzilla/sub-Godzilla_ses-20221116-5-godzilla-speed10-incline00_behavior+ecephys/pipeline-aind+ephys/version-v1.2.4_codebase-v0.3.49_params-1cbdbee_config-7940dfd_attempt-1/logs/report.html"": ""67f03bf9-9af1-4d91-9681-13678e3326c6"", ""derivatives/dandiset-001688/sub-Godzilla/sub-Godzilla_ses-20221116-5-godzilla-speed10-incline00_behavior+ecephys/pipeline-aind+ephys/version-v1.2.4_codebase-v0.3.49_params-1cbdbee_config-7940dfd_attempt-1/logs/timeline.html"": ""ea8550b9-7b83-4f52-a291-307b3837b92e"", ""derivatives/dandiset-001688/sub-Godzilla/sub-Godzilla_ses-20221116-5-godzilla-speed10-incline00_behavior+ecephys/pipeline-aind+ephys/version-v1.2.4_codebase-v0.3.49_params-1cbdbee_config-7940dfd_attempt-1/logs/trace.txt"": ""be623992-0c2e-4c5f-9c3f-9620f1343b77""}"	2026-09-08T18:32:54.337186-04:00	2026-09-08T18:32:55.732444-04:00
001688	sub-Godzilla/sub-Godzilla_ses-20221116-5-godzilla-speed10-incline00_behavior+ecephys.nwb	aind+ephys	v1.2.4	1cbdbee	7940dfd	2	v0.3.49	19ffa0fc-6c21-4769-9e71-44aab5fbc500	80033448	True	True	False	True	"{""derivatives/dandiset-001688/sub-Godzilla/sub-Godzilla_ses-20221116-5-godzilla-speed10-incline00_behavior+ecephys/pipeline-aind+ephys/version-v1.2.4_codebase-v0.3.49_params-1cbdbee_config-7940dfd_attempt-2/dataset_description.json"": ""5aa26938-b10e-4475-ad1f-b8309e3f61c3""}"		"{""derivatives/dandiset-001688/sub-Godzilla/sub-Godzilla_ses-20221116-5-godzilla-speed10-incline00_behavior+ecephys/pipeline-aind+ephys/version-v1.2.4_codebase-v0.3.49_params-1cbdbee_config-7940dfd_attempt-2/logs/dag.html"": ""374d93d6-f54a-49e3-9bd4-23cc49c2e489"", ""derivatives/dandiset-001688/sub-Godzilla/sub-Godzilla_ses-20221116-5-godzilla-speed10-incline00_behavior+ecephys/pipeline-aind+ephys/version-v1.2.4_codebase-v0.3.49_params-1cbdbee_config-7940dfd_attempt-2/logs/job-18503969_slurm.log"": ""d39c7ed2-2d53-44a2-a614-cdf9a3f9fc8b"", ""derivatives/dandiset-001688/sub-Godzilla/sub-Godzilla_ses-20221116-5-godzilla-speed10-incline00_behavior+ecephys/pipeline-aind+ephys/version-v1.2.4_codebase-v0.3.49_params-1cbdbee_config-7940dfd_attempt-2/logs/nextflow.log"": ""847d661c-595a-41f9-be5c-bf5086f122c3"", ""derivatives/dandiset-001688/sub-Godzilla/sub-Godzilla_ses-20221116-5-godzilla-speed10-incline00_behavior+ecephys/pipeline-aind+ephys/version-v1.2.4_codebase-v0.3.49_params-1cbdbee_config-7940dfd_attempt-2/logs/report.html"": ""fc209bf4-8051-4c2c-9a79-e8bc1388cca3"", ""derivatives/dandiset-001688/sub-Godzilla/sub-Godzilla_ses-20221116-5-godzilla-speed10-incline00_behavior+ecephys/pipeline-aind+ephys/version-v1.2.4_codebase-v0.3.49_params-1cbdbee_config-7940dfd_attempt-2/logs/timeline.html"": ""84420bda-12e5-4e04-a847-5110636e0ae7"", ""derivatives/dandiset-001688/sub-Godzilla/sub-Godzilla_ses-20221116-5-godzilla-speed10-incline00_behavior+ecephys/pipeline-aind+ephys/version-v1.2.4_codebase-v0.3.49_params-1cbdbee_config-7940dfd_attempt-2/logs/trace.txt"": ""8ee9723a-9b70-444b-adbd-ee89dac2f31b""}"	2026-09-08T18:33:07.826262-04:00	2026-09-08T18:33:09.282642-04:00
001688	sub-Godzilla/sub-Godzilla_ses-20221116-5-godzilla-speed10-incline00_behavior+ecephys.nwb	aind+ephys	v1.2.4	1cbdbee	7940dfd	3	v0.3.49	19ffa0fc-6c21-4769-9e71-44aab5fbc500	80033448	True	True	False	True	"{""derivatives/dandiset-001688/sub-Godzilla/sub-Godzilla_ses-20221116-5-godzilla-speed10-incline00_behavior+ecephys/pipeline-aind+ephys/version-v1.2.4_codebase-v0.3.49_params-1cbdbee_config-7940dfd_attempt-3/dataset_description.json"": ""5aa26938-b10e-4475-ad1f-b8309e3f61c3""}"		"{""derivatives/dandiset-001688/sub-Godzilla/sub-Godzilla_ses-20221116-5-godzilla-speed10-incline00_behavior+ecephys/pipeline-aind+ephys/version-v1.2.4_codebase-v0.3.49_params-1cbdbee_config-7940dfd_attempt-3/logs/dag.html"": ""374d93d6-f54a-49e3-9bd4-23cc49c2e489"", ""derivatives/dandiset-001688/sub-Godzilla/sub-Godzilla_ses-20221116-5-godzilla-speed10-incline00_behavior+ecephys/pipeline-aind+ephys/version-v1.2.4_codebase-v0.3.49_params-1cbdbee_config-7940dfd_attempt-3/logs/job-18763145_slurm.log"": ""45eadbfa-ea63-44c8-8baa-7dc1d279dea3"", ""derivatives/dandiset-001688/sub-Godzilla/sub-Godzilla_ses-20221116-5-godzilla-speed10-incline00_behavior+ecephys/pipeline-aind+ephys/version-v1.2.4_codebase-v0.3.49_params-1cbdbee_config-7940dfd_attempt-3/logs/nextflow.log"": ""da8ede0c-7200-497e-8cc5-a5ecd008ffbb"", ""derivatives/dandiset-001688/sub-Godzilla/sub-Godzilla_ses-20221116-5-godzilla-speed10-incline00_behavior+ecephys/pipeline-aind+ephys/version-v1.2.4_codebase-v0.3.49_params-1cbdbee_config-7940dfd_attempt-3/logs/report.html"": ""3079de2b-b160-47ca-ab7b-71d47cb290e7"", ""derivatives/dandiset-001688/sub-Godzilla/sub-Godzilla_ses-20221116-5-godzilla-speed10-incline00_behavior+ecephys/pipeline-aind+ephys/version-v1.2.4_codebase-v0.3.49_params-1cbdbee_config-7940dfd_attempt-3/logs/timeline.html"": ""850702d6-11ee-4b38-8111-e654651d8a4c"", ""derivatives/dandiset-001688/sub-Godzilla/sub-Godzilla_ses-20221116-5-godzilla-speed10-incline00_behavior+ecephys/pipeline-aind+ephys/version-v1.2.4_codebase-v0.3.49_params-1cbdbee_config-7940dfd_attempt-3/logs/trace.txt"": ""56671bf3-320e-4312-a519-a610e4180532""}"	2026-09-08T18:33:20.258661-04:00	2026-09-08T18:33:21.845586-04:00
001688	sub-Godzilla/sub-Godzilla_ses-20221116-9-godzilla-speed10-incline00_behavior+ecephys.nwb	aind+ephys	v1.2.2	1cbdbee	0d4bf36	1	v0.3.25	6f90d605-b86a-4d9b-b4c5-5c5b350fc08b	55538292	True	True	False	True	"{""derivatives/dandiset-001688/sub-Godzilla/sub-Godzilla_ses-20221116-9-godzilla-speed10-incline00_behavior+ecephys/pipeline-aind+ephys/version-v1.2.2_codebase-v0.3.25_params-1cbdbee_config-0d4bf36_attempt-1/dataset_description.json"": ""46f6bcfb-6a82-4f29-8bc6-91491078076f""}"		"{""derivatives/dandiset-001688/sub-Godzilla/sub-Godzilla_ses-20221116-9-godzilla-speed10-incline00_behavior+ecephys/pipeline-aind+ephys/version-v1.2.2_codebase-v0.3.25_params-1cbdbee_config-0d4bf36_attempt-1/logs/dag.html"": ""374d93d6-f54a-49e3-9bd4-23cc49c2e489"", ""derivatives/dandiset-001688/sub-Godzilla/sub-Godzilla_ses-20221116-9-godzilla-speed10-incline00_behavior+ecephys/pipeline-aind+ephys/version-v1.2.2_codebase-v0.3.25_params-1cbdbee_config-0d4bf36_attempt-1/logs/job-15880814_slurm.log"": ""a4d57047-5920-48c6-b28b-f25c9289c257"", ""derivatives/dandiset-001688/sub-Godzilla/sub-Godzilla_ses-20221116-9-godzilla-speed10-incline00_behavior+ecephys/pipeline-aind+ephys/version-v1.2.2_codebase-v0.3.25_params-1cbdbee_config-0d4bf36_attempt-1/logs/nextflow.log"": ""9f0c1166-42fe-481e-8afc-22a6104ffb21"", ""derivatives/dandiset-001688/sub-Godzilla/sub-Godzilla_ses-20221116-9-godzilla-speed10-incline00_behavior+ecephys/pipeline-aind+ephys/version-v1.2.2_codebase-v0.3.25_params-1cbdbee_config-0d4bf36_attempt-1/logs/report.html"": ""27519eed-7953-44dc-80ea-3d16c97cd4cc"", ""derivatives/dandiset-001688/sub-Godzilla/sub-Godzilla_ses-20221116-9-godzilla-speed10-incline00_behavior+ecephys/pipeline-aind+ephys/version-v1.2.2_codebase-v0.3.25_params-1cbdbee_config-0d4bf36_attempt-1/logs/timeline.html"": ""52a4344b-c8e5-4fd9-9867-0899f0db92c2"", ""derivatives/dandiset-001688/sub-Godzilla/sub-Godzilla_ses-20221116-9-godzilla-speed10-incline00_behavior+ecephys/pipeline-aind+ephys/version-v1.2.2_codebase-v0.3.25_params-1cbdbee_config-0d4bf36_attempt-1/logs/trace.txt"": ""d04bb4be-5fa9-40f4-9f69-ebfe099ce5f7""}"	2026-09-08T18:33:33.379468-04:00	2026-09-08T18:33:34.753715-04:00
001688	sub-Godzilla/sub-Godzilla_ses-20221116-9-godzilla-speed10-incline00_behavior+ecephys.nwb	aind+ephys	v1.2.2	1cbdbee	7940dfd	1	v0.3.28	6f90d605-b86a-4d9b-b4c5-5c5b350fc08b	55538292	True	True	False	True	"{""derivatives/dandiset-001688/sub-Godzilla/sub-Godzilla_ses-20221116-9-godzilla-speed10-incline00_behavior+ecephys/pipeline-aind+ephys/version-v1.2.2_codebase-v0.3.28_params-1cbdbee_config-7940dfd_attempt-1/dataset_description.json"": ""b6c6e782-fe0c-41d8-b59d-94ac9e7fc741""}"		"{""derivatives/dandiset-001688/sub-Godzilla/sub-Godzilla_ses-20221116-9-godzilla-speed10-incline00_behavior+ecephys/pipeline-aind+ephys/version-v1.2.2_codebase-v0.3.28_params-1cbdbee_config-7940dfd_attempt-1/logs/dag.html"": ""374d93d6-f54a-49e3-9bd4-23cc49c2e489"", ""derivatives/dandiset-001688/sub-Godzilla/sub-Godzilla_ses-20221116-9-godzilla-speed10-incline00_behavior+ecephys/pipeline-aind+ephys/version-v1.2.2_codebase-v0.3.28_params-1cbdbee_config-7940dfd_attempt-1/logs/job-15880816_slurm.log"": ""050147d6-7254-4c5b-8b07-3ad78bd0d362"", ""derivatives/dandiset-001688/sub-Godzilla/sub-Godzilla_ses-20221116-9-godzilla-speed10-incline00_behavior+ecephys/pipeline-aind+ephys/version-v1.2.2_codebase-v0.3.28_params-1cbdbee_config-7940dfd_attempt-1/logs/nextflow.log"": ""3b9c9f55-3089-4790-b15e-2f067896e61a"", ""derivatives/dandiset-001688/sub-Godzilla/sub-Godzilla_ses-20221116-9-godzilla-speed10-incline00_behavior+ecephys/pipeline-aind+ephys/version-v1.2.2_codebase-v0.3.28_params-1cbdbee_config-7940dfd_attempt-1/logs/report.html"": ""c3f06376-b67d-4cdf-963f-0a668e699ce9"", ""derivatives/dandiset-001688/sub-Godzilla/sub-Godzilla_ses-20221116-9-godzilla-speed10-incline00_behavior+ecephys/pipeline-aind+ephys/version-v1.2.2_codebase-v0.3.28_params-1cbdbee_config-7940dfd_attempt-1/logs/timeline.html"": ""a189e58c-9379-41cd-a14c-9344d26497cb"", ""derivatives/dandiset-001688/sub-Godzilla/sub-Godzilla_ses-20221116-9-godzilla-speed10-incline00_behavior+ecephys/pipeline-aind+ephys/version-v1.2.2_codebase-v0.3.28_params-1cbdbee_config-7940dfd_attempt-1/logs/trace.txt"": ""53035f62-3f36-47fd-b4df-ed11961b9589""}"	2026-09-08T18:33:46.776473-04:00	2026-09-08T18:33:48.200010-04:00
001747	sub-chip19894/sub-chip19894_ses-recording015_ecephys.nwb	aind+ephys	v1.2.2	1cbdbee	0d4bf36	1	v0.3.27	df3bd5fe-015a-4945-bc41-15df0c9eb9d9	9891554987	True	True	False	True	"{""derivatives/dandiset-001747/sub-chip19894/sub-chip19894_ses-recording015_ecephys/pipeline-aind+ephys/version-v1.2.2_codebase-v0.3.27_params-1cbdbee_config-0d4bf36_attempt-1/dataset_description.json"": ""6d722b8f-040c-485d-a822-a01a232e458f""}"		"{""derivatives/dandiset-001747/sub-chip19894/sub-chip19894_ses-recording015_ecephys/pipeline-aind+ephys/version-v1.2.2_codebase-v0.3.27_params-1cbdbee_config-0d4bf36_attempt-1/logs/dag.html"": ""374d93d6-f54a-49e3-9bd4-23cc49c2e489"", ""derivatives/dandiset-001747/sub-chip19894/sub-chip19894_ses-recording015_ecephys/pipeline-aind+ephys/version-v1.2.2_codebase-v0.3.27_params-1cbdbee_config-0d4bf36_attempt-1/logs/job-15880823_slurm.log"": ""8c308f06-d0da-482b-947e-9410091afe31"", ""derivatives/dandiset-001747/sub-chip19894/sub-chip19894_ses-recording015_ecephys/pipeline-aind+ephys/version-v1.2.2_codebase-v0.3.27_params-1cbdbee_config-0d4bf36_attempt-1/logs/nextflow.log"": ""c6ca3956-4059-4859-90be-4444852c781e"", ""derivatives/dandiset-001747/sub-chip19894/sub-chip19894_ses-recording015_ecephys/pipeline-aind+ephys/version-v1.2.2_codebase-v0.3.27_params-1cbdbee_config-0d4bf36_attempt-1/logs/report.html"": ""3010bc9a-f7dc-4702-ba8e-839620c1bb52"", ""derivatives/dandiset-001747/sub-chip19894/sub-chip19894_ses-recording015_ecephys/pipeline-aind+ephys/version-v1.2.2_codebase-v0.3.27_params-1cbdbee_config-0d4bf36_attempt-1/logs/timeline.html"": ""bb937427-238a-437f-b645-d7edf8e1ed0e"", ""derivatives/dandiset-001747/sub-chip19894/sub-chip19894_ses-recording015_ecephys/pipeline-aind+ephys/version-v1.2.2_codebase-v0.3.27_params-1cbdbee_config-0d4bf36_attempt-1/logs/trace.txt"": ""2c8e4a3a-ad67-40b3-80b3-947ec0ba5b05""}"	2026-09-08T18:33:59.181954-04:00	2026-09-08T18:34:00.814106-04:00
001747	sub-chip19894/sub-chip19894_ses-recording026_ecephys.nwb	aind+ephys	v1.2.4	1cbdbee	7940dfd	1	v0.3.42	a156e7db-b291-4b01-a05c-84a834be27b9	10707424970	True	True	False	True	"{""derivatives/dandiset-001747/sub-chip19894/sub-chip19894_ses-recording026_ecephys/pipeline-aind+ephys/version-v1.2.4_codebase-v0.3.42_params-1cbdbee_config-7940dfd_attempt-1/dataset_description.json"": ""5a8d6c22-f8dc-4640-af2b-eb21cf8f3074""}"		"{""derivatives/dandiset-001747/sub-chip19894/sub-chip19894_ses-recording026_ecephys/pipeline-aind+ephys/version-v1.2.4_codebase-v0.3.42_params-1cbdbee_config-7940dfd_attempt-1/logs/job-16291315_slurm.log"": ""45429f1d-4638-4137-bf8f-3bcb1bda6a73"", ""derivatives/dandiset-001747/sub-chip19894/sub-chip19894_ses-recording026_ecephys/pipeline-aind+ephys/version-v1.2.4_codebase-v0.3.42_params-1cbdbee_config-7940dfd_attempt-1/logs/nextflow.log"": ""1d979630-9bea-480e-b720-b34ff8896a0c""}"	2026-06-22T20:15:19.666445-04:00	2026-06-22T20:15:20.217942-04:00
001747	sub-chip19894/sub-chip19894_ses-recording028_ecephys.nwb	aind+ephys	v1.2.2	1cbdbee	7940dfd	1	v0.3.34	73ce4e7f-155c-4d59-b5b0-e5653968089a	10766647110	True	True	False	True	"{""derivatives/dandiset-001747/sub-chip19894/sub-chip19894_ses-recording028_ecephys/pipeline-aind+ephys/version-v1.2.2_codebase-v0.3.34_params-1cbdbee_config-7940dfd_attempt-1/dataset_description.json"": ""eb2d9f29-4357-4441-90d2-1c6467278a83""}"		"{""derivatives/dandiset-001747/sub-chip19894/sub-chip19894_ses-recording028_ecephys/pipeline-aind+ephys/version-v1.2.2_codebase-v0.3.34_params-1cbdbee_config-7940dfd_attempt-1/logs/dag.html"": ""374d93d6-f54a-49e3-9bd4-23cc49c2e489"", ""derivatives/dandiset-001747/sub-chip19894/sub-chip19894_ses-recording028_ecephys/pipeline-aind+ephys/version-v1.2.2_codebase-v0.3.34_params-1cbdbee_config-7940dfd_attempt-1/logs/job-15917310_slurm.log"": ""3bc00daf-4c3e-4338-9cd8-c1cf32f7a732"", ""derivatives/dandiset-001747/sub-chip19894/sub-chip19894_ses-recording028_ecephys/pipeline-aind+ephys/version-v1.2.2_codebase-v0.3.34_params-1cbdbee_config-7940dfd_attempt-1/logs/nextflow.log"": ""aeb18b37-5e35-4b19-a7ec-f187bc3cca8c"", ""derivatives/dandiset-001747/sub-chip19894/sub-chip19894_ses-recording028_ecephys/pipeline-aind+ephys/version-v1.2.2_codebase-v0.3.34_params-1cbdbee_config-7940dfd_attempt-1/logs/report.html"": ""8d10548b-10d5-4e5e-af3e-cb32b985b97b"", ""derivatives/dandiset-001747/sub-chip19894/sub-chip19894_ses-recording028_ecephys/pipeline-aind+ephys/version-v1.2.2_codebase-v0.3.34_params-1cbdbee_config-7940dfd_attempt-1/logs/timeline.html"": ""2d050660-7f6f-410d-847d-926daf5a16ee"", ""derivatives/dandiset-001747/sub-chip19894/sub-chip19894_ses-recording028_ecephys/pipeline-aind+ephys/version-v1.2.2_codebase-v0.3.34_params-1cbdbee_config-7940dfd_attempt-1/logs/trace.txt"": ""91013f2e-6d69-42c7-97b2-c0f7e6099241""}"	2026-09-08T18:34:11.628851-04:00	2026-09-08T18:34:13.524730-04:00
001747	sub-chip19894/sub-chip19894_ses-recording035_ecephys.nwb	aind+ephys	v1.2.4	1cbdbee	7940dfd	1	v0.3.49	9f1ad649-05d8-4363-87ec-2737820e594b	10577871349	True	True	False	True	"{""derivatives/dandiset-001747/sub-chip19894/sub-chip19894_ses-recording035_ecephys/pipeline-aind+ephys/version-v1.2.4_codebase-v0.3.49_params-1cbdbee_config-7940dfd_attempt-1/dataset_description.json"": ""b77ccd0f-1962-459f-9ec5-75f5e89f29c0""}"		"{""derivatives/dandiset-001747/sub-chip19894/sub-chip19894_ses-recording035_ecephys/pipeline-aind+ephys/version-v1.2.4_codebase-v0.3.49_params-1cbdbee_config-7940dfd_attempt-1/logs/dag.html"": ""374d93d6-f54a-49e3-9bd4-23cc49c2e489"", ""derivatives/dandiset-001747/sub-chip19894/sub-chip19894_ses-recording035_ecephys/pipeline-aind+ephys/version-v1.2.4_codebase-v0.3.49_params-1cbdbee_config-7940dfd_attempt-1/logs/job-17870765_slurm.log"": ""85afe60f-82da-4c32-80f5-62535ac79324"", ""derivatives/dandiset-001747/sub-chip19894/sub-chip19894_ses-recording035_ecephys/pipeline-aind+ephys/version-v1.2.4_codebase-v0.3.49_params-1cbdbee_config-7940dfd_attempt-1/logs/nextflow.log"": ""c5b1d2f3-3388-4936-9f7f-84a59a12edfb"", ""derivatives/dandiset-001747/sub-chip19894/sub-chip19894_ses-recording035_ecephys/pipeline-aind+ephys/version-v1.2.4_codebase-v0.3.49_params-1cbdbee_config-7940dfd_attempt-1/logs/report.html"": ""00eb066b-bbd5-48ee-9ed2-c4035f07231c"", ""derivatives/dandiset-001747/sub-chip19894/sub-chip19894_ses-recording035_ecephys/pipeline-aind+ephys/version-v1.2.4_codebase-v0.3.49_params-1cbdbee_config-7940dfd_attempt-1/logs/timeline.html"": ""14adb8a3-3b65-4945-b559-8700bffd0de7"", ""derivatives/dandiset-001747/sub-chip19894/sub-chip19894_ses-recording035_ecephys/pipeline-aind+ephys/version-v1.2.4_codebase-v0.3.49_params-1cbdbee_config-7940dfd_attempt-1/logs/trace.txt"": ""3b0a1397-befa-4788-88a8-534abe15bd10""}"	2026-09-08T18:34:26.194173-04:00	2026-09-08T18:34:27.611117-04:00
001747	sub-chip19894/sub-chip19894_ses-recording056_ecephys.nwb	aind+ephys	v1.2.2	1cbdbee	0d4bf36	1	v0.3.24	6b37a3ad-0ed7-44d5-9547-c27242da80f6	10723193243	True	True	False	True	"{""derivatives/dandiset-001747/sub-chip19894/sub-chip19894_ses-recording056_ecephys/pipeline-aind+ephys/version-v1.2.2_codebase-v0.3.24_params-1cbdbee_config-0d4bf36_attempt-1/dataset_description.json"": ""44aa009b-93c2-4e9b-92f9-4c2f6f84cab1""}"		"{""derivatives/dandiset-001747/sub-chip19894/sub-chip19894_ses-recording056_ecephys/pipeline-aind+ephys/version-v1.2.2_codebase-v0.3.24_params-1cbdbee_config-0d4bf36_attempt-1/logs/dag.html"": ""374d93d6-f54a-49e3-9bd4-23cc49c2e489"", ""derivatives/dandiset-001747/sub-chip19894/sub-chip19894_ses-recording056_ecephys/pipeline-aind+ephys/version-v1.2.2_codebase-v0.3.24_params-1cbdbee_config-0d4bf36_attempt-1/logs/job-15880825_slurm.log"": ""d8228b90-8da6-4faf-aa39-91b9911ca713"", ""derivatives/dandiset-001747/sub-chip19894/sub-chip19894_ses-recording056_ecephys/pipeline-aind+ephys/version-v1.2.2_codebase-v0.3.24_params-1cbdbee_config-0d4bf36_attempt-1/logs/nextflow.log"": ""8d0104c3-70bf-4636-aae8-c6f572de803c"", ""derivatives/dandiset-001747/sub-chip19894/sub-chip19894_ses-recording056_ecephys/pipeline-aind+ephys/version-v1.2.2_codebase-v0.3.24_params-1cbdbee_config-0d4bf36_attempt-1/logs/report.html"": ""d0f05814-5276-4ebb-a9db-1d2c94ad3af7"", ""derivatives/dandiset-001747/sub-chip19894/sub-chip19894_ses-recording056_ecephys/pipeline-aind+ephys/version-v1.2.2_codebase-v0.3.24_params-1cbdbee_config-0d4bf36_attempt-1/logs/timeline.html"": ""2b9d47b3-cdf5-40b9-a74a-1555e93a730b"", ""derivatives/dandiset-001747/sub-chip19894/sub-chip19894_ses-recording056_ecephys/pipeline-aind+ephys/version-v1.2.2_codebase-v0.3.24_params-1cbdbee_config-0d4bf36_attempt-1/logs/trace.txt"": ""83b170e3-ae73-436c-be92-e63c05384a44""}"	2026-09-08T18:34:41.245189-04:00	2026-09-08T18:34:42.699097-04:00
001747	sub-chip19894/sub-chip19894_ses-recording082_ecephys.nwb	aind+ephys	v1.2.2	1cbdbee	7940dfd	1	v0.3.34	bfe4cea5-4154-4572-962b-9115a271b977	10515828344	True	True	False	True	"{""derivatives/dandiset-001747/sub-chip19894/sub-chip19894_ses-recording082_ecephys/pipeline-aind+ephys/version-v1.2.2_codebase-v0.3.34_params-1cbdbee_config-7940dfd_attempt-1/dataset_description.json"": ""eb2d9f29-4357-4441-90d2-1c6467278a83""}"		"{""derivatives/dandiset-001747/sub-chip19894/sub-chip19894_ses-recording082_ecephys/pipeline-aind+ephys/version-v1.2.2_codebase-v0.3.34_params-1cbdbee_config-7940dfd_attempt-1/logs/dag.html"": ""374d93d6-f54a-49e3-9bd4-23cc49c2e489"", ""derivatives/dandiset-001747/sub-chip19894/sub-chip19894_ses-recording082_ecephys/pipeline-aind+ephys/version-v1.2.2_codebase-v0.3.34_params-1cbdbee_config-7940dfd_attempt-1/logs/job-15897633_slurm.log"": ""d8c8f79b-c5f4-478a-bba2-02a1e97b5844"", ""derivatives/dandiset-001747/sub-chip19894/sub-chip19894_ses-recording082_ecephys/pipeline-aind+ephys/version-v1.2.2_codebase-v0.3.34_params-1cbdbee_config-7940dfd_attempt-1/logs/nextflow.log"": ""1b06cef0-0782-4b21-b681-19f181004281"", ""derivatives/dandiset-001747/sub-chip19894/sub-chip19894_ses-recording082_ecephys/pipeline-aind+ephys/version-v1.2.2_codebase-v0.3.34_params-1cbdbee_config-7940dfd_attempt-1/logs/report.html"": ""253c9416-e52f-4be6-9695-02f3cff01e88"", ""derivatives/dandiset-001747/sub-chip19894/sub-chip19894_ses-recording082_ecephys/pipeline-aind+ephys/version-v1.2.2_codebase-v0.3.34_params-1cbdbee_config-7940dfd_attempt-1/logs/timeline.html"": ""4217de70-293a-4d8a-b29a-1975545bd2b1"", ""derivatives/dandiset-001747/sub-chip19894/sub-chip19894_ses-recording082_ecephys/pipeline-aind+ephys/version-v1.2.2_codebase-v0.3.34_params-1cbdbee_config-7940dfd_attempt-1/logs/trace.txt"": ""7b143358-22ab-45ff-b80e-8ba621764a92""}"	2026-09-08T18:34:55.909444-04:00	2026-09-08T18:34:57.235574-04:00
001747	sub-chip19894/sub-chip19894_ses-recording111_ecephys.nwb	aind+ephys	v1.2.4	1cbdbee	7940dfd	1	v0.3.42	98fbb122-7534-4145-927c-78b480bb1e47	10152775601	True	True	False	True	"{""derivatives/dandiset-001747/sub-chip19894/sub-chip19894_ses-recording111_ecephys/pipeline-aind+ephys/version-v1.2.4_codebase-v0.3.42_params-1cbdbee_config-7940dfd_attempt-1/dataset_description.json"": ""5a8d6c22-f8dc-4640-af2b-eb21cf8f3074""}"		"{""derivatives/dandiset-001747/sub-chip19894/sub-chip19894_ses-recording111_ecephys/pipeline-aind+ephys/version-v1.2.4_codebase-v0.3.42_params-1cbdbee_config-7940dfd_attempt-1/logs/job-16239419_slurm.log"": ""c148908d-74d9-450e-90e4-6c7e3c35e9ea"", ""derivatives/dandiset-001747/sub-chip19894/sub-chip19894_ses-recording111_ecephys/pipeline-aind+ephys/version-v1.2.4_codebase-v0.3.42_params-1cbdbee_config-7940dfd_attempt-1/logs/nextflow.log"": ""c8dbeca3-cf1f-4acb-aa66-865799542424""}"	2026-06-22T16:47:56.726141-04:00	2026-06-22T16:47:57.147426-04:00
001747	sub-chip19894/sub-chip19894_ses-recording111_ecephys.nwb	aind+ephys	v1.2.4	1cbdbee	7940dfd	1	v0.3.46	98fbb122-7534-4145-927c-78b480bb1e47	10152775601	True	True	False	True	"{""derivatives/dandiset-001747/sub-chip19894/sub-chip19894_ses-recording111_ecephys/pipeline-aind+ephys/version-v1.2.4_codebase-v0.3.46_params-1cbdbee_config-7940dfd_attempt-1/dataset_description.json"": ""b3254258-3121-4c11-a20f-a78cf37b07d3""}"		"{""derivatives/dandiset-001747/sub-chip19894/sub-chip19894_ses-recording111_ecephys/pipeline-aind+ephys/version-v1.2.4_codebase-v0.3.46_params-1cbdbee_config-7940dfd_attempt-1/logs/dag.html"": ""374d93d6-f54a-49e3-9bd4-23cc49c2e489"", ""derivatives/dandiset-001747/sub-chip19894/sub-chip19894_ses-recording111_ecephys/pipeline-aind+ephys/version-v1.2.4_codebase-v0.3.46_params-1cbdbee_config-7940dfd_attempt-1/logs/job-17282629_slurm.log"": ""743f1826-ecfb-4628-9a14-733f00af3d02"", ""derivatives/dandiset-001747/sub-chip19894/sub-chip19894_ses-recording111_ecephys/pipeline-aind+ephys/version-v1.2.4_codebase-v0.3.46_params-1cbdbee_config-7940dfd_attempt-1/logs/nextflow.log"": ""c9ac06c0-3889-4384-b6f5-6fc807c2f3a0"", ""derivatives/dandiset-001747/sub-chip19894/sub-chip19894_ses-recording111_ecephys/pipeline-aind+ephys/version-v1.2.4_codebase-v0.3.46_params-1cbdbee_config-7940dfd_attempt-1/logs/report.html"": ""382930e7-9d51-4e76-b891-a586c724bad7"", ""derivatives/dandiset-001747/sub-chip19894/sub-chip19894_ses-recording111_ecephys/pipeline-aind+ephys/version-v1.2.4_codebase-v0.3.46_params-1cbdbee_config-7940dfd_attempt-1/logs/timeline.html"": ""a501f8ac-7e66-4656-ad35-1b3d500337ff"", ""derivatives/dandiset-001747/sub-chip19894/sub-chip19894_ses-recording111_ecephys/pipeline-aind+ephys/version-v1.2.4_codebase-v0.3.46_params-1cbdbee_config-7940dfd_attempt-1/logs/trace.txt"": ""06aad969-bef3-463f-9fc3-0e92dee908c4""}"	2026-09-08T18:35:12.012525-04:00	2026-09-08T18:35:13.784817-04:00
001747	sub-chip19894/sub-chip19894_ses-recording112_ecephys.nwb	aind+ephys	v1.2.2	1cbdbee	7940dfd	1	v0.3.34	054734b4-61fd-4a5f-b87c-5763f75442bc	10102135041	True	True	False	True	"{""derivatives/dandiset-001747/sub-chip19894/sub-chip19894_ses-recording112_ecephys/pipeline-aind+ephys/version-v1.2.2_codebase-v0.3.34_params-1cbdbee_config-7940dfd_attempt-1/dataset_description.json"": ""eb2d9f29-4357-4441-90d2-1c6467278a83""}"		"{""derivatives/dandiset-001747/sub-chip19894/sub-chip19894_ses-recording112_ecephys/pipeline-aind+ephys/version-v1.2.2_codebase-v0.3.34_params-1cbdbee_config-7940dfd_attempt-1/logs/dag.html"": ""374d93d6-f54a-49e3-9bd4-23cc49c2e489"", ""derivatives/dandiset-001747/sub-chip19894/sub-chip19894_ses-recording112_ecephys/pipeline-aind+ephys/version-v1.2.2_codebase-v0.3.34_params-1cbdbee_config-7940dfd_attempt-1/logs/job-15972517_slurm.log"": ""cfb60f18-751b-4be3-9630-328d5fdd8cac"", ""derivatives/dandiset-001747/sub-chip19894/sub-chip19894_ses-recording112_ecephys/pipeline-aind+ephys/version-v1.2.2_codebase-v0.3.34_params-1cbdbee_config-7940dfd_attempt-1/logs/nextflow.log"": ""36dcabc3-1e83-4168-961b-8763de4bccf9"", ""derivatives/dandiset-001747/sub-chip19894/sub-chip19894_ses-recording112_ecephys/pipeline-aind+ephys/version-v1.2.2_codebase-v0.3.34_params-1cbdbee_config-7940dfd_attempt-1/logs/report.html"": ""914a539c-76f4-43ed-83ce-17b1606b34e7"", ""derivatives/dandiset-001747/sub-chip19894/sub-chip19894_ses-recording112_ecephys/pipeline-aind+ephys/version-v1.2.2_codebase-v0.3.34_params-1cbdbee_config-7940dfd_attempt-1/logs/timeline.html"": ""790d0ee5-0908-45a9-8872-8acb7fce51aa"", ""derivatives/dandiset-001747/sub-chip19894/sub-chip19894_ses-recording112_ecephys/pipeline-aind+ephys/version-v1.2.2_codebase-v0.3.34_params-1cbdbee_config-7940dfd_attempt-1/logs/trace.txt"": ""1f3cdeec-ab36-48f9-9e25-63b281f3c918""}"	2026-09-08T18:35:27.157164-04:00	2026-09-08T18:35:29.010798-04:00
001747	sub-chip19894/sub-chip19894_ses-recording133_ecephys.nwb	aind+ephys	v1.2.4	1cbdbee	7940dfd	1	v0.3.42	e4f9cd62-7104-48b9-9638-f663454cd9db	9444622165	True	True	False	True	"{""derivatives/dandiset-001747/sub-chip19894/sub-chip19894_ses-recording133_ecephys/pipeline-aind+ephys/version-v1.2.4_codebase-v0.3.42_params-1cbdbee_config-7940dfd_attempt-1/dataset_description.json"": ""5a8d6c22-f8dc-4640-af2b-eb21cf8f3074""}"		"{""derivatives/dandiset-001747/sub-chip19894/sub-chip19894_ses-recording133_ecephys/pipeline-aind+ephys/version-v1.2.4_codebase-v0.3.42_params-1cbdbee_config-7940dfd_attempt-1/logs/job-16257567_slurm.log"": ""b6d0bb15-8834-4a9c-be43-e5d51dbde3f6"", ""derivatives/dandiset-001747/sub-chip19894/sub-chip19894_ses-recording133_ecephys/pipeline-aind+ephys/version-v1.2.4_codebase-v0.3.42_params-1cbdbee_config-7940dfd_attempt-1/logs/nextflow.log"": ""cd5c2b1c-6580-4ad2-b164-64181351c906""}"	2026-06-22T16:48:23.830193-04:00	2026-06-22T16:48:24.370186-04:00
001747	sub-chip19894/sub-chip19894_ses-recording141_ecephys.nwb	aind+ephys	v1.2.4	1cbdbee	7940dfd	1	v0.3.46	98e35c09-4497-454c-9b75-6cda0bb15217	10137287039	True	True	False	True	"{""derivatives/dandiset-001747/sub-chip19894/sub-chip19894_ses-recording141_ecephys/pipeline-aind+ephys/version-v1.2.4_codebase-v0.3.46_params-1cbdbee_config-7940dfd_attempt-1/dataset_description.json"": ""b3254258-3121-4c11-a20f-a78cf37b07d3""}"		"{""derivatives/dandiset-001747/sub-chip19894/sub-chip19894_ses-recording141_ecephys/pipeline-aind+ephys/version-v1.2.4_codebase-v0.3.46_params-1cbdbee_config-7940dfd_attempt-1/logs/dag.html"": ""374d93d6-f54a-49e3-9bd4-23cc49c2e489"", ""derivatives/dandiset-001747/sub-chip19894/sub-chip19894_ses-recording141_ecephys/pipeline-aind+ephys/version-v1.2.4_codebase-v0.3.46_params-1cbdbee_config-7940dfd_attempt-1/logs/job-17312021_slurm.log"": ""eff76d82-bdbf-4ae4-9e51-349b526d5d11"", ""derivatives/dandiset-001747/sub-chip19894/sub-chip19894_ses-recording141_ecephys/pipeline-aind+ephys/version-v1.2.4_codebase-v0.3.46_params-1cbdbee_config-7940dfd_attempt-1/logs/nextflow.log"": ""f2cdca18-3848-43f1-b103-d6502ce63b6a"", ""derivatives/dandiset-001747/sub-chip19894/sub-chip19894_ses-recording141_ecephys/pipeline-aind+ephys/version-v1.2.4_codebase-v0.3.46_params-1cbdbee_config-7940dfd_attempt-1/logs/report.html"": ""86ca204e-05c6-439b-ad8b-9916b80e0b6c"", ""derivatives/dandiset-001747/sub-chip19894/sub-chip19894_ses-recording141_ecephys/pipeline-aind+ephys/version-v1.2.4_codebase-v0.3.46_params-1cbdbee_config-7940dfd_attempt-1/logs/timeline.html"": ""cf449793-25c7-4015-bfbc-ff43899d863c"", ""derivatives/dandiset-001747/sub-chip19894/sub-chip19894_ses-recording141_ecephys/pipeline-aind+ephys/version-v1.2.4_codebase-v0.3.46_params-1cbdbee_config-7940dfd_attempt-1/logs/trace.txt"": ""1feb9c82-3faf-4375-8f97-3080812e286e""}"	2026-09-08T18:35:42.335592-04:00	2026-09-08T18:35:43.894166-04:00
001747	sub-chip19894/sub-chip19894_ses-recording144_ecephys.nwb	aind+ephys	v1.2.4	1cbdbee	7940dfd	1	v0.3.49	98da1d69-73da-41bd-870c-d05d7bc514da	10410362434	True	True	False	True	"{""derivatives/dandiset-001747/sub-chip19894/sub-chip19894_ses-recording144_ecephys/pipeline-aind+ephys/version-v1.2.4_codebase-v0.3.49_params-1cbdbee_config-7940dfd_attempt-1/dataset_description.json"": ""b77ccd0f-1962-459f-9ec5-75f5e89f29c0""}"		"{""derivatives/dandiset-001747/sub-chip19894/sub-chip19894_ses-recording144_ecephys/pipeline-aind+ephys/version-v1.2.4_codebase-v0.3.49_params-1cbdbee_config-7940dfd_attempt-1/logs/dag.html"": ""374d93d6-f54a-49e3-9bd4-23cc49c2e489"", ""derivatives/dandiset-001747/sub-chip19894/sub-chip19894_ses-recording144_ecephys/pipeline-aind+ephys/version-v1.2.4_codebase-v0.3.49_params-1cbdbee_config-7940dfd_attempt-1/logs/job-18086256_slurm.log"": ""406506c2-bfb0-480b-ab04-1b3a43c70656"", ""derivatives/dandiset-001747/sub-chip19894/sub-chip19894_ses-recording144_ecephys/pipeline-aind+ephys/version-v1.2.4_codebase-v0.3.49_params-1cbdbee_config-7940dfd_attempt-1/logs/nextflow.log"": ""a7be9769-c0c1-43c0-894b-8773a2f0a6c8"", ""derivatives/dandiset-001747/sub-chip19894/sub-chip19894_ses-recording144_ecephys/pipeline-aind+ephys/version-v1.2.4_codebase-v0.3.49_params-1cbdbee_config-7940dfd_attempt-1/logs/report.html"": ""910317c1-4877-4f1b-8176-dc41f21f184c"", ""derivatives/dandiset-001747/sub-chip19894/sub-chip19894_ses-recording144_ecephys/pipeline-aind+ephys/version-v1.2.4_codebase-v0.3.49_params-1cbdbee_config-7940dfd_attempt-1/logs/timeline.html"": ""3e02f903-2d98-4eaa-8b80-bcc3954a6b13"", ""derivatives/dandiset-001747/sub-chip19894/sub-chip19894_ses-recording144_ecephys/pipeline-aind+ephys/version-v1.2.4_codebase-v0.3.49_params-1cbdbee_config-7940dfd_attempt-1/logs/trace.txt"": ""43e5feb9-e97b-4ae1-a47f-4eafe5229d44""}"	2026-09-08T18:35:56.126955-04:00	2026-09-08T18:35:57.584837-04:00
001747	sub-chip19894/sub-chip19894_ses-recording147_ecephys.nwb	aind+ephys	v1.2.4	1cbdbee	7940dfd	1	v0.3.39	26b79b88-53f9-4da0-9c8e-3f38790c14a8	10061925176	True	True	False	True	"{""derivatives/dandiset-001747/sub-chip19894/sub-chip19894_ses-recording147_ecephys/pipeline-aind+ephys/version-v1.2.4_codebase-v0.3.39_params-1cbdbee_config-7940dfd_attempt-1/dataset_description.json"": ""9025e9a2-3eb3-40ce-b6d3-1c1fe908a64c""}"		"{""derivatives/dandiset-001747/sub-chip19894/sub-chip19894_ses-recording147_ecephys/pipeline-aind+ephys/version-v1.2.4_codebase-v0.3.39_params-1cbdbee_config-7940dfd_attempt-1/logs/dag.html"": ""374d93d6-f54a-49e3-9bd4-23cc49c2e489"", ""derivatives/dandiset-001747/sub-chip19894/sub-chip19894_ses-recording147_ecephys/pipeline-aind+ephys/version-v1.2.4_codebase-v0.3.39_params-1cbdbee_config-7940dfd_attempt-1/logs/job-16175045_slurm.log"": ""1820c524-9cff-4e0c-902e-0ddc822d25f3"", ""derivatives/dandiset-001747/sub-chip19894/sub-chip19894_ses-recording147_ecephys/pipeline-aind+ephys/version-v1.2.4_codebase-v0.3.39_params-1cbdbee_config-7940dfd_attempt-1/logs/nextflow.log"": ""cbd66efe-cee3-4f1a-83b2-a226b5e82099"", ""derivatives/dandiset-001747/sub-chip19894/sub-chip19894_ses-recording147_ecephys/pipeline-aind+ephys/version-v1.2.4_codebase-v0.3.39_params-1cbdbee_config-7940dfd_attempt-1/logs/report.html"": ""eed0a080-8ea6-4dee-9f7a-6bde58e61faa"", ""derivatives/dandiset-001747/sub-chip19894/sub-chip19894_ses-recording147_ecephys/pipeline-aind+ephys/version-v1.2.4_codebase-v0.3.39_params-1cbdbee_config-7940dfd_attempt-1/logs/timeline.html"": ""eb815518-c0c2-4842-9157-16f23fffbd03"", ""derivatives/dandiset-001747/sub-chip19894/sub-chip19894_ses-recording147_ecephys/pipeline-aind+ephys/version-v1.2.4_codebase-v0.3.39_params-1cbdbee_config-7940dfd_attempt-1/logs/trace.txt"": ""aa4b0f34-7a68-4844-bc78-72237c4bba6e""}"	2026-09-08T18:36:10.128568-04:00	2026-09-08T18:36:11.449915-04:00
001747	sub-chip19894/sub-chip19894_ses-recording154_ecephys.nwb	aind+ephys	v1.2.2	1cbdbee	7940dfd	1	v0.3.28	d36fe945-2829-4203-a179-99644b7d0f9b	9218210427	True	True	False	True	"{""derivatives/dandiset-001747/sub-chip19894/sub-chip19894_ses-recording154_ecephys/pipeline-aind+ephys/version-v1.2.2_codebase-v0.3.28_params-1cbdbee_config-7940dfd_attempt-1/dataset_description.json"": ""897e5b73-3c23-4620-a6df-81d891967e78""}"		"{""derivatives/dandiset-001747/sub-chip19894/sub-chip19894_ses-recording154_ecephys/pipeline-aind+ephys/version-v1.2.2_codebase-v0.3.28_params-1cbdbee_config-7940dfd_attempt-1/logs/dag.html"": ""374d93d6-f54a-49e3-9bd4-23cc49c2e489"", ""derivatives/dandiset-001747/sub-chip19894/sub-chip19894_ses-recording154_ecephys/pipeline-aind+ephys/version-v1.2.2_codebase-v0.3.28_params-1cbdbee_config-7940dfd_attempt-1/logs/job-15881508_slurm.log"": ""e53f64cc-3cc6-4224-9bce-c65beef97216"", ""derivatives/dandiset-001747/sub-chip19894/sub-chip19894_ses-recording154_ecephys/pipeline-aind+ephys/version-v1.2.2_codebase-v0.3.28_params-1cbdbee_config-7940dfd_attempt-1/logs/nextflow.log"": ""f2659392-8eb8-4e7f-94a5-316c399d22d8"", ""derivatives/dandiset-001747/sub-chip19894/sub-chip19894_ses-recording154_ecephys/pipeline-aind+ephys/version-v1.2.2_codebase-v0.3.28_params-1cbdbee_config-7940dfd_attempt-1/logs/report.html"": ""aaa83a1a-0bc9-4f69-856b-f2d0016e81d2"", ""derivatives/dandiset-001747/sub-chip19894/sub-chip19894_ses-recording154_ecephys/pipeline-aind+ephys/version-v1.2.2_codebase-v0.3.28_params-1cbdbee_config-7940dfd_attempt-1/logs/timeline.html"": ""5b3a53f7-587d-499b-a13f-eacfc593e5ec"", ""derivatives/dandiset-001747/sub-chip19894/sub-chip19894_ses-recording154_ecephys/pipeline-aind+ephys/version-v1.2.2_codebase-v0.3.28_params-1cbdbee_config-7940dfd_attempt-1/logs/trace.txt"": ""90989418-4e97-44ab-be16-5c30be8300cb""}"	2026-09-08T18:36:22.922135-04:00	2026-09-08T18:36:24.512976-04:00
001747	sub-chip19894/sub-chip19894_ses-recording160_ecephys.nwb	aind+ephys	v1.2.2	1cbdbee	7940dfd	1	v0.3.34	7e5a29fb-4171-4966-98eb-c5a97324301a	8652440159	True	True	False	True	"{""derivatives/dandiset-001747/sub-chip19894/sub-chip19894_ses-recording160_ecephys/pipeline-aind+ephys/version-v1.2.2_codebase-v0.3.34_params-1cbdbee_config-7940dfd_attempt-1/dataset_description.json"": ""eb2d9f29-4357-4441-90d2-1c6467278a83""}"		"{""derivatives/dandiset-001747/sub-chip19894/sub-chip19894_ses-recording160_ecephys/pipeline-aind+ephys/version-v1.2.2_codebase-v0.3.34_params-1cbdbee_config-7940dfd_attempt-1/logs/dag.html"": ""374d93d6-f54a-49e3-9bd4-23cc49c2e489"", ""derivatives/dandiset-001747/sub-chip19894/sub-chip19894_ses-recording160_ecephys/pipeline-aind+ephys/version-v1.2.2_codebase-v0.3.34_params-1cbdbee_config-7940dfd_attempt-1/logs/job-15973466_slurm.log"": ""07fbb1d7-db54-4810-95f9-947cd082bd62"", ""derivatives/dandiset-001747/sub-chip19894/sub-chip19894_ses-recording160_ecephys/pipeline-aind+ephys/version-v1.2.2_codebase-v0.3.34_params-1cbdbee_config-7940dfd_attempt-1/logs/nextflow.log"": ""970b82e2-debd-4a21-877a-d538f8234913"", ""derivatives/dandiset-001747/sub-chip19894/sub-chip19894_ses-recording160_ecephys/pipeline-aind+ephys/version-v1.2.2_codebase-v0.3.34_params-1cbdbee_config-7940dfd_attempt-1/logs/report.html"": ""86aebf01-1bbf-4b58-b3a0-b0ec8f8e7cb2"", ""derivatives/dandiset-001747/sub-chip19894/sub-chip19894_ses-recording160_ecephys/pipeline-aind+ephys/version-v1.2.2_codebase-v0.3.34_params-1cbdbee_config-7940dfd_attempt-1/logs/timeline.html"": ""e183961c-d928-424e-867f-39e6de2db583"", ""derivatives/dandiset-001747/sub-chip19894/sub-chip19894_ses-recording160_ecephys/pipeline-aind+ephys/version-v1.2.2_codebase-v0.3.34_params-1cbdbee_config-7940dfd_attempt-1/logs/trace.txt"": ""77536f28-1ed0-4e2e-8f9a-be45b4237413""}"	2026-09-08T18:36:35.957368-04:00	2026-09-08T18:36:37.468098-04:00
001765	sourcedata/sub-NP04/ecephys/sub-NP04_ecephys.nwb	aind+ephys	v1.2.4	1cbdbee	7940dfd	1	v0.3.49	d763d7c6-475e-4887-97bc-4976d0375ce3	166742941575	True	True	False	True	"{""derivatives/dandiset-001765/sourcedata/sub-NP04/ecephys/sub-NP04_ecephys/pipeline-aind+ephys/version-v1.2.4_codebase-v0.3.49_params-1cbdbee_config-7940dfd_attempt-1/dataset_description.json"": ""39eae9f5-eb45-4316-9a0d-a891e48be4eb""}"		"{""derivatives/dandiset-001765/sourcedata/sub-NP04/ecephys/sub-NP04_ecephys/pipeline-aind+ephys/version-v1.2.4_codebase-v0.3.49_params-1cbdbee_config-7940dfd_attempt-1/logs/dag.html"": ""374d93d6-f54a-49e3-9bd4-23cc49c2e489"", ""derivatives/dandiset-001765/sourcedata/sub-NP04/ecephys/sub-NP04_ecephys/pipeline-aind+ephys/version-v1.2.4_codebase-v0.3.49_params-1cbdbee_config-7940dfd_attempt-1/logs/job-17856436_slurm.log"": ""3286ae47-b16b-4a4d-b2ec-6a7bb6d8e728"", ""derivatives/dandiset-001765/sourcedata/sub-NP04/ecephys/sub-NP04_ecephys/pipeline-aind+ephys/version-v1.2.4_codebase-v0.3.49_params-1cbdbee_config-7940dfd_attempt-1/logs/nextflow.log"": ""d8b63956-d1a5-43d2-b131-0547076ae931"", ""derivatives/dandiset-001765/sourcedata/sub-NP04/ecephys/sub-NP04_ecephys/pipeline-aind+ephys/version-v1.2.4_codebase-v0.3.49_params-1cbdbee_config-7940dfd_attempt-1/logs/report.html"": ""f7ce8cfc-73f9-473b-b57b-9a2b743fc9e0"", ""derivatives/dandiset-001765/sourcedata/sub-NP04/ecephys/sub-NP04_ecephys/pipeline-aind+ephys/version-v1.2.4_codebase-v0.3.49_params-1cbdbee_config-7940dfd_attempt-1/logs/timeline.html"": ""c17abdbe-3e47-4074-9cb9-1f962dec5aa9"", ""derivatives/dandiset-001765/sourcedata/sub-NP04/ecephys/sub-NP04_ecephys/pipeline-aind+ephys/version-v1.2.4_codebase-v0.3.49_params-1cbdbee_config-7940dfd_attempt-1/logs/trace.txt"": ""4a35dbf5-1236-4009-93b3-5dd1084e9c29""}"	2026-09-08T18:36:48.874618-04:00	2026-09-08T18:36:50.411328-04:00
001765	sourcedata/sub-NP04/ecephys/sub-NP04_ecephys.nwb	aind+ephys	v1.2.4	1cbdbee	7940dfd	2	v0.3.49	d763d7c6-475e-4887-97bc-4976d0375ce3	166742941575	True	True	False	True	"{""derivatives/dandiset-001765/sourcedata/sub-NP04/ecephys/sub-NP04_ecephys/pipeline-aind+ephys/version-v1.2.4_codebase-v0.3.49_params-1cbdbee_config-7940dfd_attempt-2/dataset_description.json"": ""39eae9f5-eb45-4316-9a0d-a891e48be4eb""}"		"{""derivatives/dandiset-001765/sourcedata/sub-NP04/ecephys/sub-NP04_ecephys/pipeline-aind+ephys/version-v1.2.4_codebase-v0.3.49_params-1cbdbee_config-7940dfd_attempt-2/logs/dag.html"": ""374d93d6-f54a-49e3-9bd4-23cc49c2e489"", ""derivatives/dandiset-001765/sourcedata/sub-NP04/ecephys/sub-NP04_ecephys/pipeline-aind+ephys/version-v1.2.4_codebase-v0.3.49_params-1cbdbee_config-7940dfd_attempt-2/logs/job-17871276_slurm.log"": ""fe231072-15bd-42a1-a52e-40649a63d7d6"", ""derivatives/dandiset-001765/sourcedata/sub-NP04/ecephys/sub-NP04_ecephys/pipeline-aind+ephys/version-v1.2.4_codebase-v0.3.49_params-1cbdbee_config-7940dfd_attempt-2/logs/nextflow.log"": ""70d72bd6-63b9-4e83-a7aa-c75e617a48ee"", ""derivatives/dandiset-001765/sourcedata/sub-NP04/ecephys/sub-NP04_ecephys/pipeline-aind+ephys/version-v1.2.4_codebase-v0.3.49_params-1cbdbee_config-7940dfd_attempt-2/logs/report.html"": ""0cc419a7-1765-4246-b25e-1881328886c7"", ""derivatives/dandiset-001765/sourcedata/sub-NP04/ecephys/sub-NP04_ecephys/pipeline-aind+ephys/version-v1.2.4_codebase-v0.3.49_params-1cbdbee_config-7940dfd_attempt-2/logs/timeline.html"": ""29c89448-e78a-47fc-97af-6eda2a1b7389"", ""derivatives/dandiset-001765/sourcedata/sub-NP04/ecephys/sub-NP04_ecephys/pipeline-aind+ephys/version-v1.2.4_codebase-v0.3.49_params-1cbdbee_config-7940dfd_attempt-2/logs/trace.txt"": ""729e6dd0-01b0-41e0-8e00-5f01761e1175""}"	2026-09-08T18:37:02.244200-04:00	2026-09-08T18:37:04.114558-04:00
001765	sourcedata/sub-NP07/ecephys/sub-NP07_ecephys.nwb	aind+ephys	v1.3.2	4e89ec7	7940dfd	1	v0.3.54	c64fb18c-ffa5-4eb5-98ed-4c6c2047ab7a	175036988310	True	True	False	True	"{""derivatives/dandiset-001765/sourcedata/sub-NP07/ecephys/sub-NP07_ecephys/pipeline-aind+ephys/version-v1.3.2_codebase-v0.3.54_params-4e89ec7_config-7940dfd_attempt-1/dataset_description.json"": ""ab59c832-a17f-4c09-8cee-d03c2a145a8e""}"		"{""derivatives/dandiset-001765/sourcedata/sub-NP07/ecephys/sub-NP07_ecephys/pipeline-aind+ephys/version-v1.3.2_codebase-v0.3.54_params-4e89ec7_config-7940dfd_attempt-1/logs/dag.html"": ""374d93d6-f54a-49e3-9bd4-23cc49c2e489"", ""derivatives/dandiset-001765/sourcedata/sub-NP07/ecephys/sub-NP07_ecephys/pipeline-aind+ephys/version-v1.3.2_codebase-v0.3.54_params-4e89ec7_config-7940dfd_attempt-1/logs/job-22366264_slurm.log"": ""8590fe6e-3289-4793-8e63-496ceb6a53e2"", ""derivatives/dandiset-001765/sourcedata/sub-NP07/ecephys/sub-NP07_ecephys/pipeline-aind+ephys/version-v1.3.2_codebase-v0.3.54_params-4e89ec7_config-7940dfd_attempt-1/logs/nextflow.log"": ""b4d13bb9-5e67-409b-bb55-21c1b39ad63a"", ""derivatives/dandiset-001765/sourcedata/sub-NP07/ecephys/sub-NP07_ecephys/pipeline-aind+ephys/version-v1.3.2_codebase-v0.3.54_params-4e89ec7_config-7940dfd_attempt-1/logs/report.html"": ""e77c4473-e452-49f2-9a01-3e6572678015"", ""derivatives/dandiset-001765/sourcedata/sub-NP07/ecephys/sub-NP07_ecephys/pipeline-aind+ephys/version-v1.3.2_codebase-v0.3.54_params-4e89ec7_config-7940dfd_attempt-1/logs/timeline.html"": ""a4199abc-f135-4e2b-bc8a-1d9deb003548"", ""derivatives/dandiset-001765/sourcedata/sub-NP07/ecephys/sub-NP07_ecephys/pipeline-aind+ephys/version-v1.3.2_codebase-v0.3.54_params-4e89ec7_config-7940dfd_attempt-1/logs/trace.txt"": ""41421a8a-e961-4c46-9263-2ec7fb2634fb""}"	2026-09-09T09:55:40.528830-04:00	2026-09-09T09:55:42.018381-04:00
001765	sub-NP06/sub-NP06_ecephys.nwb	aind+ephys	v1.2.2	1cbdbee	0d4bf36	1	v0.3.25			True	True	False	True	"{""derivatives/dandiset-001765/sub-NP06/sub-NP06_ecephys/pipeline-aind+ephys/version-v1.2.2_codebase-v0.3.25_params-1cbdbee_config-0d4bf36_attempt-1/dataset_description.json"": ""e7958362-126d-46c0-aa95-66e559d354bd""}"		"{""derivatives/dandiset-001765/sub-NP06/sub-NP06_ecephys/pipeline-aind+ephys/version-v1.2.2_codebase-v0.3.25_params-1cbdbee_config-0d4bf36_attempt-1/logs/dag.html"": ""374d93d6-f54a-49e3-9bd4-23cc49c2e489"", ""derivatives/dandiset-001765/sub-NP06/sub-NP06_ecephys/pipeline-aind+ephys/version-v1.2.2_codebase-v0.3.25_params-1cbdbee_config-0d4bf36_attempt-1/logs/job-15881511_slurm.log"": ""4c855087-05c3-4f92-9736-2872af7be149"", ""derivatives/dandiset-001765/sub-NP06/sub-NP06_ecephys/pipeline-aind+ephys/version-v1.2.2_codebase-v0.3.25_params-1cbdbee_config-0d4bf36_attempt-1/logs/nextflow.log"": ""739381f8-c630-4138-8e84-af8b5a382e3c"", ""derivatives/dandiset-001765/sub-NP06/sub-NP06_ecephys/pipeline-aind+ephys/version-v1.2.2_codebase-v0.3.25_params-1cbdbee_config-0d4bf36_attempt-1/logs/report.html"": ""2ac89e36-15ef-405e-a502-4f08d5e6e78b"", ""derivatives/dandiset-001765/sub-NP06/sub-NP06_ecephys/pipeline-aind+ephys/version-v1.2.2_codebase-v0.3.25_params-1cbdbee_config-0d4bf36_attempt-1/logs/timeline.html"": ""3bec0a28-511d-4caf-bf1f-d227499cf464"", ""derivatives/dandiset-001765/sub-NP06/sub-NP06_ecephys/pipeline-aind+ephys/version-v1.2.2_codebase-v0.3.25_params-1cbdbee_config-0d4bf36_attempt-1/logs/trace.txt"": ""ed0f0f23-d81c-4e31-b49c-1fa632b6307b""}"	2026-09-08T18:37:16.291920-04:00	2026-09-08T18:37:17.761415-04:00
001765	sub-NP06/sub-NP06_ecephys.nwb	aind+ephys	v1.2.2	1cbdbee	0d4bf36	1	v0.3.27			True	True	False	True	"{""derivatives/dandiset-001765/sub-NP06/sub-NP06_ecephys/pipeline-aind+ephys/version-v1.2.2_codebase-v0.3.27_params-1cbdbee_config-0d4bf36_attempt-1/dataset_description.json"": ""4f646900-5ff6-4ed1-9757-a5783aaddfe5""}"		"{""derivatives/dandiset-001765/sub-NP06/sub-NP06_ecephys/pipeline-aind+ephys/version-v1.2.2_codebase-v0.3.27_params-1cbdbee_config-0d4bf36_attempt-1/logs/dag.html"": ""374d93d6-f54a-49e3-9bd4-23cc49c2e489"", ""derivatives/dandiset-001765/sub-NP06/sub-NP06_ecephys/pipeline-aind+ephys/version-v1.2.2_codebase-v0.3.27_params-1cbdbee_config-0d4bf36_attempt-1/logs/job-15881512_slurm.log"": ""648eeba7-2005-48da-ad8c-8413264d9e04"", ""derivatives/dandiset-001765/sub-NP06/sub-NP06_ecephys/pipeline-aind+ephys/version-v1.2.2_codebase-v0.3.27_params-1cbdbee_config-0d4bf36_attempt-1/logs/nextflow.log"": ""60ef768b-c01f-4e52-96ef-c90fd468b01d"", ""derivatives/dandiset-001765/sub-NP06/sub-NP06_ecephys/pipeline-aind+ephys/version-v1.2.2_codebase-v0.3.27_params-1cbdbee_config-0d4bf36_attempt-1/logs/report.html"": ""8b964200-74d1-4a11-989a-5554daea460f"", ""derivatives/dandiset-001765/sub-NP06/sub-NP06_ecephys/pipeline-aind+ephys/version-v1.2.2_codebase-v0.3.27_params-1cbdbee_config-0d4bf36_attempt-1/logs/timeline.html"": ""0d586b1a-7f8d-4ce8-b843-6a0da7cdb616"", ""derivatives/dandiset-001765/sub-NP06/sub-NP06_ecephys/pipeline-aind+ephys/version-v1.2.2_codebase-v0.3.27_params-1cbdbee_config-0d4bf36_attempt-1/logs/trace.txt"": ""933447d9-7fc7-4282-9df2-a1d916875cc4""}"	2026-09-08T18:37:29.459658-04:00	2026-09-08T18:37:31.082100-04:00
001765	sub-NP06/sub-NP06_ecephys.nwb	aind+ephys	v1.2.2	1cbdbee	7940dfd	1	v0.3.28			True	True	False	True	"{""derivatives/dandiset-001765/sub-NP06/sub-NP06_ecephys/pipeline-aind+ephys/version-v1.2.2_codebase-v0.3.28_params-1cbdbee_config-7940dfd_attempt-1/dataset_description.json"": ""2f9305aa-6f94-4119-b979-164e427e0246""}"		"{""derivatives/dandiset-001765/sub-NP06/sub-NP06_ecephys/pipeline-aind+ephys/version-v1.2.2_codebase-v0.3.28_params-1cbdbee_config-7940dfd_attempt-1/logs/dag.html"": ""374d93d6-f54a-49e3-9bd4-23cc49c2e489"", ""derivatives/dandiset-001765/sub-NP06/sub-NP06_ecephys/pipeline-aind+ephys/version-v1.2.2_codebase-v0.3.28_params-1cbdbee_config-7940dfd_attempt-1/logs/job-15881579_slurm.log"": ""92347691-146b-4d08-afa4-34b0f87e89db"", ""derivatives/dandiset-001765/sub-NP06/sub-NP06_ecephys/pipeline-aind+ephys/version-v1.2.2_codebase-v0.3.28_params-1cbdbee_config-7940dfd_attempt-1/logs/nextflow.log"": ""e3977085-7aa9-4f5b-8a30-8451822933cf"", ""derivatives/dandiset-001765/sub-NP06/sub-NP06_ecephys/pipeline-aind+ephys/version-v1.2.2_codebase-v0.3.28_params-1cbdbee_config-7940dfd_attempt-1/logs/report.html"": ""5359b528-47be-453d-b2af-17f26fd271ba"", ""derivatives/dandiset-001765/sub-NP06/sub-NP06_ecephys/pipeline-aind+ephys/version-v1.2.2_codebase-v0.3.28_params-1cbdbee_config-7940dfd_attempt-1/logs/timeline.html"": ""6fa98dc8-0407-4307-bfa3-5ec7366e4967"", ""derivatives/dandiset-001765/sub-NP06/sub-NP06_ecephys/pipeline-aind+ephys/version-v1.2.2_codebase-v0.3.28_params-1cbdbee_config-7940dfd_attempt-1/logs/trace.txt"": ""ae9b7889-0d77-42ef-af1d-ada406665a5a""}"	2026-09-08T18:37:42.526032-04:00	2026-09-08T18:37:44.072671-04:00
001765	sub-NP06/sub-NP06_ecephys.nwb	aind+ephys	v1.2.2	1cbdbee	7940dfd	2	v0.3.28			True	True	False	True	"{""derivatives/dandiset-001765/sub-NP06/sub-NP06_ecephys/pipeline-aind+ephys/version-v1.2.2_codebase-v0.3.28_params-1cbdbee_config-7940dfd_attempt-2/dataset_description.json"": ""2f9305aa-6f94-4119-b979-164e427e0246""}"		"{""derivatives/dandiset-001765/sub-NP06/sub-NP06_ecephys/pipeline-aind+ephys/version-v1.2.2_codebase-v0.3.28_params-1cbdbee_config-7940dfd_attempt-2/logs/dag.html"": ""374d93d6-f54a-49e3-9bd4-23cc49c2e489"", ""derivatives/dandiset-001765/sub-NP06/sub-NP06_ecephys/pipeline-aind+ephys/version-v1.2.2_codebase-v0.3.28_params-1cbdbee_config-7940dfd_attempt-2/logs/job-15882781_slurm.log"": ""ee438a3f-58d9-4446-8e4a-d81e86d2bb5a"", ""derivatives/dandiset-001765/sub-NP06/sub-NP06_ecephys/pipeline-aind+ephys/version-v1.2.2_codebase-v0.3.28_params-1cbdbee_config-7940dfd_attempt-2/logs/nextflow.log"": ""c6eac6bf-b501-4de5-a1db-f2ea25628b73"", ""derivatives/dandiset-001765/sub-NP06/sub-NP06_ecephys/pipeline-aind+ephys/version-v1.2.2_codebase-v0.3.28_params-1cbdbee_config-7940dfd_attempt-2/logs/report.html"": ""855a409a-ab80-4eee-8912-c86f65b7ef02"", ""derivatives/dandiset-001765/sub-NP06/sub-NP06_ecephys/pipeline-aind+ephys/version-v1.2.2_codebase-v0.3.28_params-1cbdbee_config-7940dfd_attempt-2/logs/timeline.html"": ""5996c12c-57d1-4173-a8bd-e9e452b81199"", ""derivatives/dandiset-001765/sub-NP06/sub-NP06_ecephys/pipeline-aind+ephys/version-v1.2.2_codebase-v0.3.28_params-1cbdbee_config-7940dfd_attempt-2/logs/trace.txt"": ""df585728-d4c5-4186-b280-da8292451099""}"	2026-09-08T18:37:54.954072-04:00	2026-09-08T18:37:56.375184-04:00
001765	sub-NP06/sub-NP06_ecephys.nwb	aind+ephys	v1.2.2	1cbdbee	7940dfd	3	v0.3.28			True	True	False	True	"{""derivatives/dandiset-001765/sub-NP06/sub-NP06_ecephys/pipeline-aind+ephys/version-v1.2.2_codebase-v0.3.28_params-1cbdbee_config-7940dfd_attempt-3/dataset_description.json"": ""2f9305aa-6f94-4119-b979-164e427e0246""}"		"{""derivatives/dandiset-001765/sub-NP06/sub-NP06_ecephys/pipeline-aind+ephys/version-v1.2.2_codebase-v0.3.28_params-1cbdbee_config-7940dfd_attempt-3/logs/dag.html"": ""374d93d6-f54a-49e3-9bd4-23cc49c2e489"", ""derivatives/dandiset-001765/sub-NP06/sub-NP06_ecephys/pipeline-aind+ephys/version-v1.2.2_codebase-v0.3.28_params-1cbdbee_config-7940dfd_attempt-3/logs/job-15882784_slurm.log"": ""1712e8e5-b9d2-4c93-8c2a-31cd40085ca8"", ""derivatives/dandiset-001765/sub-NP06/sub-NP06_ecephys/pipeline-aind+ephys/version-v1.2.2_codebase-v0.3.28_params-1cbdbee_config-7940dfd_attempt-3/logs/nextflow.log"": ""01ec5524-5890-4198-bb7e-ffdeda8cc43f"", ""derivatives/dandiset-001765/sub-NP06/sub-NP06_ecephys/pipeline-aind+ephys/version-v1.2.2_codebase-v0.3.28_params-1cbdbee_config-7940dfd_attempt-3/logs/report.html"": ""4a6a80e8-84e5-4101-8d01-5008be7c9841"", ""derivatives/dandiset-001765/sub-NP06/sub-NP06_ecephys/pipeline-aind+ephys/version-v1.2.2_codebase-v0.3.28_params-1cbdbee_config-7940dfd_attempt-3/logs/timeline.html"": ""1df53278-eb77-41f5-bcd1-57f46bef0f94"", ""derivatives/dandiset-001765/sub-NP06/sub-NP06_ecephys/pipeline-aind+ephys/version-v1.2.2_codebase-v0.3.28_params-1cbdbee_config-7940dfd_attempt-3/logs/trace.txt"": ""5aa29f36-3138-4764-a3cb-9963862fb5d3""}"	2026-09-08T18:38:07.220394-04:00	2026-09-08T18:38:08.623332-04:00
001765	sub-NP06/sub-NP06_ecephys.nwb	aind+ephys	v1.2.2	1cbdbee	7940dfd	4	v0.3.28			True	True	False	True	"{""derivatives/dandiset-001765/sub-NP06/sub-NP06_ecephys/pipeline-aind+ephys/version-v1.2.2_codebase-v0.3.28_params-1cbdbee_config-7940dfd_attempt-4/dataset_description.json"": ""2f9305aa-6f94-4119-b979-164e427e0246""}"		"{""derivatives/dandiset-001765/sub-NP06/sub-NP06_ecephys/pipeline-aind+ephys/version-v1.2.2_codebase-v0.3.28_params-1cbdbee_config-7940dfd_attempt-4/logs/dag.html"": ""374d93d6-f54a-49e3-9bd4-23cc49c2e489"", ""derivatives/dandiset-001765/sub-NP06/sub-NP06_ecephys/pipeline-aind+ephys/version-v1.2.2_codebase-v0.3.28_params-1cbdbee_config-7940dfd_attempt-4/logs/job-15882825_slurm.log"": ""9d5a8e62-8e98-43a5-8b6b-1e9757de078a"", ""derivatives/dandiset-001765/sub-NP06/sub-NP06_ecephys/pipeline-aind+ephys/version-v1.2.2_codebase-v0.3.28_params-1cbdbee_config-7940dfd_attempt-4/logs/nextflow.log"": ""19b45178-ed7d-466a-a0b6-2231addcfa7c"", ""derivatives/dandiset-001765/sub-NP06/sub-NP06_ecephys/pipeline-aind+ephys/version-v1.2.2_codebase-v0.3.28_params-1cbdbee_config-7940dfd_attempt-4/logs/report.html"": ""5b2bc2d9-56a2-4ed0-805b-1484efb76c1a"", ""derivatives/dandiset-001765/sub-NP06/sub-NP06_ecephys/pipeline-aind+ephys/version-v1.2.2_codebase-v0.3.28_params-1cbdbee_config-7940dfd_attempt-4/logs/timeline.html"": ""87ff74e7-d03c-4afe-839f-0f617e321bb1"", ""derivatives/dandiset-001765/sub-NP06/sub-NP06_ecephys/pipeline-aind+ephys/version-v1.2.2_codebase-v0.3.28_params-1cbdbee_config-7940dfd_attempt-4/logs/trace.txt"": ""9d097431-9055-419c-9cf7-159ed892c8f1""}"	2026-09-08T18:38:20.158709-04:00	2026-09-08T18:38:22.123748-04:00
001765	sub-NP06/sub-NP06_ecephys.nwb	aind+ephys	v1.2.2	1cbdbee	7940dfd	5	v0.3.28			True	True	False	True	"{""derivatives/dandiset-001765/sub-NP06/sub-NP06_ecephys/pipeline-aind+ephys/version-v1.2.2_codebase-v0.3.28_params-1cbdbee_config-7940dfd_attempt-5/dataset_description.json"": ""2f9305aa-6f94-4119-b979-164e427e0246""}"		"{""derivatives/dandiset-001765/sub-NP06/sub-NP06_ecephys/pipeline-aind+ephys/version-v1.2.2_codebase-v0.3.28_params-1cbdbee_config-7940dfd_attempt-5/logs/dag.html"": ""374d93d6-f54a-49e3-9bd4-23cc49c2e489"", ""derivatives/dandiset-001765/sub-NP06/sub-NP06_ecephys/pipeline-aind+ephys/version-v1.2.2_codebase-v0.3.28_params-1cbdbee_config-7940dfd_attempt-5/logs/job-15884095_slurm.log"": ""92866106-d344-463b-865d-ecf98088109c"", ""derivatives/dandiset-001765/sub-NP06/sub-NP06_ecephys/pipeline-aind+ephys/version-v1.2.2_codebase-v0.3.28_params-1cbdbee_config-7940dfd_attempt-5/logs/nextflow.log"": ""dcdb0fa8-58ba-4f79-80e9-e35ab4b2c365"", ""derivatives/dandiset-001765/sub-NP06/sub-NP06_ecephys/pipeline-aind+ephys/version-v1.2.2_codebase-v0.3.28_params-1cbdbee_config-7940dfd_attempt-5/logs/report.html"": ""32ff2ea6-8e3c-41f3-b1c7-15452fac146e"", ""derivatives/dandiset-001765/sub-NP06/sub-NP06_ecephys/pipeline-aind+ephys/version-v1.2.2_codebase-v0.3.28_params-1cbdbee_config-7940dfd_attempt-5/logs/timeline.html"": ""98a14d90-8cb5-48e7-a465-27d8865022e1"", ""derivatives/dandiset-001765/sub-NP06/sub-NP06_ecephys/pipeline-aind+ephys/version-v1.2.2_codebase-v0.3.28_params-1cbdbee_config-7940dfd_attempt-5/logs/trace.txt"": ""4597e85c-aa63-4aca-baf4-e41506cf3c6d""}"	2026-09-08T18:38:35.849379-04:00	2026-09-08T18:38:37.789696-04:00
001788	sub-BPO5/sub-BPO5_ses-250825-BPO5-day2_ecephys.nwb	aind+ephys	v1.2.4	1cbdbee	7940dfd	1	v0.3.49	765963cc-3139-4ea8-afc8-4507c9a796e1	10411248007	True	True	False	True	"{""derivatives/dandiset-001788/sub-BPO5/sub-BPO5_ses-250825-BPO5-day2_ecephys/pipeline-aind+ephys/version-v1.2.4_codebase-v0.3.49_params-1cbdbee_config-7940dfd_attempt-1/dataset_description.json"": ""dd19f9f1-8e17-4bb3-8451-6ef465ce5ddd""}"		"{""derivatives/dandiset-001788/sub-BPO5/sub-BPO5_ses-250825-BPO5-day2_ecephys/pipeline-aind+ephys/version-v1.2.4_codebase-v0.3.49_params-1cbdbee_config-7940dfd_attempt-1/logs/dag.html"": ""374d93d6-f54a-49e3-9bd4-23cc49c2e489"", ""derivatives/dandiset-001788/sub-BPO5/sub-BPO5_ses-250825-BPO5-day2_ecephys/pipeline-aind+ephys/version-v1.2.4_codebase-v0.3.49_params-1cbdbee_config-7940dfd_attempt-1/logs/job-17966043_slurm.log"": ""21cf26f0-f793-4af2-a194-0d0b2468b5ee"", ""derivatives/dandiset-001788/sub-BPO5/sub-BPO5_ses-250825-BPO5-day2_ecephys/pipeline-aind+ephys/version-v1.2.4_codebase-v0.3.49_params-1cbdbee_config-7940dfd_attempt-1/logs/nextflow.log"": ""5c141b24-f224-4829-ab88-42c823c519b9"", ""derivatives/dandiset-001788/sub-BPO5/sub-BPO5_ses-250825-BPO5-day2_ecephys/pipeline-aind+ephys/version-v1.2.4_codebase-v0.3.49_params-1cbdbee_config-7940dfd_attempt-1/logs/report.html"": ""f9a37c1d-dbc2-4222-8640-9c50d9bc75f6"", ""derivatives/dandiset-001788/sub-BPO5/sub-BPO5_ses-250825-BPO5-day2_ecephys/pipeline-aind+ephys/version-v1.2.4_codebase-v0.3.49_params-1cbdbee_config-7940dfd_attempt-1/logs/timeline.html"": ""b7dcbc0c-7eb7-41c1-bbdb-174180acf5a3"", ""derivatives/dandiset-001788/sub-BPO5/sub-BPO5_ses-250825-BPO5-day2_ecephys/pipeline-aind+ephys/version-v1.2.4_codebase-v0.3.49_params-1cbdbee_config-7940dfd_attempt-1/logs/trace.txt"": ""e609b702-e78c-4573-ae00-d26dfa18726a""}"	2026-09-08T18:38:49.952472-04:00	2026-09-08T18:38:51.288806-04:00
001788	sub-BQD3/sub-BQD3_ses-250914-BQD3-day2_ecephys.nwb	aind+ephys	v1.2.4	1cbdbee	7940dfd	1	v0.3.49	4ea224c7-81a0-4b09-8edb-6fb388bbd619	10642049430	True	True	False	True	"{""derivatives/dandiset-001788/sub-BQD3/sub-BQD3_ses-250914-BQD3-day2_ecephys/pipeline-aind+ephys/version-v1.2.4_codebase-v0.3.49_params-1cbdbee_config-7940dfd_attempt-1/dataset_description.json"": ""dd19f9f1-8e17-4bb3-8451-6ef465ce5ddd""}"		"{""derivatives/dandiset-001788/sub-BQD3/sub-BQD3_ses-250914-BQD3-day2_ecephys/pipeline-aind+ephys/version-v1.2.4_codebase-v0.3.49_params-1cbdbee_config-7940dfd_attempt-1/logs/dag.html"": ""374d93d6-f54a-49e3-9bd4-23cc49c2e489"", ""derivatives/dandiset-001788/sub-BQD3/sub-BQD3_ses-250914-BQD3-day2_ecephys/pipeline-aind+ephys/version-v1.2.4_codebase-v0.3.49_params-1cbdbee_config-7940dfd_attempt-1/logs/job-18305081_slurm.log"": ""ea472797-793e-4cc9-a204-1d649f540785"", ""derivatives/dandiset-001788/sub-BQD3/sub-BQD3_ses-250914-BQD3-day2_ecephys/pipeline-aind+ephys/version-v1.2.4_codebase-v0.3.49_params-1cbdbee_config-7940dfd_attempt-1/logs/nextflow.log"": ""42d5b883-4b39-494f-9b2f-67ffe7254715"", ""derivatives/dandiset-001788/sub-BQD3/sub-BQD3_ses-250914-BQD3-day2_ecephys/pipeline-aind+ephys/version-v1.2.4_codebase-v0.3.49_params-1cbdbee_config-7940dfd_attempt-1/logs/report.html"": ""eeea99d6-11c0-4ce3-9ace-f0dcef84b011"", ""derivatives/dandiset-001788/sub-BQD3/sub-BQD3_ses-250914-BQD3-day2_ecephys/pipeline-aind+ephys/version-v1.2.4_codebase-v0.3.49_params-1cbdbee_config-7940dfd_attempt-1/logs/timeline.html"": ""10d866c3-c9bd-4a9c-a7d3-63dc2a76c371"", ""derivatives/dandiset-001788/sub-BQD3/sub-BQD3_ses-250914-BQD3-day2_ecephys/pipeline-aind+ephys/version-v1.2.4_codebase-v0.3.49_params-1cbdbee_config-7940dfd_attempt-1/logs/trace.txt"": ""73000a0c-7083-4c57-bbe3-1beafaa92024""}"	2026-09-08T18:39:04.221598-04:00	2026-09-08T18:39:05.613946-04:00
001788	sub-BQE3/sub-BQE3_ses-250912-BQE3-day1_ecephys.nwb	aind+ephys	v1.2.2	1cbdbee	0d4bf36	1	v0.3.27	8c0347d0-ad35-407f-a2fa-9b7640ee40c7	10379230099	True	True	False	True	"{""derivatives/dandiset-001788/sub-BQE3/sub-BQE3_ses-250912-BQE3-day1_ecephys/pipeline-aind+ephys/version-v1.2.2_codebase-v0.3.27_params-1cbdbee_config-0d4bf36_attempt-1/dataset_description.json"": ""d185f902-c91a-4f77-a3cc-706cd6e77a46""}"		"{""derivatives/dandiset-001788/sub-BQE3/sub-BQE3_ses-250912-BQE3-day1_ecephys/pipeline-aind+ephys/version-v1.2.2_codebase-v0.3.27_params-1cbdbee_config-0d4bf36_attempt-1/logs/dag.html"": ""374d93d6-f54a-49e3-9bd4-23cc49c2e489"", ""derivatives/dandiset-001788/sub-BQE3/sub-BQE3_ses-250912-BQE3-day1_ecephys/pipeline-aind+ephys/version-v1.2.2_codebase-v0.3.27_params-1cbdbee_config-0d4bf36_attempt-1/logs/job-15884099_slurm.log"": ""5c41c6c9-efac-4864-9f4c-d8cdc61dfe8a"", ""derivatives/dandiset-001788/sub-BQE3/sub-BQE3_ses-250912-BQE3-day1_ecephys/pipeline-aind+ephys/version-v1.2.2_codebase-v0.3.27_params-1cbdbee_config-0d4bf36_attempt-1/logs/nextflow.log"": ""f90eeb5f-c1d2-4ede-b07e-4249b7113d5f"", ""derivatives/dandiset-001788/sub-BQE3/sub-BQE3_ses-250912-BQE3-day1_ecephys/pipeline-aind+ephys/version-v1.2.2_codebase-v0.3.27_params-1cbdbee_config-0d4bf36_attempt-1/logs/report.html"": ""3a2de938-cfef-4a72-b738-4604c8f01060"", ""derivatives/dandiset-001788/sub-BQE3/sub-BQE3_ses-250912-BQE3-day1_ecephys/pipeline-aind+ephys/version-v1.2.2_codebase-v0.3.27_params-1cbdbee_config-0d4bf36_attempt-1/logs/timeline.html"": ""91474654-df6a-4063-a49b-cc67e00096b9"", ""derivatives/dandiset-001788/sub-BQE3/sub-BQE3_ses-250912-BQE3-day1_ecephys/pipeline-aind+ephys/version-v1.2.2_codebase-v0.3.27_params-1cbdbee_config-0d4bf36_attempt-1/logs/trace.txt"": ""14bd02de-968c-4e4f-a1a2-3a2b4abcb0e5""}"	2026-09-08T18:39:17.517723-04:00	2026-09-08T18:39:18.882369-04:00
001788	sub-BQQ4/sub-BQQ4_ses-251005-BQQ4-day1_ecephys.nwb	aind+ephys	v1.2.2	1cbdbee	0d4bf36	1	v0.3.25	46ad0297-4846-4eca-b52b-494d4097f94c	10678806518	True	True	False	True	"{""derivatives/dandiset-001788/sub-BQQ4/sub-BQQ4_ses-251005-BQQ4-day1_ecephys/pipeline-aind+ephys/version-v1.2.2_codebase-v0.3.25_params-1cbdbee_config-0d4bf36_attempt-1/dataset_description.json"": ""25fe3a19-d82e-4c83-8ef4-8707ab726203""}"		"{""derivatives/dandiset-001788/sub-BQQ4/sub-BQQ4_ses-251005-BQQ4-day1_ecephys/pipeline-aind+ephys/version-v1.2.2_codebase-v0.3.25_params-1cbdbee_config-0d4bf36_attempt-1/logs/dag.html"": ""374d93d6-f54a-49e3-9bd4-23cc49c2e489"", ""derivatives/dandiset-001788/sub-BQQ4/sub-BQQ4_ses-251005-BQQ4-day1_ecephys/pipeline-aind+ephys/version-v1.2.2_codebase-v0.3.25_params-1cbdbee_config-0d4bf36_attempt-1/logs/job-15884100_slurm.log"": ""3a6a8299-ed33-47c8-ac01-b6a066acaa0d"", ""derivatives/dandiset-001788/sub-BQQ4/sub-BQQ4_ses-251005-BQQ4-day1_ecephys/pipeline-aind+ephys/version-v1.2.2_codebase-v0.3.25_params-1cbdbee_config-0d4bf36_attempt-1/logs/nextflow.log"": ""11a8f5d0-d78d-44ae-b40d-b50b9a249dbc"", ""derivatives/dandiset-001788/sub-BQQ4/sub-BQQ4_ses-251005-BQQ4-day1_ecephys/pipeline-aind+ephys/version-v1.2.2_codebase-v0.3.25_params-1cbdbee_config-0d4bf36_attempt-1/logs/report.html"": ""ac66e486-dfb2-4e4b-bd76-a0ecf910db6e"", ""derivatives/dandiset-001788/sub-BQQ4/sub-BQQ4_ses-251005-BQQ4-day1_ecephys/pipeline-aind+ephys/version-v1.2.2_codebase-v0.3.25_params-1cbdbee_config-0d4bf36_attempt-1/logs/timeline.html"": ""a7889312-fd07-4831-b923-ef2f41ee54ae"", ""derivatives/dandiset-001788/sub-BQQ4/sub-BQQ4_ses-251005-BQQ4-day1_ecephys/pipeline-aind+ephys/version-v1.2.2_codebase-v0.3.25_params-1cbdbee_config-0d4bf36_attempt-1/logs/trace.txt"": ""3e669d61-6240-43df-bd85-adcc22320ebd""}"	2026-09-08T18:39:32.576929-04:00	2026-09-08T18:39:34.431765-04:00
001788	sub-BQQ4/sub-BQQ4_ses-251007-BQQ4-day3_ecephys.nwb	aind+ephys	v1.2.4	1cbdbee	7940dfd	1	v0.3.49	a6b055f6-77f5-4787-ad93-2d369a2093a3	10457813650	True	True	False	True	"{""derivatives/dandiset-001788/sub-BQQ4/sub-BQQ4_ses-251007-BQQ4-day3_ecephys/pipeline-aind+ephys/version-v1.2.4_codebase-v0.3.49_params-1cbdbee_config-7940dfd_attempt-1/dataset_description.json"": ""dd19f9f1-8e17-4bb3-8451-6ef465ce5ddd""}"		"{""derivatives/dandiset-001788/sub-BQQ4/sub-BQQ4_ses-251007-BQQ4-day3_ecephys/pipeline-aind+ephys/version-v1.2.4_codebase-v0.3.49_params-1cbdbee_config-7940dfd_attempt-1/logs/dag.html"": ""374d93d6-f54a-49e3-9bd4-23cc49c2e489"", ""derivatives/dandiset-001788/sub-BQQ4/sub-BQQ4_ses-251007-BQQ4-day3_ecephys/pipeline-aind+ephys/version-v1.2.4_codebase-v0.3.49_params-1cbdbee_config-7940dfd_attempt-1/logs/job-18983511_slurm.log"": ""26dbedf2-9b27-4f00-a9b8-9a9ab695fe22"", ""derivatives/dandiset-001788/sub-BQQ4/sub-BQQ4_ses-251007-BQQ4-day3_ecephys/pipeline-aind+ephys/version-v1.2.4_codebase-v0.3.49_params-1cbdbee_config-7940dfd_attempt-1/logs/nextflow.log"": ""75782c36-540f-4763-80f7-7497b4030cd4"", ""derivatives/dandiset-001788/sub-BQQ4/sub-BQQ4_ses-251007-BQQ4-day3_ecephys/pipeline-aind+ephys/version-v1.2.4_codebase-v0.3.49_params-1cbdbee_config-7940dfd_attempt-1/logs/report.html"": ""5fdb45d3-3bab-43fd-9750-473ab9f2fc65"", ""derivatives/dandiset-001788/sub-BQQ4/sub-BQQ4_ses-251007-BQQ4-day3_ecephys/pipeline-aind+ephys/version-v1.2.4_codebase-v0.3.49_params-1cbdbee_config-7940dfd_attempt-1/logs/timeline.html"": ""54341a56-d7ce-452d-a54f-39a09d6ba90c"", ""derivatives/dandiset-001788/sub-BQQ4/sub-BQQ4_ses-251007-BQQ4-day3_ecephys/pipeline-aind+ephys/version-v1.2.4_codebase-v0.3.49_params-1cbdbee_config-7940dfd_attempt-1/logs/trace.txt"": ""75ed38d8-9108-4029-b722-23ecdb53e868""}"	2026-09-08T18:39:47.577922-04:00	2026-09-08T18:39:49.188729-04:00
001788	sub-BRD2/sub-BRD2_ses-251012-BRD2-day1_ecephys.nwb	aind+ephys	v1.2.4	1cbdbee	7940dfd	1	v0.3.49	de0886e3-d11a-465e-bb87-b98d2ce3bacc	10785012238	True	True	False	True	"{""derivatives/dandiset-001788/sub-BRD2/sub-BRD2_ses-251012-BRD2-day1_ecephys/pipeline-aind+ephys/version-v1.2.4_codebase-v0.3.49_params-1cbdbee_config-7940dfd_attempt-1/dataset_description.json"": ""dd19f9f1-8e17-4bb3-8451-6ef465ce5ddd""}"		"{""derivatives/dandiset-001788/sub-BRD2/sub-BRD2_ses-251012-BRD2-day1_ecephys/pipeline-aind+ephys/version-v1.2.4_codebase-v0.3.49_params-1cbdbee_config-7940dfd_attempt-1/logs/dag.html"": ""374d93d6-f54a-49e3-9bd4-23cc49c2e489"", ""derivatives/dandiset-001788/sub-BRD2/sub-BRD2_ses-251012-BRD2-day1_ecephys/pipeline-aind+ephys/version-v1.2.4_codebase-v0.3.49_params-1cbdbee_config-7940dfd_attempt-1/logs/job-17673538_slurm.log"": ""d2630071-f774-4c45-9248-90fadef08bb1"", ""derivatives/dandiset-001788/sub-BRD2/sub-BRD2_ses-251012-BRD2-day1_ecephys/pipeline-aind+ephys/version-v1.2.4_codebase-v0.3.49_params-1cbdbee_config-7940dfd_attempt-1/logs/nextflow.log"": ""f735ad5c-6276-4996-aa4b-9cbea1c8a2ce"", ""derivatives/dandiset-001788/sub-BRD2/sub-BRD2_ses-251012-BRD2-day1_ecephys/pipeline-aind+ephys/version-v1.2.4_codebase-v0.3.49_params-1cbdbee_config-7940dfd_attempt-1/logs/report.html"": ""a424b172-d55a-4123-8a6c-90263af22d0f"", ""derivatives/dandiset-001788/sub-BRD2/sub-BRD2_ses-251012-BRD2-day1_ecephys/pipeline-aind+ephys/version-v1.2.4_codebase-v0.3.49_params-1cbdbee_config-7940dfd_attempt-1/logs/timeline.html"": ""a35fbf52-f863-43ae-a302-690561bf306e"", ""derivatives/dandiset-001788/sub-BRD2/sub-BRD2_ses-251012-BRD2-day1_ecephys/pipeline-aind+ephys/version-v1.2.4_codebase-v0.3.49_params-1cbdbee_config-7940dfd_attempt-1/logs/trace.txt"": ""84f3f080-bd65-409a-ba7f-4cc8768cada2""}"	2026-09-08T18:40:02.942552-04:00	2026-09-08T18:40:04.556568-04:00
001788	sub-BRO4/sub-BRO4_ses-251028-BRO4-day2_ecephys.nwb	aind+ephys	v1.2.2	1cbdbee	7940dfd	1	v0.3.28	d9c3c2b9-bc3c-49fd-8476-f442184b4b86	10926112388	True	True	False	True	"{""derivatives/dandiset-001788/sub-BRO4/sub-BRO4_ses-251028-BRO4-day2_ecephys/pipeline-aind+ephys/version-v1.2.2_codebase-v0.3.28_params-1cbdbee_config-7940dfd_attempt-1/dataset_description.json"": ""62bc5fa8-644b-49cc-a7f1-42e92bf0a90f""}"		"{""derivatives/dandiset-001788/sub-BRO4/sub-BRO4_ses-251028-BRO4-day2_ecephys/pipeline-aind+ephys/version-v1.2.2_codebase-v0.3.28_params-1cbdbee_config-7940dfd_attempt-1/logs/dag.html"": ""374d93d6-f54a-49e3-9bd4-23cc49c2e489"", ""derivatives/dandiset-001788/sub-BRO4/sub-BRO4_ses-251028-BRO4-day2_ecephys/pipeline-aind+ephys/version-v1.2.2_codebase-v0.3.28_params-1cbdbee_config-7940dfd_attempt-1/logs/job-15884102_slurm.log"": ""ae8188ba-7dde-4793-8344-9977beea3c4a"", ""derivatives/dandiset-001788/sub-BRO4/sub-BRO4_ses-251028-BRO4-day2_ecephys/pipeline-aind+ephys/version-v1.2.2_codebase-v0.3.28_params-1cbdbee_config-7940dfd_attempt-1/logs/nextflow.log"": ""6dcdfd80-b860-4a74-b69d-eeb97bcb6585"", ""derivatives/dandiset-001788/sub-BRO4/sub-BRO4_ses-251028-BRO4-day2_ecephys/pipeline-aind+ephys/version-v1.2.2_codebase-v0.3.28_params-1cbdbee_config-7940dfd_attempt-1/logs/report.html"": ""2fcdf423-bd49-401b-aad9-511f08fae58a"", ""derivatives/dandiset-001788/sub-BRO4/sub-BRO4_ses-251028-BRO4-day2_ecephys/pipeline-aind+ephys/version-v1.2.2_codebase-v0.3.28_params-1cbdbee_config-7940dfd_attempt-1/logs/timeline.html"": ""f1a056ff-06a5-46ae-b79c-a8eddeadcedf"", ""derivatives/dandiset-001788/sub-BRO4/sub-BRO4_ses-251028-BRO4-day2_ecephys/pipeline-aind+ephys/version-v1.2.2_codebase-v0.3.28_params-1cbdbee_config-7940dfd_attempt-1/logs/trace.txt"": ""3e3bb53a-edc5-4e7f-9090-6aa4d3e9a57b""}"	2026-09-08T18:40:16.460970-04:00	2026-09-08T18:40:17.834759-04:00
001788	sub-BTM2/sub-BTM2_ses-260218-BTM2-day1_ecephys.nwb	aind+ephys	v1.2.4	1cbdbee	7940dfd	1	v0.3.49	c94a4324-d802-4f73-8c64-69eda181406f	10614288861	True	True	False	True	"{""derivatives/dandiset-001788/sub-BTM2/sub-BTM2_ses-260218-BTM2-day1_ecephys/pipeline-aind+ephys/version-v1.2.4_codebase-v0.3.49_params-1cbdbee_config-7940dfd_attempt-1/dataset_description.json"": ""dd19f9f1-8e17-4bb3-8451-6ef465ce5ddd""}"		"{""derivatives/dandiset-001788/sub-BTM2/sub-BTM2_ses-260218-BTM2-day1_ecephys/pipeline-aind+ephys/version-v1.2.4_codebase-v0.3.49_params-1cbdbee_config-7940dfd_attempt-1/logs/dag.html"": ""374d93d6-f54a-49e3-9bd4-23cc49c2e489"", ""derivatives/dandiset-001788/sub-BTM2/sub-BTM2_ses-260218-BTM2-day1_ecephys/pipeline-aind+ephys/version-v1.2.4_codebase-v0.3.49_params-1cbdbee_config-7940dfd_attempt-1/logs/job-18505682_slurm.log"": ""f59478ef-0a76-4469-a412-c8376129ff97"", ""derivatives/dandiset-001788/sub-BTM2/sub-BTM2_ses-260218-BTM2-day1_ecephys/pipeline-aind+ephys/version-v1.2.4_codebase-v0.3.49_params-1cbdbee_config-7940dfd_attempt-1/logs/nextflow.log"": ""1a9b5919-63d0-4654-b3e0-2068277aa9a0"", ""derivatives/dandiset-001788/sub-BTM2/sub-BTM2_ses-260218-BTM2-day1_ecephys/pipeline-aind+ephys/version-v1.2.4_codebase-v0.3.49_params-1cbdbee_config-7940dfd_attempt-1/logs/report.html"": ""e5a6f36f-e15f-47c7-abf1-63505f5f5bdd"", ""derivatives/dandiset-001788/sub-BTM2/sub-BTM2_ses-260218-BTM2-day1_ecephys/pipeline-aind+ephys/version-v1.2.4_codebase-v0.3.49_params-1cbdbee_config-7940dfd_attempt-1/logs/timeline.html"": ""76231009-2b06-4538-abe4-df0ebd5ebd9c"", ""derivatives/dandiset-001788/sub-BTM2/sub-BTM2_ses-260218-BTM2-day1_ecephys/pipeline-aind+ephys/version-v1.2.4_codebase-v0.3.49_params-1cbdbee_config-7940dfd_attempt-1/logs/trace.txt"": ""c9b4461a-0f26-4ae0-acd1-babdf08e70dd""}"	2026-09-08T18:40:28.468354-04:00	2026-09-08T18:40:30.024348-04:00
001788	sub-BTM3/sub-BTM3_ses-260226-BTM3-day1_ecephys.nwb	aind+ephys	v1.2.2	1cbdbee	7940dfd	1	v0.3.28	f6e5c266-e20e-4c68-88d5-06dc03a283e9	10599946888	True	True	False	True	"{""derivatives/dandiset-001788/sub-BTM3/sub-BTM3_ses-260226-BTM3-day1_ecephys/pipeline-aind+ephys/version-v1.2.2_codebase-v0.3.28_params-1cbdbee_config-7940dfd_attempt-1/dataset_description.json"": ""62bc5fa8-644b-49cc-a7f1-42e92bf0a90f""}"		"{""derivatives/dandiset-001788/sub-BTM3/sub-BTM3_ses-260226-BTM3-day1_ecephys/pipeline-aind+ephys/version-v1.2.2_codebase-v0.3.28_params-1cbdbee_config-7940dfd_attempt-1/logs/dag.html"": ""374d93d6-f54a-49e3-9bd4-23cc49c2e489"", ""derivatives/dandiset-001788/sub-BTM3/sub-BTM3_ses-260226-BTM3-day1_ecephys/pipeline-aind+ephys/version-v1.2.2_codebase-v0.3.28_params-1cbdbee_config-7940dfd_attempt-1/logs/job-15885357_slurm.log"": ""c5219d4a-e45a-4794-b97d-83c292686d2b"", ""derivatives/dandiset-001788/sub-BTM3/sub-BTM3_ses-260226-BTM3-day1_ecephys/pipeline-aind+ephys/version-v1.2.2_codebase-v0.3.28_params-1cbdbee_config-7940dfd_attempt-1/logs/nextflow.log"": ""e55fa0b3-fa3e-4aa0-a02f-e4e93f670f6d"", ""derivatives/dandiset-001788/sub-BTM3/sub-BTM3_ses-260226-BTM3-day1_ecephys/pipeline-aind+ephys/version-v1.2.2_codebase-v0.3.28_params-1cbdbee_config-7940dfd_attempt-1/logs/report.html"": ""9c0b7137-0ba6-497c-a6cb-7ae418021a9f"", ""derivatives/dandiset-001788/sub-BTM3/sub-BTM3_ses-260226-BTM3-day1_ecephys/pipeline-aind+ephys/version-v1.2.2_codebase-v0.3.28_params-1cbdbee_config-7940dfd_attempt-1/logs/timeline.html"": ""f6130646-fd55-405a-8020-30a28a05214a"", ""derivatives/dandiset-001788/sub-BTM3/sub-BTM3_ses-260226-BTM3-day1_ecephys/pipeline-aind+ephys/version-v1.2.2_codebase-v0.3.28_params-1cbdbee_config-7940dfd_attempt-1/logs/trace.txt"": ""2b61cffc-11a0-441d-8d1b-588b1716b7fc""}"	2026-09-08T18:40:40.874741-04:00	2026-09-08T18:40:42.227271-04:00
001788	sub-BTN4/sub-BTN4_ses-260220-BTN4-day1_ecephys.nwb	aind+ephys	v1.2.4	1cbdbee	7940dfd	1	v0.3.49	71f2d457-50b1-449d-a532-8ac2e629d410	10820829598	True	True	False	True	"{""derivatives/dandiset-001788/sub-BTN4/sub-BTN4_ses-260220-BTN4-day1_ecephys/pipeline-aind+ephys/version-v1.2.4_codebase-v0.3.49_params-1cbdbee_config-7940dfd_attempt-1/dataset_description.json"": ""dd19f9f1-8e17-4bb3-8451-6ef465ce5ddd""}"		"{""derivatives/dandiset-001788/sub-BTN4/sub-BTN4_ses-260220-BTN4-day1_ecephys/pipeline-aind+ephys/version-v1.2.4_codebase-v0.3.49_params-1cbdbee_config-7940dfd_attempt-1/logs/dag.html"": ""374d93d6-f54a-49e3-9bd4-23cc49c2e489"", ""derivatives/dandiset-001788/sub-BTN4/sub-BTN4_ses-260220-BTN4-day1_ecephys/pipeline-aind+ephys/version-v1.2.4_codebase-v0.3.49_params-1cbdbee_config-7940dfd_attempt-1/logs/job-18600802_slurm.log"": ""46192d56-4ffb-4024-b706-901952f85b81"", ""derivatives/dandiset-001788/sub-BTN4/sub-BTN4_ses-260220-BTN4-day1_ecephys/pipeline-aind+ephys/version-v1.2.4_codebase-v0.3.49_params-1cbdbee_config-7940dfd_attempt-1/logs/nextflow.log"": ""6dd66cb6-8b9c-4fec-9e66-30e55c521cbf"", ""derivatives/dandiset-001788/sub-BTN4/sub-BTN4_ses-260220-BTN4-day1_ecephys/pipeline-aind+ephys/version-v1.2.4_codebase-v0.3.49_params-1cbdbee_config-7940dfd_attempt-1/logs/report.html"": ""4b309c27-05b8-4240-8aca-a569ea265c6e"", ""derivatives/dandiset-001788/sub-BTN4/sub-BTN4_ses-260220-BTN4-day1_ecephys/pipeline-aind+ephys/version-v1.2.4_codebase-v0.3.49_params-1cbdbee_config-7940dfd_attempt-1/logs/timeline.html"": ""c1791940-7bcc-4a21-bfca-799966433cd5"", ""derivatives/dandiset-001788/sub-BTN4/sub-BTN4_ses-260220-BTN4-day1_ecephys/pipeline-aind+ephys/version-v1.2.4_codebase-v0.3.49_params-1cbdbee_config-7940dfd_attempt-1/logs/trace.txt"": ""71095568-fd9d-441a-b7ed-92d0d1ac131f""}"	2026-09-08T18:40:53.286864-04:00	2026-09-08T18:40:54.569440-04:00
001788	sub-BTT1/sub-BTT1_ses-260216-BTT1-day3_ecephys.nwb	aind+ephys	v1.2.4	1cbdbee	7940dfd	1	v0.3.49	88088101-96d4-4849-a628-7e3a597972dd	10842909165	True	True	False	True	"{""derivatives/dandiset-001788/sub-BTT1/sub-BTT1_ses-260216-BTT1-day3_ecephys/pipeline-aind+ephys/version-v1.2.4_codebase-v0.3.49_params-1cbdbee_config-7940dfd_attempt-1/dataset_description.json"": ""dd19f9f1-8e17-4bb3-8451-6ef465ce5ddd""}"		"{""derivatives/dandiset-001788/sub-BTT1/sub-BTT1_ses-260216-BTT1-day3_ecephys/pipeline-aind+ephys/version-v1.2.4_codebase-v0.3.49_params-1cbdbee_config-7940dfd_attempt-1/logs/dag.html"": ""374d93d6-f54a-49e3-9bd4-23cc49c2e489"", ""derivatives/dandiset-001788/sub-BTT1/sub-BTT1_ses-260216-BTT1-day3_ecephys/pipeline-aind+ephys/version-v1.2.4_codebase-v0.3.49_params-1cbdbee_config-7940dfd_attempt-1/logs/job-18149022_slurm.log"": ""d967dc9f-fbc0-4f61-aab5-10d33f1fbd2a"", ""derivatives/dandiset-001788/sub-BTT1/sub-BTT1_ses-260216-BTT1-day3_ecephys/pipeline-aind+ephys/version-v1.2.4_codebase-v0.3.49_params-1cbdbee_config-7940dfd_attempt-1/logs/nextflow.log"": ""ab94e890-3fd5-4f34-b268-e9611c9e45da"", ""derivatives/dandiset-001788/sub-BTT1/sub-BTT1_ses-260216-BTT1-day3_ecephys/pipeline-aind+ephys/version-v1.2.4_codebase-v0.3.49_params-1cbdbee_config-7940dfd_attempt-1/logs/report.html"": ""45b1fab3-2530-435d-ae8d-9432cf4a8f13"", ""derivatives/dandiset-001788/sub-BTT1/sub-BTT1_ses-260216-BTT1-day3_ecephys/pipeline-aind+ephys/version-v1.2.4_codebase-v0.3.49_params-1cbdbee_config-7940dfd_attempt-1/logs/timeline.html"": ""76bdec96-72f6-49b5-818b-dd1776f58e67"", ""derivatives/dandiset-001788/sub-BTT1/sub-BTT1_ses-260216-BTT1-day3_ecephys/pipeline-aind+ephys/version-v1.2.4_codebase-v0.3.49_params-1cbdbee_config-7940dfd_attempt-1/logs/trace.txt"": ""7919af24-191d-40df-a6e7-6d8d12b19de4""}"	2026-09-08T18:41:05.579181-04:00	2026-09-08T18:41:06.907677-04:00
001788	sub-BTT3/sub-BTT3_ses-260304-BTT3-day7_ecephys.nwb	aind+ephys	v1.2.2	1cbdbee	7940dfd	1	v0.3.28	4fb7392f-d6c6-4d3c-94c7-c20bffbdd735	10987109147	True	True	False	True	"{""derivatives/dandiset-001788/sub-BTT3/sub-BTT3_ses-260304-BTT3-day7_ecephys/pipeline-aind+ephys/version-v1.2.2_codebase-v0.3.28_params-1cbdbee_config-7940dfd_attempt-1/dataset_description.json"": ""62bc5fa8-644b-49cc-a7f1-42e92bf0a90f""}"		"{""derivatives/dandiset-001788/sub-BTT3/sub-BTT3_ses-260304-BTT3-day7_ecephys/pipeline-aind+ephys/version-v1.2.2_codebase-v0.3.28_params-1cbdbee_config-7940dfd_attempt-1/logs/dag.html"": ""374d93d6-f54a-49e3-9bd4-23cc49c2e489"", ""derivatives/dandiset-001788/sub-BTT3/sub-BTT3_ses-260304-BTT3-day7_ecephys/pipeline-aind+ephys/version-v1.2.2_codebase-v0.3.28_params-1cbdbee_config-7940dfd_attempt-1/logs/job-15885365_slurm.log"": ""40cc5a1b-d7d8-493d-a117-676ebe1f3702"", ""derivatives/dandiset-001788/sub-BTT3/sub-BTT3_ses-260304-BTT3-day7_ecephys/pipeline-aind+ephys/version-v1.2.2_codebase-v0.3.28_params-1cbdbee_config-7940dfd_attempt-1/logs/nextflow.log"": ""c17eb402-77e6-47b2-ba11-a5b47e01fa2a"", ""derivatives/dandiset-001788/sub-BTT3/sub-BTT3_ses-260304-BTT3-day7_ecephys/pipeline-aind+ephys/version-v1.2.2_codebase-v0.3.28_params-1cbdbee_config-7940dfd_attempt-1/logs/report.html"": ""a2a87c22-2cab-4e54-99b7-cdf6a7807210"", ""derivatives/dandiset-001788/sub-BTT3/sub-BTT3_ses-260304-BTT3-day7_ecephys/pipeline-aind+ephys/version-v1.2.2_codebase-v0.3.28_params-1cbdbee_config-7940dfd_attempt-1/logs/timeline.html"": ""568ceb38-242c-4257-96f8-d16a3986f12e"", ""derivatives/dandiset-001788/sub-BTT3/sub-BTT3_ses-260304-BTT3-day7_ecephys/pipeline-aind+ephys/version-v1.2.2_codebase-v0.3.28_params-1cbdbee_config-7940dfd_attempt-1/logs/trace.txt"": ""4a4c0b5d-c8bb-4d9b-93ed-10b2fc4c8d76""}"	2026-09-08T18:41:18.041654-04:00	2026-09-08T18:41:19.397759-04:00
001788	sub-BUF4/sub-BUF4_ses-260221-BUF4-day2_ecephys.nwb	aind+ephys	v1.2.2	1cbdbee	0d4bf36	1	v0.3.27	5f80d21f-e08e-49bf-91b2-5c916b69545e	10799952447	True	True	False	True	"{""derivatives/dandiset-001788/sub-BUF4/sub-BUF4_ses-260221-BUF4-day2_ecephys/pipeline-aind+ephys/version-v1.2.2_codebase-v0.3.27_params-1cbdbee_config-0d4bf36_attempt-1/dataset_description.json"": ""d185f902-c91a-4f77-a3cc-706cd6e77a46""}"		"{""derivatives/dandiset-001788/sub-BUF4/sub-BUF4_ses-260221-BUF4-day2_ecephys/pipeline-aind+ephys/version-v1.2.2_codebase-v0.3.27_params-1cbdbee_config-0d4bf36_attempt-1/logs/dag.html"": ""374d93d6-f54a-49e3-9bd4-23cc49c2e489"", ""derivatives/dandiset-001788/sub-BUF4/sub-BUF4_ses-260221-BUF4-day2_ecephys/pipeline-aind+ephys/version-v1.2.2_codebase-v0.3.27_params-1cbdbee_config-0d4bf36_attempt-1/logs/job-15885377_slurm.log"": ""56fdb0c9-64bb-483b-9f7a-bc7be9f59d92"", ""derivatives/dandiset-001788/sub-BUF4/sub-BUF4_ses-260221-BUF4-day2_ecephys/pipeline-aind+ephys/version-v1.2.2_codebase-v0.3.27_params-1cbdbee_config-0d4bf36_attempt-1/logs/nextflow.log"": ""c963016f-6195-49e5-9d5a-3098f8a942bd"", ""derivatives/dandiset-001788/sub-BUF4/sub-BUF4_ses-260221-BUF4-day2_ecephys/pipeline-aind+ephys/version-v1.2.2_codebase-v0.3.27_params-1cbdbee_config-0d4bf36_attempt-1/logs/report.html"": ""48699350-834f-4f61-8e19-606c5974faee"", ""derivatives/dandiset-001788/sub-BUF4/sub-BUF4_ses-260221-BUF4-day2_ecephys/pipeline-aind+ephys/version-v1.2.2_codebase-v0.3.27_params-1cbdbee_config-0d4bf36_attempt-1/logs/timeline.html"": ""a9cb7c02-a5f2-4056-86ca-91f2f838c7c9"", ""derivatives/dandiset-001788/sub-BUF4/sub-BUF4_ses-260221-BUF4-day2_ecephys/pipeline-aind+ephys/version-v1.2.2_codebase-v0.3.27_params-1cbdbee_config-0d4bf36_attempt-1/logs/trace.txt"": ""0ae11a14-8852-458b-9581-f35a32bfb9b8""}"	2026-09-08T18:41:31.016411-04:00	2026-09-08T18:41:32.407628-04:00
001827	sub-240530/sub-240530_ses-2_ecephys.nwb	aind+ephys	v1.2.2	1cbdbee	0d4bf36	1	v0.3.25	7ffca5a5-2d15-4f46-9ccf-9002958b4665	14719174	True	True	False	True	"{""derivatives/dandiset-001827/sub-240530/sub-240530_ses-2_ecephys/pipeline-aind+ephys/version-v1.2.2_codebase-v0.3.25_params-1cbdbee_config-0d4bf36_attempt-1/dataset_description.json"": ""2983ef51-5afc-4586-bf4a-d50117bbd114""}"		"{""derivatives/dandiset-001827/sub-240530/sub-240530_ses-2_ecephys/pipeline-aind+ephys/version-v1.2.2_codebase-v0.3.25_params-1cbdbee_config-0d4bf36_attempt-1/logs/dag.html"": ""374d93d6-f54a-49e3-9bd4-23cc49c2e489"", ""derivatives/dandiset-001827/sub-240530/sub-240530_ses-2_ecephys/pipeline-aind+ephys/version-v1.2.2_codebase-v0.3.25_params-1cbdbee_config-0d4bf36_attempt-1/logs/job-15886015_slurm.log"": ""7960feb2-76e3-45a0-a89b-9247e26281ee"", ""derivatives/dandiset-001827/sub-240530/sub-240530_ses-2_ecephys/pipeline-aind+ephys/version-v1.2.2_codebase-v0.3.25_params-1cbdbee_config-0d4bf36_attempt-1/logs/nextflow.log"": ""459d211d-52e0-4a5d-94bc-7898276c6fee"", ""derivatives/dandiset-001827/sub-240530/sub-240530_ses-2_ecephys/pipeline-aind+ephys/version-v1.2.2_codebase-v0.3.25_params-1cbdbee_config-0d4bf36_attempt-1/logs/report.html"": ""df185f44-5646-4995-afd4-da2491959c0c"", ""derivatives/dandiset-001827/sub-240530/sub-240530_ses-2_ecephys/pipeline-aind+ephys/version-v1.2.2_codebase-v0.3.25_params-1cbdbee_config-0d4bf36_attempt-1/logs/timeline.html"": ""d4dc2806-170c-40c9-a349-6b07ab3d4f34"", ""derivatives/dandiset-001827/sub-240530/sub-240530_ses-2_ecephys/pipeline-aind+ephys/version-v1.2.2_codebase-v0.3.25_params-1cbdbee_config-0d4bf36_attempt-1/logs/trace.txt"": ""6bdcd02d-cee9-4b40-a40b-61da35a0ff10""}"	2026-09-08T18:41:44.217286-04:00	2026-09-08T18:41:45.932437-04:00
001827	sub-240530/sub-240530_ses-8_ecephys.nwb	aind+ephys	v1.2.2	1cbdbee	7940dfd	1	v0.3.28	277f76ff-832d-452d-8a03-513417702949	15771899	True	True	False	True	"{""derivatives/dandiset-001827/sub-240530/sub-240530_ses-8_ecephys/pipeline-aind+ephys/version-v1.2.2_codebase-v0.3.28_params-1cbdbee_config-7940dfd_attempt-1/dataset_description.json"": ""fe29d8f8-5aac-4717-babd-699c9f553200""}"		"{""derivatives/dandiset-001827/sub-240530/sub-240530_ses-8_ecephys/pipeline-aind+ephys/version-v1.2.2_codebase-v0.3.28_params-1cbdbee_config-7940dfd_attempt-1/logs/dag.html"": ""374d93d6-f54a-49e3-9bd4-23cc49c2e489"", ""derivatives/dandiset-001827/sub-240530/sub-240530_ses-8_ecephys/pipeline-aind+ephys/version-v1.2.2_codebase-v0.3.28_params-1cbdbee_config-7940dfd_attempt-1/logs/job-15886018_slurm.log"": ""a34ba35b-f39b-4b80-96f9-f0992e6641be"", ""derivatives/dandiset-001827/sub-240530/sub-240530_ses-8_ecephys/pipeline-aind+ephys/version-v1.2.2_codebase-v0.3.28_params-1cbdbee_config-7940dfd_attempt-1/logs/nextflow.log"": ""cfe43a84-0939-4c41-bbe0-7f2ad57d8900"", ""derivatives/dandiset-001827/sub-240530/sub-240530_ses-8_ecephys/pipeline-aind+ephys/version-v1.2.2_codebase-v0.3.28_params-1cbdbee_config-7940dfd_attempt-1/logs/report.html"": ""85d83d18-d286-443b-876d-2b2727937ff2"", ""derivatives/dandiset-001827/sub-240530/sub-240530_ses-8_ecephys/pipeline-aind+ephys/version-v1.2.2_codebase-v0.3.28_params-1cbdbee_config-7940dfd_attempt-1/logs/timeline.html"": ""338d40b8-3606-476e-b3ee-66bf1de45ca7"", ""derivatives/dandiset-001827/sub-240530/sub-240530_ses-8_ecephys/pipeline-aind+ephys/version-v1.2.2_codebase-v0.3.28_params-1cbdbee_config-7940dfd_attempt-1/logs/trace.txt"": ""398802a3-5b87-47b7-9116-09c76b65d3ac""}"	2026-09-08T18:41:59.242601-04:00	2026-09-08T18:42:00.646201-04:00
001850	sub-hCO-MEA-Fluidpocket-3/sub-hCO-MEA-Fluidpocket-3_ses-20260216T154348_ecephys+ophys.nwb	aind+ephys	v1.2.2	1cbdbee	0d4bf36	1	v0.3.25	6dabfd0b-86ad-41c4-9859-f683ae120996	756568807	True	True	False	True	"{""derivatives/dandiset-001850/sub-hCO-MEA-Fluidpocket-3/sub-hCO-MEA-Fluidpocket-3_ses-20260216T154348_ecephys+ophys/pipeline-aind+ephys/version-v1.2.2_codebase-v0.3.25_params-1cbdbee_config-0d4bf36_attempt-1/dataset_description.json"": ""c98c8044-9390-44e2-bb24-a6b083707e6e""}"		"{""derivatives/dandiset-001850/sub-hCO-MEA-Fluidpocket-3/sub-hCO-MEA-Fluidpocket-3_ses-20260216T154348_ecephys+ophys/pipeline-aind+ephys/version-v1.2.2_codebase-v0.3.25_params-1cbdbee_config-0d4bf36_attempt-1/logs/dag.html"": ""374d93d6-f54a-49e3-9bd4-23cc49c2e489"", ""derivatives/dandiset-001850/sub-hCO-MEA-Fluidpocket-3/sub-hCO-MEA-Fluidpocket-3_ses-20260216T154348_ecephys+ophys/pipeline-aind+ephys/version-v1.2.2_codebase-v0.3.25_params-1cbdbee_config-0d4bf36_attempt-1/logs/job-15886019_slurm.log"": ""fdc0a470-979a-42bc-beeb-bb7ad9c73afc"", ""derivatives/dandiset-001850/sub-hCO-MEA-Fluidpocket-3/sub-hCO-MEA-Fluidpocket-3_ses-20260216T154348_ecephys+ophys/pipeline-aind+ephys/version-v1.2.2_codebase-v0.3.25_params-1cbdbee_config-0d4bf36_attempt-1/logs/nextflow.log"": ""e7a4b888-cbe2-4587-a8f4-32918940fed8"", ""derivatives/dandiset-001850/sub-hCO-MEA-Fluidpocket-3/sub-hCO-MEA-Fluidpocket-3_ses-20260216T154348_ecephys+ophys/pipeline-aind+ephys/version-v1.2.2_codebase-v0.3.25_params-1cbdbee_config-0d4bf36_attempt-1/logs/report.html"": ""62800f89-6158-4e53-afdf-64b3cc3be798"", ""derivatives/dandiset-001850/sub-hCO-MEA-Fluidpocket-3/sub-hCO-MEA-Fluidpocket-3_ses-20260216T154348_ecephys+ophys/pipeline-aind+ephys/version-v1.2.2_codebase-v0.3.25_params-1cbdbee_config-0d4bf36_attempt-1/logs/timeline.html"": ""343be05f-2bf3-4672-b485-c3e2ebb6b683"", ""derivatives/dandiset-001850/sub-hCO-MEA-Fluidpocket-3/sub-hCO-MEA-Fluidpocket-3_ses-20260216T154348_ecephys+ophys/pipeline-aind+ephys/version-v1.2.2_codebase-v0.3.25_params-1cbdbee_config-0d4bf36_attempt-1/logs/trace.txt"": ""f97c91e2-7ac2-4258-9462-c8d7ae46f690""}"	2026-09-08T18:42:12.049317-04:00	2026-09-08T18:42:13.490001-04:00
001850	sub-hCO-MEA-Fluidpocket-3/sub-hCO-MEA-Fluidpocket-3_ses-20260216T154348_ecephys+ophys.nwb	aind+ephys	v1.2.2	1cbdbee	7940dfd	1	v0.3.28	6dabfd0b-86ad-41c4-9859-f683ae120996	756568807	True	True	False	True	"{""derivatives/dandiset-001850/sub-hCO-MEA-Fluidpocket-3/sub-hCO-MEA-Fluidpocket-3_ses-20260216T154348_ecephys+ophys/pipeline-aind+ephys/version-v1.2.2_codebase-v0.3.28_params-1cbdbee_config-7940dfd_attempt-1/dataset_description.json"": ""00088f02-1440-448c-98c3-74d3ed54bd29""}"		"{""derivatives/dandiset-001850/sub-hCO-MEA-Fluidpocket-3/sub-hCO-MEA-Fluidpocket-3_ses-20260216T154348_ecephys+ophys/pipeline-aind+ephys/version-v1.2.2_codebase-v0.3.28_params-1cbdbee_config-7940dfd_attempt-1/logs/dag.html"": ""374d93d6-f54a-49e3-9bd4-23cc49c2e489"", ""derivatives/dandiset-001850/sub-hCO-MEA-Fluidpocket-3/sub-hCO-MEA-Fluidpocket-3_ses-20260216T154348_ecephys+ophys/pipeline-aind+ephys/version-v1.2.2_codebase-v0.3.28_params-1cbdbee_config-7940dfd_attempt-1/logs/job-15886490_slurm.log"": ""003017e2-a3cf-4a11-97d6-3c348537a136"", ""derivatives/dandiset-001850/sub-hCO-MEA-Fluidpocket-3/sub-hCO-MEA-Fluidpocket-3_ses-20260216T154348_ecephys+ophys/pipeline-aind+ephys/version-v1.2.2_codebase-v0.3.28_params-1cbdbee_config-7940dfd_attempt-1/logs/nextflow.log"": ""bea29ad5-41da-41cd-ad64-7b2bb206c2dd"", ""derivatives/dandiset-001850/sub-hCO-MEA-Fluidpocket-3/sub-hCO-MEA-Fluidpocket-3_ses-20260216T154348_ecephys+ophys/pipeline-aind+ephys/version-v1.2.2_codebase-v0.3.28_params-1cbdbee_config-7940dfd_attempt-1/logs/report.html"": ""e3f55933-f15a-4392-b682-091a8f607f76"", ""derivatives/dandiset-001850/sub-hCO-MEA-Fluidpocket-3/sub-hCO-MEA-Fluidpocket-3_ses-20260216T154348_ecephys+ophys/pipeline-aind+ephys/version-v1.2.2_codebase-v0.3.28_params-1cbdbee_config-7940dfd_attempt-1/logs/timeline.html"": ""b7496e16-86b8-4e21-935a-f8689b40ab93"", ""derivatives/dandiset-001850/sub-hCO-MEA-Fluidpocket-3/sub-hCO-MEA-Fluidpocket-3_ses-20260216T154348_ecephys+ophys/pipeline-aind+ephys/version-v1.2.2_codebase-v0.3.28_params-1cbdbee_config-7940dfd_attempt-1/logs/trace.txt"": ""eb63f1b7-9bb4-4081-b7b1-3d0ec9018da9""}"	2026-09-08T18:42:24.221522-04:00	2026-09-08T18:42:25.593158-04:00
001850	sub-hCO-MEA-Fluidpocket-3/sub-hCO-MEA-Fluidpocket-3_ses-20260216T154348_ecephys+ophys.nwb	aind+ephys	v1.2.2	1cbdbee	7940dfd	2	v0.3.28	6dabfd0b-86ad-41c4-9859-f683ae120996	756568807	True	True	False	True	"{""derivatives/dandiset-001850/sub-hCO-MEA-Fluidpocket-3/sub-hCO-MEA-Fluidpocket-3_ses-20260216T154348_ecephys+ophys/pipeline-aind+ephys/version-v1.2.2_codebase-v0.3.28_params-1cbdbee_config-7940dfd_attempt-2/dataset_description.json"": ""00088f02-1440-448c-98c3-74d3ed54bd29""}"		"{""derivatives/dandiset-001850/sub-hCO-MEA-Fluidpocket-3/sub-hCO-MEA-Fluidpocket-3_ses-20260216T154348_ecephys+ophys/pipeline-aind+ephys/version-v1.2.2_codebase-v0.3.28_params-1cbdbee_config-7940dfd_attempt-2/logs/dag.html"": ""374d93d6-f54a-49e3-9bd4-23cc49c2e489"", ""derivatives/dandiset-001850/sub-hCO-MEA-Fluidpocket-3/sub-hCO-MEA-Fluidpocket-3_ses-20260216T154348_ecephys+ophys/pipeline-aind+ephys/version-v1.2.2_codebase-v0.3.28_params-1cbdbee_config-7940dfd_attempt-2/logs/job-15886493_slurm.log"": ""dfb13719-561a-468a-82c2-3c6515512c47"", ""derivatives/dandiset-001850/sub-hCO-MEA-Fluidpocket-3/sub-hCO-MEA-Fluidpocket-3_ses-20260216T154348_ecephys+ophys/pipeline-aind+ephys/version-v1.2.2_codebase-v0.3.28_params-1cbdbee_config-7940dfd_attempt-2/logs/nextflow.log"": ""4cd53111-8282-4a5e-8668-a227de878c0d"", ""derivatives/dandiset-001850/sub-hCO-MEA-Fluidpocket-3/sub-hCO-MEA-Fluidpocket-3_ses-20260216T154348_ecephys+ophys/pipeline-aind+ephys/version-v1.2.2_codebase-v0.3.28_params-1cbdbee_config-7940dfd_attempt-2/logs/report.html"": ""bb5d5181-c7cb-4280-8c0e-fd3b59a7d105"", ""derivatives/dandiset-001850/sub-hCO-MEA-Fluidpocket-3/sub-hCO-MEA-Fluidpocket-3_ses-20260216T154348_ecephys+ophys/pipeline-aind+ephys/version-v1.2.2_codebase-v0.3.28_params-1cbdbee_config-7940dfd_attempt-2/logs/timeline.html"": ""53dbcb71-86c5-48bc-bac2-8769575b0046"", ""derivatives/dandiset-001850/sub-hCO-MEA-Fluidpocket-3/sub-hCO-MEA-Fluidpocket-3_ses-20260216T154348_ecephys+ophys/pipeline-aind+ephys/version-v1.2.2_codebase-v0.3.28_params-1cbdbee_config-7940dfd_attempt-2/logs/trace.txt"": ""c4b44763-aa04-4e6d-9bc2-6bc37fd00bcb""}"	2026-09-08T18:42:37.232036-04:00	2026-09-08T18:42:38.687912-04:00
001850	sub-hCO-MEA-Fluidpocket-3/sub-hCO-MEA-Fluidpocket-3_ses-20260216T154348_ecephys+ophys.nwb	aind+ephys	v1.2.2	1cbdbee	7940dfd	3	v0.3.28	6dabfd0b-86ad-41c4-9859-f683ae120996	756568807	True	True	False	True	"{""derivatives/dandiset-001850/sub-hCO-MEA-Fluidpocket-3/sub-hCO-MEA-Fluidpocket-3_ses-20260216T154348_ecephys+ophys/pipeline-aind+ephys/version-v1.2.2_codebase-v0.3.28_params-1cbdbee_config-7940dfd_attempt-3/dataset_description.json"": ""00088f02-1440-448c-98c3-74d3ed54bd29""}"		"{""derivatives/dandiset-001850/sub-hCO-MEA-Fluidpocket-3/sub-hCO-MEA-Fluidpocket-3_ses-20260216T154348_ecephys+ophys/pipeline-aind+ephys/version-v1.2.2_codebase-v0.3.28_params-1cbdbee_config-7940dfd_attempt-3/logs/dag.html"": ""374d93d6-f54a-49e3-9bd4-23cc49c2e489"", ""derivatives/dandiset-001850/sub-hCO-MEA-Fluidpocket-3/sub-hCO-MEA-Fluidpocket-3_ses-20260216T154348_ecephys+ophys/pipeline-aind+ephys/version-v1.2.2_codebase-v0.3.28_params-1cbdbee_config-7940dfd_attempt-3/logs/job-15886496_slurm.log"": ""5c745a22-1c3a-4375-8558-d348a9815898"", ""derivatives/dandiset-001850/sub-hCO-MEA-Fluidpocket-3/sub-hCO-MEA-Fluidpocket-3_ses-20260216T154348_ecephys+ophys/pipeline-aind+ephys/version-v1.2.2_codebase-v0.3.28_params-1cbdbee_config-7940dfd_attempt-3/logs/nextflow.log"": ""2d9279f2-92b0-40cd-825c-cf25ed4df966"", ""derivatives/dandiset-001850/sub-hCO-MEA-Fluidpocket-3/sub-hCO-MEA-Fluidpocket-3_ses-20260216T154348_ecephys+ophys/pipeline-aind+ephys/version-v1.2.2_codebase-v0.3.28_params-1cbdbee_config-7940dfd_attempt-3/logs/report.html"": ""9ca70768-d3c8-495c-9d00-aa4ecc1e48d5"", ""derivatives/dandiset-001850/sub-hCO-MEA-Fluidpocket-3/sub-hCO-MEA-Fluidpocket-3_ses-20260216T154348_ecephys+ophys/pipeline-aind+ephys/version-v1.2.2_codebase-v0.3.28_params-1cbdbee_config-7940dfd_attempt-3/logs/timeline.html"": ""93e56a89-e878-4249-aa2d-0b42b01951a3"", ""derivatives/dandiset-001850/sub-hCO-MEA-Fluidpocket-3/sub-hCO-MEA-Fluidpocket-3_ses-20260216T154348_ecephys+ophys/pipeline-aind+ephys/version-v1.2.2_codebase-v0.3.28_params-1cbdbee_config-7940dfd_attempt-3/logs/trace.txt"": ""ed0848c3-beb6-4239-b24d-383415a0b162""}"	2026-09-08T18:42:49.462420-04:00	2026-09-08T18:42:50.834754-04:00
001850	sub-hCO-MEA-Fluidpocket-3/sub-hCO-MEA-Fluidpocket-3_ses-20260216T154348_ecephys+ophys.nwb	aind+ephys	v1.2.4	1cbdbee	7940dfd	1	v0.3.49	6dabfd0b-86ad-41c4-9859-f683ae120996	756568807	True	True	False	True	"{""derivatives/dandiset-001850/sub-hCO-MEA-Fluidpocket-3/sub-hCO-MEA-Fluidpocket-3_ses-20260216T154348_ecephys+ophys/pipeline-aind+ephys/version-v1.2.4_codebase-v0.3.49_params-1cbdbee_config-7940dfd_attempt-1/dataset_description.json"": ""ecb72e17-eeb2-4c75-956a-51f41235785c""}"		"{""derivatives/dandiset-001850/sub-hCO-MEA-Fluidpocket-3/sub-hCO-MEA-Fluidpocket-3_ses-20260216T154348_ecephys+ophys/pipeline-aind+ephys/version-v1.2.4_codebase-v0.3.49_params-1cbdbee_config-7940dfd_attempt-1/logs/dag.html"": ""374d93d6-f54a-49e3-9bd4-23cc49c2e489"", ""derivatives/dandiset-001850/sub-hCO-MEA-Fluidpocket-3/sub-hCO-MEA-Fluidpocket-3_ses-20260216T154348_ecephys+ophys/pipeline-aind+ephys/version-v1.2.4_codebase-v0.3.49_params-1cbdbee_config-7940dfd_attempt-1/logs/job-17968332_slurm.log"": ""3e06f2a7-bc02-47c6-8994-ce7b818ca233"", ""derivatives/dandiset-001850/sub-hCO-MEA-Fluidpocket-3/sub-hCO-MEA-Fluidpocket-3_ses-20260216T154348_ecephys+ophys/pipeline-aind+ephys/version-v1.2.4_codebase-v0.3.49_params-1cbdbee_config-7940dfd_attempt-1/logs/nextflow.log"": ""83652b1a-4810-4596-a6d3-3ec2cca8f4ce"", ""derivatives/dandiset-001850/sub-hCO-MEA-Fluidpocket-3/sub-hCO-MEA-Fluidpocket-3_ses-20260216T154348_ecephys+ophys/pipeline-aind+ephys/version-v1.2.4_codebase-v0.3.49_params-1cbdbee_config-7940dfd_attempt-1/logs/report.html"": ""0fdc7ea7-ae0c-4a8d-a362-f248e993ea3c"", ""derivatives/dandiset-001850/sub-hCO-MEA-Fluidpocket-3/sub-hCO-MEA-Fluidpocket-3_ses-20260216T154348_ecephys+ophys/pipeline-aind+ephys/version-v1.2.4_codebase-v0.3.49_params-1cbdbee_config-7940dfd_attempt-1/logs/timeline.html"": ""8688f8c2-c284-415b-94d8-6c8cfa590995"", ""derivatives/dandiset-001850/sub-hCO-MEA-Fluidpocket-3/sub-hCO-MEA-Fluidpocket-3_ses-20260216T154348_ecephys+ophys/pipeline-aind+ephys/version-v1.2.4_codebase-v0.3.49_params-1cbdbee_config-7940dfd_attempt-1/logs/trace.txt"": ""be278958-da9e-401b-a88d-075df56b8789""}"	2026-09-08T18:43:01.943774-04:00	2026-09-08T18:43:03.554490-04:00
001850	sub-hCO-MEA-Fluidpocket-3/sub-hCO-MEA-Fluidpocket-3_ses-20260216T154348_ecephys+ophys.nwb	aind+ephys	v1.2.4	1cbdbee	7940dfd	2	v0.3.49	6dabfd0b-86ad-41c4-9859-f683ae120996	756568807	True	True	False	True	"{""derivatives/dandiset-001850/sub-hCO-MEA-Fluidpocket-3/sub-hCO-MEA-Fluidpocket-3_ses-20260216T154348_ecephys+ophys/pipeline-aind+ephys/version-v1.2.4_codebase-v0.3.49_params-1cbdbee_config-7940dfd_attempt-2/dataset_description.json"": ""ecb72e17-eeb2-4c75-956a-51f41235785c""}"		"{""derivatives/dandiset-001850/sub-hCO-MEA-Fluidpocket-3/sub-hCO-MEA-Fluidpocket-3_ses-20260216T154348_ecephys+ophys/pipeline-aind+ephys/version-v1.2.4_codebase-v0.3.49_params-1cbdbee_config-7940dfd_attempt-2/logs/dag.html"": ""374d93d6-f54a-49e3-9bd4-23cc49c2e489"", ""derivatives/dandiset-001850/sub-hCO-MEA-Fluidpocket-3/sub-hCO-MEA-Fluidpocket-3_ses-20260216T154348_ecephys+ophys/pipeline-aind+ephys/version-v1.2.4_codebase-v0.3.49_params-1cbdbee_config-7940dfd_attempt-2/logs/job-18150216_slurm.log"": ""600ccddd-fd8d-4c4e-b0de-7d3870362090"", ""derivatives/dandiset-001850/sub-hCO-MEA-Fluidpocket-3/sub-hCO-MEA-Fluidpocket-3_ses-20260216T154348_ecephys+ophys/pipeline-aind+ephys/version-v1.2.4_codebase-v0.3.49_params-1cbdbee_config-7940dfd_attempt-2/logs/nextflow.log"": ""98f33fdd-4a03-40e5-a990-c8af138b49e2"", ""derivatives/dandiset-001850/sub-hCO-MEA-Fluidpocket-3/sub-hCO-MEA-Fluidpocket-3_ses-20260216T154348_ecephys+ophys/pipeline-aind+ephys/version-v1.2.4_codebase-v0.3.49_params-1cbdbee_config-7940dfd_attempt-2/logs/report.html"": ""445e72f7-a38f-4486-8d5a-defa95904556"", ""derivatives/dandiset-001850/sub-hCO-MEA-Fluidpocket-3/sub-hCO-MEA-Fluidpocket-3_ses-20260216T154348_ecephys+ophys/pipeline-aind+ephys/version-v1.2.4_codebase-v0.3.49_params-1cbdbee_config-7940dfd_attempt-2/logs/timeline.html"": ""75fd92a1-1cca-48f6-a328-b0556bfa8f1e"", ""derivatives/dandiset-001850/sub-hCO-MEA-Fluidpocket-3/sub-hCO-MEA-Fluidpocket-3_ses-20260216T154348_ecephys+ophys/pipeline-aind+ephys/version-v1.2.4_codebase-v0.3.49_params-1cbdbee_config-7940dfd_attempt-2/logs/trace.txt"": ""ca0be226-1fff-4a30-967d-bfbc7e617e15""}"	2026-09-08T18:43:14.566866-04:00	2026-09-08T18:43:15.958066-04:00
001850	sub-hCO-MEA-Fluidpocket-3/sub-hCO-MEA-Fluidpocket-3_ses-20260216T154348_ecephys+ophys.nwb	aind+ephys	v1.2.4	1cbdbee	7940dfd	3	v0.3.49	6dabfd0b-86ad-41c4-9859-f683ae120996	756568807	True	True	False	True	"{""derivatives/dandiset-001850/sub-hCO-MEA-Fluidpocket-3/sub-hCO-MEA-Fluidpocket-3_ses-20260216T154348_ecephys+ophys/pipeline-aind+ephys/version-v1.2.4_codebase-v0.3.49_params-1cbdbee_config-7940dfd_attempt-3/dataset_description.json"": ""ecb72e17-eeb2-4c75-956a-51f41235785c""}"		"{""derivatives/dandiset-001850/sub-hCO-MEA-Fluidpocket-3/sub-hCO-MEA-Fluidpocket-3_ses-20260216T154348_ecephys+ophys/pipeline-aind+ephys/version-v1.2.4_codebase-v0.3.49_params-1cbdbee_config-7940dfd_attempt-3/logs/dag.html"": ""374d93d6-f54a-49e3-9bd4-23cc49c2e489"", ""derivatives/dandiset-001850/sub-hCO-MEA-Fluidpocket-3/sub-hCO-MEA-Fluidpocket-3_ses-20260216T154348_ecephys+ophys/pipeline-aind+ephys/version-v1.2.4_codebase-v0.3.49_params-1cbdbee_config-7940dfd_attempt-3/logs/job-18305082_slurm.log"": ""446faf65-8990-4157-8610-53d7014db819"", ""derivatives/dandiset-001850/sub-hCO-MEA-Fluidpocket-3/sub-hCO-MEA-Fluidpocket-3_ses-20260216T154348_ecephys+ophys/pipeline-aind+ephys/version-v1.2.4_codebase-v0.3.49_params-1cbdbee_config-7940dfd_attempt-3/logs/nextflow.log"": ""94c61a8d-dc67-4fce-947f-2f52b057de28"", ""derivatives/dandiset-001850/sub-hCO-MEA-Fluidpocket-3/sub-hCO-MEA-Fluidpocket-3_ses-20260216T154348_ecephys+ophys/pipeline-aind+ephys/version-v1.2.4_codebase-v0.3.49_params-1cbdbee_config-7940dfd_attempt-3/logs/report.html"": ""86a76427-dfb9-4479-b9af-a677274320e3"", ""derivatives/dandiset-001850/sub-hCO-MEA-Fluidpocket-3/sub-hCO-MEA-Fluidpocket-3_ses-20260216T154348_ecephys+ophys/pipeline-aind+ephys/version-v1.2.4_codebase-v0.3.49_params-1cbdbee_config-7940dfd_attempt-3/logs/timeline.html"": ""7cd8afde-40f3-470b-a1a8-b405057acbde"", ""derivatives/dandiset-001850/sub-hCO-MEA-Fluidpocket-3/sub-hCO-MEA-Fluidpocket-3_ses-20260216T154348_ecephys+ophys/pipeline-aind+ephys/version-v1.2.4_codebase-v0.3.49_params-1cbdbee_config-7940dfd_attempt-3/logs/trace.txt"": ""6e7c1c50-1693-4a50-8989-c1c250b3e8ef""}"	2026-09-08T18:43:28.082000-04:00	2026-09-08T18:43:29.533089-04:00
